head,relation,tail,熟悉度-familiarity,实体性-concretness,上级类别,下级类别,覆盖范围-coverage,impair
白菜,是,蔬菜,9.0,9.0,植物,蔬菜,0.767599337,0
白菜,可以,食用,9.0,9.0,植物,蔬菜,0.767599337,1
白菜,是,植物,9.0,9.0,植物,蔬菜,0.767599337,0
白菜,有,叶子,9.0,9.0,植物,蔬菜,0.767599337,0
白菜,需要,水,9.0,9.0,植物,蔬菜,0.767599337,1
白菜,需要,阳光,9.0,9.0,植物,蔬菜,0.767599337,1
白菜,是,白色的,9.0,9.0,植物,蔬菜,0.767599337,0
白菜,是,食物,9.0,9.0,植物,蔬菜,0.767599337,0
白菜,有,菜叶,9.0,9.0,植物,蔬菜,0.767599337,0
白菜,是,绿色的,9.0,9.0,植物,蔬菜,0.767599337,0
白菜,需要,空气,9.0,9.0,植物,蔬菜,0.767599337,1
白菜,有,根,9.0,9.0,植物,蔬菜,0.767599337,1
白菜,可以,炒,9.0,9.0,植物,蔬菜,0.767599337,0
白菜,需要,肥料,9.0,9.0,植物,蔬菜,0.767599337,0
白菜,需要,土,9.0,9.0,植物,蔬菜,0.767599337,0
白菜,有,水,9.0,9.0,植物,蔬菜,0.767599337,0
白菜,有,维生素,9.0,9.0,植物,蔬菜,0.767599337,0
白菜,是,黄色的,9.0,9.0,植物,蔬菜,0.767599337,1
白菜,是,青菜,9.0,9.0,植物,蔬菜,0.767599337,1
白菜,像,卷心菜,9.0,9.0,植物,蔬菜,0.767599337,0
白菜,像,青菜,9.0,9.0,植物,蔬菜,0.767599337,1
白菜,像,娃娃菜,9.0,9.0,植物,蔬菜,0.767599337,0
白菜,像,玉石,9.0,9.0,植物,蔬菜,0.767599337,0
白菜,需要,呼吸,9.0,9.0,植物,蔬菜,0.767599337,0
白菜,需要,清洗,9.0,9.0,植物,蔬菜,0.767599337,1
白菜,需要,种植,9.0,9.0,植物,蔬菜,0.767599337,1
白菜,有,菜根,9.0,9.0,植物,蔬菜,0.767599337,0
白菜,有,茎,9.0,9.0,植物,蔬菜,0.767599337,1
白菜,有,纤维,9.0,9.0,植物,蔬菜,0.767599337,1
白菜,有,营养,9.0,9.0,植物,蔬菜,0.767599337,1
白菜,可以,切,9.0,9.0,植物,蔬菜,0.767599337,0
白菜,可以,腌制,9.0,9.0,植物,蔬菜,0.767599337,1
白菜,是,土中生长的,9.0,9.0,植物,蔬菜,0.767599337,1
白菜,是,椭圆形,9.0,9.0,植物,蔬菜,0.767599337,0
白菜,像,包菜,9.0,9.0,植物,蔬菜,0.767599337,0
白菜,像,翡翠,9.0,9.0,植物,蔬菜,0.767599337,1
白菜,像,花,9.0,9.0,植物,蔬菜,0.767599337,1
白菜,像,胖娃娃,9.0,9.0,植物,蔬菜,0.767599337,1
白菜,像,球,9.0,9.0,植物,蔬菜,0.767599337,0
白菜,需要,买,9.0,9.0,植物,蔬菜,0.767599337,1
白菜,需要,杀虫,9.0,9.0,植物,蔬菜,0.767599337,0
白菜,需要,生长,9.0,9.0,植物,蔬菜,0.767599337,0
白菜,有,白菜帮,9.0,9.0,植物,蔬菜,0.767599337,0
白菜,有,帮子,9.0,9.0,植物,蔬菜,0.767599337,1
白菜,有,菜心,9.0,9.0,植物,蔬菜,0.767599337,0
白菜,有,多种种类,9.0,9.0,植物,蔬菜,0.767599337,0
鼻子,需要,呼吸,9.0,9.0,身体部位,身体部位,0.700202786,0
鼻子,是,器官,9.0,9.0,身体部位,身体部位,0.700202786,1
鼻子,有,鼻孔,9.0,9.0,身体部位,身体部位,0.700202786,1
鼻子,有,毛,9.0,9.0,身体部位,身体部位,0.700202786,0
鼻子,有,鼻毛,9.0,9.0,身体部位,身体部位,0.700202786,0
鼻子,有,孔,9.0,9.0,身体部位,身体部位,0.700202786,0
鼻子,需要,保护,9.0,9.0,身体部位,身体部位,0.700202786,0
鼻子,其他,动物,9.0,9.0,身体部位,身体部位,0.700202786,0
鼻子,是,人的,9.0,9.0,身体部位,身体部位,0.700202786,1
鼻子,是,身体部位,9.0,9.0,身体部位,身体部位,0.700202786,0
鼻子,需要,清洗,9.0,9.0,身体部位,身体部位,0.700202786,1
鼻子,有,鼻涕,9.0,9.0,身体部位,身体部位,0.700202786,0
鼻子,有,两个孔,9.0,9.0,身体部位,身体部位,0.700202786,0
鼻子,可以,闻气味,9.0,9.0,身体部位,身体部位,0.700202786,0
鼻子,可以,嗅,9.0,9.0,身体部位,身体部位,0.700202786,1
鼻子,需要,空气,9.0,9.0,身体部位,身体部位,0.700202786,0
鼻子,像,耳朵,9.0,9.0,身体部位,身体部位,0.700202786,0
鼻子,像,三角形,9.0,9.0,身体部位,身体部位,0.700202786,0
鼻子,像,山,9.0,9.0,身体部位,身体部位,0.700202786,1
鼻子,有,鼻梁,9.0,9.0,身体部位,身体部位,0.700202786,0
鼻子,有,骨骼,9.0,9.0,身体部位,身体部位,0.700202786,0
鼻子,有,肌肉,9.0,9.0,身体部位,身体部位,0.700202786,1
鼻子,可以,呼吸空气,9.0,9.0,身体部位,身体部位,0.700202786,1
鼻子,可以,流鼻血,9.0,9.0,身体部位,身体部位,0.700202786,1
鼻子,可以,擤鼻涕,9.0,9.0,身体部位,身体部位,0.700202786,0
鼻子,是,软的,9.0,9.0,身体部位,身体部位,0.700202786,0
鼻子,是,五官,9.0,9.0,身体部位,身体部位,0.700202786,1
鼻子,像,插座,9.0,9.0,身体部位,身体部位,0.700202786,0
鼻子,像,大蒜,9.0,9.0,身体部位,身体部位,0.700202786,1
鼻子,像,漏斗,9.0,9.0,身体部位,身体部位,0.700202786,0
鼻子,像,山洞,9.0,9.0,身体部位,身体部位,0.700202786,0
鼻子,需要,畅通,9.0,9.0,身体部位,身体部位,0.700202786,0
鼻子,需要,清洁,9.0,9.0,身体部位,身体部位,0.700202786,0
鼻子,需要,清理,9.0,9.0,身体部位,身体部位,0.700202786,0
鼻子,有,毛孔,9.0,9.0,身体部位,身体部位,0.700202786,0
鼻子,有,肉,9.0,9.0,身体部位,身体部位,0.700202786,1
冰箱,需要,电,9.0,9.0,人造物,电器,0.68782897,0
冰箱,是,电器,9.0,9.0,人造物,电器,0.68782897,0
冰箱,可以,冷藏,9.0,9.0,人造物,电器,0.68782897,0
冰箱,可以,冷冻,9.0,9.0,人造物,电器,0.68782897,1
冰箱,可以,保鲜,9.0,9.0,人造物,电器,0.68782897,0
冰箱,是,家里的,9.0,9.0,人造物,电器,0.68782897,1
冰箱,有,门,9.0,9.0,人造物,电器,0.68782897,0
冰箱,可以,保存食物,9.0,9.0,人造物,电器,0.68782897,0
冰箱,是,柜子,9.0,9.0,人造物,电器,0.68782897,1
冰箱,像,衣柜,9.0,9.0,人造物,电器,0.68782897,0
冰箱,可以,储物,9.0,9.0,人造物,电器,0.68782897,0
冰箱,像,箱子,9.0,9.0,人造物,电器,0.68782897,0
冰箱,有,灯,9.0,9.0,人造物,电器,0.68782897,1
冰箱,有,隔层,9.0,9.0,人造物,电器,0.68782897,1
冰箱,需要,清洗,9.0,9.0,人造物,电器,0.68782897,1
冰箱,有,多种型号,9.0,9.0,人造物,电器,0.68782897,1
冰箱,可以,买卖,9.0,9.0,人造物,电器,0.68782897,0
冰箱,是,工具,9.0,9.0,人造物,电器,0.68782897,0
冰箱,是,家具,9.0,9.0,人造物,电器,0.68782897,0
冰箱,是,冷的,9.0,9.0,人造物,电器,0.68782897,1
冰箱,是,长方形,9.0,9.0,人造物,电器,0.68782897,0
冰箱,像,冰窖,9.0,9.0,人造物,电器,0.68782897,0
冰箱,像,洗衣机,9.0,9.0,人造物,电器,0.68782897,1
冰箱,需要,电源,9.0,9.0,人造物,电器,0.68782897,0
冰箱,有,抽屉,9.0,9.0,人造物,电器,0.68782897,0
冰箱,有,多种品牌,9.0,9.0,人造物,电器,0.68782897,0
冰箱,可以,冰冻,9.0,9.0,人造物,电器,0.68782897,1
冰箱,可以,储存食物,9.0,9.0,人造物,电器,0.68782897,0
冰箱,可以,冻冰块,9.0,9.0,人造物,电器,0.68782897,1
冰箱,可以,降温,9.0,9.0,人造物,电器,0.68782897,0
冰箱,是,设备,9.0,9.0,人造物,电器,0.68782897,0
冰箱,像,橱柜,9.0,9.0,人造物,电器,0.68782897,0
冰箱,像,盒子,9.0,9.0,人造物,电器,0.68782897,0
冰箱,像,自动售货机,9.0,9.0,人造物,电器,0.68782897,1
冰箱,需要,保养,9.0,9.0,人造物,电器,0.68782897,0
冰箱,需要,充电,9.0,9.0,人造物,电器,0.68782897,0
冰箱,需要,清洁,9.0,9.0,人造物,电器,0.68782897,0
冰箱,有,多种种类,9.0,9.0,人造物,电器,0.68782897,0
冰箱,有,格子,9.0,9.0,人造物,电器,0.68782897,1
冰箱,有,食物,9.0,9.0,人造物,电器,0.68782897,0
餐桌,是,家具,9.0,9.0,人造物,家具,0.679298093,0
餐桌,是,木的,9.0,9.0,人造物,家具,0.679298093,1
餐桌,有,腿,9.0,9.0,人造物,家具,0.679298093,0
餐桌,可以,进食,9.0,9.0,人造物,家具,0.679298093,0
餐桌,是,桌子,9.0,9.0,人造物,家具,0.679298093,0
餐桌,有,桌面,9.0,9.0,人造物,家具,0.679298093,0
餐桌,可以,储物,9.0,9.0,人造物,家具,0.679298093,0
餐桌,是,方形的,9.0,9.0,人造物,家具,0.679298093,0
餐桌,需要,清洗,9.0,9.0,人造物,家具,0.679298093,1
餐桌,是,圆形,9.0,9.0,人造物,家具,0.679298093,0
餐桌,像,茶几,9.0,9.0,人造物,家具,0.679298093,0
餐桌,需要,制造,9.0,9.0,人造物,家具,0.679298093,0
餐桌,有,多种形状,9.0,9.0,人造物,家具,0.679298093,1
餐桌,有,桌布,9.0,9.0,人造物,家具,0.679298093,0
餐桌,可以,摆放,9.0,9.0,人造物,家具,0.679298093,0
餐桌,像,桌子,9.0,9.0,人造物,家具,0.679298093,0
餐桌,需要,擦,9.0,9.0,人造物,家具,0.679298093,0
餐桌,有,多种种类,9.0,9.0,人造物,家具,0.679298093,0
餐桌,有,四条腿,9.0,9.0,人造物,家具,0.679298093,0
餐桌,是,餐具,9.0,9.0,人造物,家具,0.679298093,0
餐桌,是,工具,9.0,9.0,人造物,家具,0.679298093,1
餐桌,需要,清理,9.0,9.0,人造物,家具,0.679298093,1
餐桌,有,餐具,9.0,9.0,人造物,家具,0.679298093,0
餐桌,有,多种颜色,9.0,9.0,人造物,家具,0.679298093,1
餐桌,可以,放餐具,9.0,9.0,人造物,家具,0.679298093,0
餐桌,可以,放饭菜,9.0,9.0,人造物,家具,0.679298093,1
餐桌,可以,放盘子,9.0,9.0,人造物,家具,0.679298093,1
餐桌,可以,放碗,9.0,9.0,人造物,家具,0.679298093,0
餐桌,可以,使用,9.0,9.0,人造物,家具,0.679298093,0
餐桌,可以,用来吃饭,9.0,9.0,人造物,家具,0.679298093,0
餐桌,像,方块,9.0,9.0,人造物,家具,0.679298093,1
餐桌,像,麻将桌,9.0,9.0,人造物,家具,0.679298093,1
餐桌,像,写字台,9.0,9.0,人造物,家具,0.679298093,0
餐桌,需要,打扫,9.0,9.0,人造物,家具,0.679298093,0
餐桌,需要,加工,9.0,9.0,人造物,家具,0.679298093,0
餐桌,需要,清洁,9.0,9.0,人造物,家具,0.679298093,0
餐桌,需要,桌布,9.0,9.0,人造物,家具,0.679298093,1
餐桌,有,多种材质,9.0,9.0,人造物,家具,0.679298093,0
餐桌,有,桌板,9.0,9.0,人造物,家具,0.679298093,0
餐桌,有,桌角,9.0,9.0,人造物,家具,0.679298093,0
车库,可以,停车,9.0,8.67,人造物,建筑,0.606607757,0
车库,需要,打扫,9.0,8.67,人造物,建筑,0.606607757,1
车库,是,房屋,9.0,8.67,人造物,建筑,0.606607757,0
车库,有,门,9.0,8.67,人造物,建筑,0.606607757,1
车库,有,车,9.0,8.67,人造物,建筑,0.606607757,0
车库,是,建筑,9.0,8.67,人造物,建筑,0.606607757,0
车库,是,空间,9.0,8.67,人造物,建筑,0.606607757,1
车库,是,场所,9.0,8.67,人造物,建筑,0.606607757,0
车库,是,大的,9.0,8.67,人造物,建筑,0.606607757,0
车库,是,空的,9.0,8.67,人造物,建筑,0.606607757,0
车库,是,宽广的,9.0,8.67,人造物,建筑,0.606607757,0
车库,像,储藏室,9.0,8.67,人造物,建筑,0.606607757,1
车库,像,停车场,9.0,8.67,人造物,建筑,0.606607757,1
车库,有,灯,9.0,8.67,人造物,建筑,0.606607757,0
车库,可以,放车,9.0,8.67,人造物,建筑,0.606607757,1
车库,可以,放杂物,9.0,8.67,人造物,建筑,0.606607757,1
车库,可以,买卖,9.0,8.67,人造物,建筑,0.606607757,0
车库,其他,地下,9.0,8.67,人造物,建筑,0.606607757,0
车库,是,黑暗的,9.0,8.67,人造物,建筑,0.606607757,0
车库,像,盒子,9.0,8.67,人造物,建筑,0.606607757,1
车库,有,车位,9.0,8.67,人造物,建筑,0.606607757,1
车库,有,墙,9.0,8.67,人造物,建筑,0.606607757,0
车库,可以,储物,9.0,8.67,人造物,建筑,0.606607757,0
车库,可以,存车,9.0,8.67,人造物,建筑,0.606607757,0
车库,可以,存放车辆,9.0,8.67,人造物,建筑,0.606607757,1
车库,是,阴暗的,9.0,8.67,人造物,建筑,0.606607757,0
车库,像,地下室,9.0,8.67,人造物,建筑,0.606607757,1
车库,像,库房,9.0,8.67,人造物,建筑,0.606607757,0
车库,需要,钥匙,9.0,8.67,人造物,建筑,0.606607757,0
车库,有,大门,9.0,8.67,人造物,建筑,0.606607757,1
车库,有,面积,9.0,8.67,人造物,建筑,0.606607757,0
车库,有,柱子,9.0,8.67,人造物,建筑,0.606607757,0
衬衫,是,衣服,9.0,9.0,人造物,服饰,0.801231971,1
衬衫,可以,穿,9.0,9.0,人造物,服饰,0.801231971,1
衬衫,有,领子,9.0,9.0,人造物,服饰,0.801231971,1
衬衫,有,扣子,9.0,9.0,人造物,服饰,0.801231971,0
衬衫,需要,清洗,9.0,9.0,人造物,服饰,0.801231971,0
衬衫,有,袖子,9.0,9.0,人造物,服饰,0.801231971,1
衬衫,可以,保暖,9.0,9.0,人造物,服饰,0.801231971,0
衬衫,需要,熨烫,9.0,9.0,人造物,服饰,0.801231971,0
衬衫,是,服饰,9.0,9.0,人造物,服饰,0.801231971,1
衬衫,有,多种颜色,9.0,9.0,人造物,服饰,0.801231971,1
衬衫,是,上衣,9.0,9.0,人造物,服饰,0.801231971,0
衬衫,有,布,9.0,9.0,人造物,服饰,0.801231971,0
衬衫,可以,买卖,9.0,9.0,人造物,服饰,0.801231971,0
衬衫,像,外套,9.0,9.0,人造物,服饰,0.801231971,0
衬衫,是,正式的,9.0,9.0,人造物,服饰,0.801231971,0
衬衫,需要,缝纫,9.0,9.0,人造物,服饰,0.801231971,0
衬衫,需要,设计,9.0,9.0,人造物,服饰,0.801231971,1
衬衫,需要,制造,9.0,9.0,人造物,服饰,0.801231971,1
衬衫,有,多种样式,9.0,9.0,人造物,服饰,0.801231971,1
衬衫,是,软的,9.0,9.0,人造物,服饰,0.801231971,1
衬衫,需要,剪裁,9.0,9.0,人造物,服饰,0.801231971,0
衬衫,需要,晾干,9.0,9.0,人造物,服饰,0.801231971,0
衬衫,需要,阳光,9.0,9.0,人造物,服饰,0.801231971,1
衬衫,有,袋子,9.0,9.0,人造物,服饰,0.801231971,1
衬衫,有,多种材质,9.0,9.0,人造物,服饰,0.801231971,1
衬衫,可以,打底,9.0,9.0,人造物,服饰,0.801231971,1
衬衫,可以,御寒,9.0,9.0,人造物,服饰,0.801231971,1
衬衫,是,白色的,9.0,9.0,人造物,服饰,0.801231971,0
衬衫,像,窗帘,9.0,9.0,人造物,服饰,0.801231971,1
衬衫,像,西装,9.0,9.0,人造物,服饰,0.801231971,0
衬衫,像,纸,9.0,9.0,人造物,服饰,0.801231971,0
衬衫,需要,整理,9.0,9.0,人造物,服饰,0.801231971,0
衬衫,有,多种价格,9.0,9.0,人造物,服饰,0.801231971,0
衬衫,有,多种品牌,9.0,9.0,人造物,服饰,0.801231971,0
衬衫,有,多种种类,9.0,9.0,人造物,服饰,0.801231971,1
衬衫,有,花纹,9.0,9.0,人造物,服饰,0.801231971,0
衬衫,有,男款的,9.0,9.0,人造物,服饰,0.801231971,1
衬衫,有,女士的,9.0,9.0,人造物,服饰,0.801231971,0
衬衫,有,图案,9.0,9.0,人造物,服饰,0.801231971,0
衬衫,有,线,9.0,9.0,人造物,服饰,0.801231971,1
耳朵,可以,听,9.0,9.0,身体部位,身体部位,0.723727486,0
耳朵,是,器官,9.0,9.0,身体部位,身体部位,0.723727486,1
耳朵,需要,保护,9.0,9.0,身体部位,身体部位,0.723727486,0
耳朵,有,耳廓,9.0,9.0,身体部位,身体部位,0.723727486,0
耳朵,需要,清洗,9.0,9.0,身体部位,身体部位,0.723727486,0
耳朵,其他,人,9.0,9.0,身体部位,身体部位,0.723727486,0
耳朵,有,耳垂,9.0,9.0,身体部位,身体部位,0.723727486,0
耳朵,有,耳蜗,9.0,9.0,身体部位,身体部位,0.723727486,0
耳朵,是,身体部位,9.0,9.0,身体部位,身体部位,0.723727486,0
耳朵,像,3,9.0,9.0,身体部位,身体部位,0.723727486,0
耳朵,有,耳膜,9.0,9.0,身体部位,身体部位,0.723727486,0
耳朵,可以,戴耳环,9.0,9.0,身体部位,身体部位,0.723727486,1
耳朵,是,五官,9.0,9.0,身体部位,身体部位,0.723727486,0
耳朵,有,耳道,9.0,9.0,身体部位,身体部位,0.723727486,0
耳朵,可以,打耳洞,9.0,9.0,身体部位,身体部位,0.723727486,1
耳朵,其他,动物,9.0,9.0,身体部位,身体部位,0.723727486,0
耳朵,是,软的,9.0,9.0,身体部位,身体部位,0.723727486,0
耳朵,是,重要的,9.0,9.0,身体部位,身体部位,0.723727486,0
耳朵,像,蜗牛,9.0,9.0,身体部位,身体部位,0.723727486,0
耳朵,像,月亮,9.0,9.0,身体部位,身体部位,0.723727486,0
耳朵,有,多种形状,9.0,9.0,身体部位,身体部位,0.723727486,0
耳朵,有,耳洞,9.0,9.0,身体部位,身体部位,0.723727486,1
耳朵,有,骨骼,9.0,9.0,身体部位,身体部位,0.723727486,0
耳朵,有,两只,9.0,9.0,身体部位,身体部位,0.723727486,0
耳朵,有,神经,9.0,9.0,身体部位,身体部位,0.723727486,1
耳朵,可以,戴耳机,9.0,9.0,身体部位,身体部位,0.723727486,0
耳朵,可以,听到声音,9.0,9.0,身体部位,身体部位,0.723727486,0
耳朵,是,成对的,9.0,9.0,身体部位,身体部位,0.723727486,1
耳朵,是,小的,9.0,9.0,身体部位,身体部位,0.723727486,0
耳朵,像,喇叭,9.0,9.0,身体部位,身体部位,0.723727486,0
耳朵,像,猫耳朵,9.0,9.0,身体部位,身体部位,0.723727486,1
耳朵,像,木耳,9.0,9.0,身体部位,身体部位,0.723727486,0
耳朵,像,蒲扇,9.0,9.0,身体部位,身体部位,0.723727486,0
耳朵,需要,血,9.0,9.0,身体部位,身体部位,0.723727486,0
耳朵,有,耳屎,9.0,9.0,身体部位,身体部位,0.723727486,0
耳朵,有,耳眼,9.0,9.0,身体部位,身体部位,0.723727486,0
耳朵,有,功能,9.0,9.0,身体部位,身体部位,0.723727486,1
耳朵,有,皮肤,9.0,9.0,身体部位,身体部位,0.723727486,0
耳朵,有,软骨,9.0,9.0,身体部位,身体部位,0.723727486,0
耳朵,有,听觉,9.0,9.0,身体部位,身体部位,0.723727486,0
耳朵,有,血管,9.0,9.0,身体部位,身体部位,0.723727486,0
耳朵,有,猪耳朵,9.0,9.0,身体部位,身体部位,0.723727486,1
帆船,有,帆,8.67,9.0,交通工具,船,0.600791725,0
帆船,其他,交通,8.67,9.0,交通工具,船,0.600791725,1
帆船,是,工具,8.67,9.0,交通工具,船,0.600791725,0
帆船,是,船,8.67,9.0,交通工具,船,0.600791725,1
帆船,有,帆布,8.67,9.0,交通工具,船,0.600791725,0
帆船,需要,风,8.67,9.0,交通工具,船,0.600791725,1
帆船,可以,航行,8.67,9.0,交通工具,船,0.600791725,1
帆船,有,船身,8.67,9.0,交通工具,船,0.600791725,0
帆船,像,树叶,8.67,9.0,交通工具,船,0.600791725,0
帆船,需要,水,8.67,9.0,交通工具,船,0.600791725,0
帆船,有,布,8.67,9.0,交通工具,船,0.600791725,0
帆船,有,船帆,8.67,9.0,交通工具,船,0.600791725,1
帆船,有,船体,8.67,9.0,交通工具,船,0.600791725,0
帆船,有,甲板,8.67,9.0,交通工具,船,0.600791725,0
帆船,可以,划,8.67,9.0,交通工具,船,0.600791725,0
帆船,是,海里的,8.67,9.0,交通工具,船,0.600791725,1
帆船,是,木的,8.67,9.0,交通工具,船,0.600791725,0
帆船,是,水上工具,8.67,9.0,交通工具,船,0.600791725,0
帆船,像,轮船,8.67,9.0,交通工具,船,0.600791725,0
帆船,需要,驾驶,8.67,9.0,交通工具,船,0.600791725,0
帆船,需要,人,8.67,9.0,交通工具,船,0.600791725,0
帆船,有,船员,8.67,9.0,交通工具,船,0.600791725,0
帆船,有,舵,8.67,9.0,交通工具,船,0.600791725,1
帆船,有,木板,8.67,9.0,交通工具,船,0.600791725,1
帆船,有,桅杆,8.67,9.0,交通工具,船,0.600791725,0
甘蔗,是,食物,9.0,9.0,植物,水果,0.693467351,0
甘蔗,是,水果,9.0,9.0,植物,水果,0.693467351,0
甘蔗,是,甜的,9.0,9.0,植物,水果,0.693467351,0
甘蔗,像,竹子,9.0,9.0,植物,水果,0.693467351,1
甘蔗,需要,水,9.0,9.0,植物,水果,0.693467351,1
甘蔗,需要,阳光,9.0,9.0,植物,水果,0.693467351,0
甘蔗,是,植物,9.0,9.0,植物,水果,0.693467351,1
甘蔗,像,棍棒,9.0,9.0,植物,水果,0.693467351,0
甘蔗,有,皮,9.0,9.0,植物,水果,0.693467351,0
甘蔗,需要,种植,9.0,9.0,植物,水果,0.693467351,0
甘蔗,有,水,9.0,9.0,植物,水果,0.693467351,0
甘蔗,有,糖,9.0,9.0,植物,水果,0.693467351,0
甘蔗,需要,空气,9.0,9.0,植物,水果,0.693467351,0
甘蔗,是,长的,9.0,9.0,植物,水果,0.693467351,0
甘蔗,需要,肥料,9.0,9.0,植物,水果,0.693467351,1
甘蔗,有,维生素,9.0,9.0,植物,水果,0.693467351,0
甘蔗,有,汁水,9.0,9.0,植物,水果,0.693467351,1
甘蔗,需要,土,9.0,9.0,植物,水果,0.693467351,1
甘蔗,需要,削皮,9.0,9.0,植物,水果,0.693467351,0
甘蔗,有,叶子,9.0,9.0,植物,水果,0.693467351,0
甘蔗,可以,解渴,9.0,9.0,植物,水果,0.693467351,0
甘蔗,可以,买卖,9.0,9.0,植物,水果,0.693467351,0
甘蔗,是,硬的,9.0,9.0,植物,水果,0.693467351,0
甘蔗,有,果肉,9.0,9.0,植物,水果,0.693467351,0
甘蔗,是,杆状的,9.0,9.0,植物,水果,0.693467351,0
甘蔗,是,黄色的,9.0,9.0,植物,水果,0.693467351,0
甘蔗,像,玉米,9.0,9.0,植物,水果,0.693467351,0
甘蔗,有,蛋白质,9.0,9.0,植物,水果,0.693467351,0
甘蔗,有,多种颜色,9.0,9.0,植物,水果,0.693467351,1
甘蔗,有,根,9.0,9.0,植物,水果,0.693467351,1
甘蔗,有,营养,9.0,9.0,植物,水果,0.693467351,1
甘蔗,有,蔗糖,9.0,9.0,植物,水果,0.693467351,1
甘蔗,有,脂肪,9.0,9.0,植物,水果,0.693467351,0
柑橘,是,食物,9.0,9.0,植物,水果,0.846540893,1
柑橘,是,水果,9.0,9.0,植物,水果,0.846540893,1
柑橘,有,皮,9.0,9.0,植物,水果,0.846540893,0
柑橘,像,橙子,9.0,9.0,植物,水果,0.846540893,0
柑橘,是,甜的,9.0,9.0,植物,水果,0.846540893,0
柑橘,是,橙色的,9.0,9.0,植物,水果,0.846540893,1
柑橘,是,植物,9.0,9.0,植物,水果,0.846540893,0
柑橘,需要,水,9.0,9.0,植物,水果,0.846540893,0
柑橘,有,果肉,9.0,9.0,植物,水果,0.846540893,1
柑橘,是,酸的,9.0,9.0,植物,水果,0.846540893,1
柑橘,需要,剥开,9.0,9.0,植物,水果,0.846540893,1
柑橘,是,橘子,9.0,9.0,植物,水果,0.846540893,1
柑橘,需要,采摘,9.0,9.0,植物,水果,0.846540893,0
柑橘,需要,空气,9.0,9.0,植物,水果,0.846540893,0
柑橘,需要,阳光,9.0,9.0,植物,水果,0.846540893,1
柑橘,需要,种植,9.0,9.0,植物,水果,0.846540893,1
柑橘,有,籽,9.0,9.0,植物,水果,0.846540893,0
柑橘,是,圆形,9.0,9.0,植物,水果,0.846540893,0
柑橘,像,球,9.0,9.0,植物,水果,0.846540893,0
柑橘,需要,土,9.0,9.0,植物,水果,0.846540893,0
柑橘,需要,营养,9.0,9.0,植物,水果,0.846540893,0
柑橘,可以,解渴,9.0,9.0,植物,水果,0.846540893,0
柑橘,可以,买卖,9.0,9.0,植物,水果,0.846540893,0
柑橘,是,黄色的,9.0,9.0,植物,水果,0.846540893,0
柑橘,是,香的,9.0,9.0,植物,水果,0.846540893,0
柑橘,像,柚子,9.0,9.0,植物,水果,0.846540893,1
柑橘,有,果实,9.0,9.0,植物,水果,0.846540893,0
柑橘,有,维生素,9.0,9.0,植物,水果,0.846540893,1
柑橘,有,叶子,9.0,9.0,植物,水果,0.846540893,1
柑橘,有,种子,9.0,9.0,植物,水果,0.846540893,1
柑橘,可以,冲泡,9.0,9.0,植物,水果,0.846540893,1
柑橘,其他,富含维生素,9.0,9.0,植物,水果,0.846540893,1
柑橘,其他,橘生淮北则为枳,9.0,9.0,植物,水果,0.846540893,0
柑橘,其他,橘生淮南则为橘,9.0,9.0,植物,水果,0.846540893,1
柑橘,是,好吃的,9.0,9.0,植物,水果,0.846540893,0
柑橘,是,清香的,9.0,9.0,植物,水果,0.846540893,1
柑橘,是,药,9.0,9.0,植物,水果,0.846540893,1
柑橘,像,灯笼,9.0,9.0,植物,水果,0.846540893,1
柑橘,像,桔子,9.0,9.0,植物,水果,0.846540893,1
柑橘,像,芦柑,9.0,9.0,植物,水果,0.846540893,1
柑橘,像,柿子,9.0,9.0,植物,水果,0.846540893,0
柑橘,需要,肥料,9.0,9.0,植物,水果,0.846540893,1
柑橘,需要,温暖湿润气候,9.0,9.0,植物,水果,0.846540893,0
柑橘,有,多种型号,9.0,9.0,植物,水果,0.846540893,0
柑橘,有,多种种类,9.0,9.0,植物,水果,0.846540893,0
柑橘,有,果核,9.0,9.0,植物,水果,0.846540893,1
高速公路,是,道路,9.0,9.0,人造物,建筑,0.557267983,0
高速公路,需要,维护,9.0,9.0,人造物,建筑,0.557267983,1
高速公路,有,车,9.0,9.0,人造物,建筑,0.557267983,1
高速公路,可以,行驶,9.0,9.0,人造物,建筑,0.557267983,0
高速公路,是,公共的,9.0,9.0,人造物,建筑,0.557267983,1
高速公路,是,快速的,9.0,9.0,人造物,建筑,0.557267983,0
高速公路,有,路牌,9.0,9.0,人造物,建筑,0.557267983,0
高速公路,是,长的,9.0,9.0,人造物,建筑,0.557267983,0
高速公路,像,带子,9.0,9.0,人造物,建筑,0.557267983,0
高速公路,需要,收费,9.0,9.0,人造物,建筑,0.557267983,0
高速公路,需要,修建,9.0,9.0,人造物,建筑,0.557267983,0
高速公路,可以,高速行驶,9.0,9.0,人造物,建筑,0.557267983,0
高速公路,是,便捷的,9.0,9.0,人造物,建筑,0.557267983,0
高速公路,是,宽广的,9.0,9.0,人造物,建筑,0.557267983,0
高速公路,是,直的,9.0,9.0,人造物,建筑,0.557267983,1
高速公路,需要,保养,9.0,9.0,人造物,建筑,0.557267983,0
高速公路,有,护栏,9.0,9.0,人造物,建筑,0.557267983,0
高速公路,有,沥青,9.0,9.0,人造物,建筑,0.557267983,0
高速公路,有,收费站,9.0,9.0,人造物,建筑,0.557267983,0
高速公路,有,水泥,9.0,9.0,人造物,建筑,0.557267983,0
高速公路,可以,开车,9.0,9.0,人造物,建筑,0.557267983,0
高速公路,可以,快速行驶,9.0,9.0,人造物,建筑,0.557267983,0
高速公路,其他,交通,9.0,9.0,人造物,建筑,0.557267983,0
高速公路,是,黑色的,9.0,9.0,人造物,建筑,0.557267983,0
高速公路,是,通道,9.0,9.0,人造物,建筑,0.557267983,1
高速公路,是,弯的,9.0,9.0,人造物,建筑,0.557267983,0
高速公路,像,地毯,9.0,9.0,人造物,建筑,0.557267983,0
高速公路,像,公路,9.0,9.0,人造物,建筑,0.557267983,0
高速公路,像,河流,9.0,9.0,人造物,建筑,0.557267983,0
高速公路,需要,建设,9.0,9.0,人造物,建筑,0.557267983,0
高速公路,需要,限速,9.0,9.0,人造物,建筑,0.557267983,0
高速公路,有,限速,9.0,9.0,人造物,建筑,0.557267983,0
高速公路,有,油漆,9.0,9.0,人造物,建筑,0.557267983,0
鸽子,可以,飞,9.0,9.0,动物,鸟,0.817435698,0
鸽子,是,动物,9.0,9.0,动物,鸟,0.817435698,0
鸽子,是,鸟,9.0,9.0,动物,鸟,0.817435698,0
鸽子,需要,食物,9.0,9.0,动物,鸟,0.817435698,0
鸽子,有,翅膀,9.0,9.0,动物,鸟,0.817435698,1
鸽子,需要,水,9.0,9.0,动物,鸟,0.817435698,0
鸽子,有,羽毛,9.0,9.0,动物,鸟,0.817435698,0
鸽子,有,嘴巴,9.0,9.0,动物,鸟,0.817435698,0
鸽子,可以,送信,9.0,9.0,动物,鸟,0.817435698,0
鸽子,有,爪子,9.0,9.0,动物,鸟,0.817435698,0
鸽子,需要,睡觉,9.0,9.0,动物,鸟,0.817435698,1
鸽子,是,白色的,9.0,9.0,动物,鸟,0.817435698,0
鸽子,是,禽类,9.0,9.0,动物,鸟,0.817435698,0
鸽子,需要,饲养,9.0,9.0,动物,鸟,0.817435698,1
鸽子,是,食物,9.0,9.0,动物,鸟,0.817435698,1
鸽子,需要,空气,9.0,9.0,动物,鸟,0.817435698,1
鸽子,像,麻雀,9.0,9.0,动物,鸟,0.817435698,0
鸽子,需要,保护,9.0,9.0,动物,鸟,0.817435698,0
鸽子,需要,谷物,9.0,9.0,动物,鸟,0.817435698,0
鸽子,有,多种颜色,9.0,9.0,动物,鸟,0.817435698,0
鸽子,有,眼睛,9.0,9.0,动物,鸟,0.817435698,0
鸽子,有,头,9.0,9.0,动物,鸟,0.817435698,0
鸽子,可以,传信,9.0,9.0,动物,鸟,0.817435698,0
鸽子,是,生物,9.0,9.0,动物,鸟,0.817435698,0
鸽子,像,飞机,9.0,9.0,动物,鸟,0.817435698,1
鸽子,像,海鸥,9.0,9.0,动物,鸟,0.817435698,0
鸽子,像,喜鹊,9.0,9.0,动物,鸟,0.817435698,0
鸽子,像,燕子,9.0,9.0,动物,鸟,0.817435698,0
鸽子,需要,训练,9.0,9.0,动物,鸟,0.817435698,0
鸽子,有,多种种类,9.0,9.0,动物,鸟,0.817435698,0
鸽子,有,脚,9.0,9.0,动物,鸟,0.817435698,0
鸽子,可以,传递信息,9.0,9.0,动物,鸟,0.817435698,0
鸽子,可以,认家,9.0,9.0,动物,鸟,0.817435698,0
鸽子,其他,和平,9.0,9.0,动物,鸟,0.817435698,0
鸽子,其他,和平的象征,9.0,9.0,动物,鸟,0.817435698,0
鸽子,是,聪明的,9.0,9.0,动物,鸟,0.817435698,0
鸽子,是,和平的,9.0,9.0,动物,鸟,0.817435698,1
鸽子,是,灰色的,9.0,9.0,动物,鸟,0.817435698,0
鸽子,是,家养的,9.0,9.0,动物,鸟,0.817435698,0
鸽子,是,象征,9.0,9.0,动物,鸟,0.817435698,1
鸽子,像,大雁,9.0,9.0,动物,鸟,0.817435698,0
鸽子,像,鸡,9.0,9.0,动物,鸟,0.817435698,1
鸽子,需要,排泄,9.0,9.0,动物,鸟,0.817435698,0
鸽子,需要,阳光,9.0,9.0,动物,鸟,0.817435698,0
鸽子,有,尖嘴巴,9.0,9.0,动物,鸟,0.817435698,0
鸽子,有,腿,9.0,9.0,动物,鸟,0.817435698,0
鸽子,有,尾巴,9.0,9.0,动物,鸟,0.817435698,0
拐杖,是,棍棒,9.0,9.0,人造物,工具,0.648579221,0
拐杖,是,木的,9.0,9.0,人造物,工具,0.648579221,0
拐杖,有,把手,9.0,9.0,人造物,工具,0.648579221,0
拐杖,是,工具,9.0,9.0,人造物,工具,0.648579221,1
拐杖,是,辅助的,9.0,9.0,人造物,工具,0.648579221,1
拐杖,是,金属,9.0,9.0,人造物,工具,0.648579221,0
拐杖,需要,制造,9.0,9.0,人造物,工具,0.648579221,0
拐杖,可以,买卖,9.0,9.0,人造物,工具,0.648579221,0
拐杖,是,长的,9.0,9.0,人造物,工具,0.648579221,0
拐杖,可以,帮助行走,9.0,9.0,人造物,工具,0.648579221,1
拐杖,可以,行走,9.0,9.0,人造物,工具,0.648579221,1
拐杖,是,老年用品,9.0,9.0,人造物,工具,0.648579221,1
拐杖,有,多种材质,9.0,9.0,人造物,工具,0.648579221,0
拐杖,可以,打人,9.0,9.0,人造物,工具,0.648579221,0
拐杖,是,杆子,9.0,9.0,人造物,工具,0.648579221,0
拐杖,是,弯的,9.0,9.0,人造物,工具,0.648579221,1
拐杖,像,树枝,9.0,9.0,人造物,工具,0.648579221,0
拐杖,有,多种型号,9.0,9.0,人造物,工具,0.648579221,0
拐杖,可以,辅助走路,9.0,9.0,人造物,工具,0.648579221,0
拐杖,是,硬的,9.0,9.0,人造物,工具,0.648579221,0
拐杖,是,用品,9.0,9.0,人造物,工具,0.648579221,0
拐杖,像,竹子,9.0,9.0,人造物,工具,0.648579221,0
拐杖,需要,保养,9.0,9.0,人造物,工具,0.648579221,0
拐杖,需要,设计,9.0,9.0,人造物,工具,0.648579221,0
拐杖,有,扶手,9.0,9.0,人造物,工具,0.648579221,1
拐杖,可以,辅助行走,9.0,9.0,人造物,工具,0.648579221,0
拐杖,可以,拿,9.0,9.0,人造物,工具,0.648579221,0
拐杖,可以,探路,9.0,9.0,人造物,工具,0.648579221,0
拐杖,是,简单的,9.0,9.0,人造物,工具,0.648579221,0
拐杖,是,器材,9.0,9.0,人造物,工具,0.648579221,0
拐杖,是,条状的,9.0,9.0,人造物,工具,0.648579221,0
拐杖,是,医疗用品,9.0,9.0,人造物,工具,0.648579221,0
拐杖,像,伞,9.0,9.0,人造物,工具,0.648579221,1
拐杖,像,伞柄,9.0,9.0,人造物,工具,0.648579221,0
拐杖,需要,支撑,9.0,9.0,人造物,工具,0.648579221,0
拐杖,有,多种样式,9.0,9.0,人造物,工具,0.648579221,1
拐杖,有,多种种类,9.0,9.0,人造物,工具,0.648579221,0
拐杖,有,花纹,9.0,9.0,人造物,工具,0.648579221,0
拐杖,有,油漆,9.0,9.0,人造物,工具,0.648579221,0
猴子,是,动物,9.0,9.0,动物,陆生动物,0.727769285,0
猴子,像,人,9.0,9.0,动物,陆生动物,0.727769285,1
猴子,有,尾巴,9.0,9.0,动物,陆生动物,0.727769285,0
猴子,需要,食物,9.0,9.0,动物,陆生动物,0.727769285,0
猴子,有,毛,9.0,9.0,动物,陆生动物,0.727769285,0
猴子,有,眼睛,9.0,9.0,动物,陆生动物,0.727769285,0
猴子,是,哺乳类,9.0,9.0,动物,陆生动物,0.727769285,1
猴子,需要,保护,9.0,9.0,动物,陆生动物,0.727769285,0
猴子,需要,水,9.0,9.0,动物,陆生动物,0.727769285,1
猴子,有,鼻子,9.0,9.0,动物,陆生动物,0.727769285,0
猴子,需要,饲养,9.0,9.0,动物,陆生动物,0.727769285,0
猴子,需要,香蕉,9.0,9.0,动物,陆生动物,0.727769285,1
猴子,可以,跳,9.0,9.0,动物,陆生动物,0.727769285,0
猴子,是,聪明的,9.0,9.0,动物,陆生动物,0.727769285,0
猴子,有,四肢,9.0,9.0,动物,陆生动物,0.727769285,0
猴子,有,嘴巴,9.0,9.0,动物,陆生动物,0.727769285,0
猴子,可以,爬树,9.0,9.0,动物,陆生动物,0.727769285,0
猴子,可以,跑,9.0,9.0,动物,陆生动物,0.727769285,0
猴子,像,猩猩,9.0,9.0,动物,陆生动物,0.727769285,0
猴子,需要,睡觉,9.0,9.0,动物,陆生动物,0.727769285,0
猴子,有,耳朵,9.0,9.0,动物,陆生动物,0.727769285,0
猴子,有,红屁股,9.0,9.0,动物,陆生动物,0.727769285,1
猴子,有,长尾巴,9.0,9.0,动物,陆生动物,0.727769285,0
猴子,可以,捕猎,9.0,9.0,动物,陆生动物,0.727769285,0
猴子,可以,观赏,9.0,9.0,动物,陆生动物,0.727769285,0
猴子,可以,娱乐,9.0,9.0,动物,陆生动物,0.727769285,1
猴子,是,好动的,9.0,9.0,动物,陆生动物,0.727769285,0
猴子,是,灵长类,9.0,9.0,动物,陆生动物,0.727769285,0
猴子,是,玩具,9.0,9.0,动物,陆生动物,0.727769285,0
猴子,是,棕色的,9.0,9.0,动物,陆生动物,0.727769285,1
猴子,像,毛绒玩具,9.0,9.0,动物,陆生动物,0.727769285,0
猴子,像,猿,9.0,9.0,动物,陆生动物,0.727769285,0
猴子,需要,呼吸,9.0,9.0,动物,陆生动物,0.727769285,0
猴子,需要,空气,9.0,9.0,动物,陆生动物,0.727769285,0
猴子,需要,食用,9.0,9.0,动物,陆生动物,0.727769285,0
猴子,有,皮肤,9.0,9.0,动物,陆生动物,0.727769285,0
猴子,有,手臂,9.0,9.0,动物,陆生动物,0.727769285,0
黄瓜,是,食物,9.0,9.0,植物,蔬菜,0.833557528,0
黄瓜,是,蔬菜,9.0,9.0,植物,蔬菜,0.833557528,1
黄瓜,是,绿色的,9.0,9.0,植物,蔬菜,0.833557528,0
黄瓜,像,丝瓜,9.0,9.0,植物,蔬菜,0.833557528,1
黄瓜,需要,水,9.0,9.0,植物,蔬菜,0.833557528,0
黄瓜,有,刺,9.0,9.0,植物,蔬菜,0.833557528,0
黄瓜,是,长的,9.0,9.0,植物,蔬菜,0.833557528,0
黄瓜,需要,种植,9.0,9.0,植物,蔬菜,0.833557528,1
黄瓜,可以,炒,9.0,9.0,植物,蔬菜,0.833557528,0
黄瓜,是,植物,9.0,9.0,植物,蔬菜,0.833557528,0
黄瓜,需要,清洗,9.0,9.0,植物,蔬菜,0.833557528,0
黄瓜,需要,土,9.0,9.0,植物,蔬菜,0.833557528,0
黄瓜,需要,阳光,9.0,9.0,植物,蔬菜,0.833557528,0
黄瓜,有,皮,9.0,9.0,植物,蔬菜,0.833557528,0
黄瓜,有,籽,9.0,9.0,植物,蔬菜,0.833557528,1
黄瓜,可以,凉拌,9.0,9.0,植物,蔬菜,0.833557528,0
黄瓜,可以,生吃,9.0,9.0,植物,蔬菜,0.833557528,0
黄瓜,是,条状的,9.0,9.0,植物,蔬菜,0.833557528,1
黄瓜,需要,采摘,9.0,9.0,植物,蔬菜,0.833557528,0
黄瓜,像,棍棒,9.0,9.0,植物,蔬菜,0.833557528,1
黄瓜,需要,空气,9.0,9.0,植物,蔬菜,0.833557528,1
黄瓜,是,水果,9.0,9.0,植物,蔬菜,0.833557528,1
黄瓜,需要,切,9.0,9.0,植物,蔬菜,0.833557528,0
黄瓜,有,花,9.0,9.0,植物,蔬菜,0.833557528,0
黄瓜,有,维生素,9.0,9.0,植物,蔬菜,0.833557528,0
黄瓜,有,营养,9.0,9.0,植物,蔬菜,0.833557528,0
黄瓜,是,脆的,9.0,9.0,植物,蔬菜,0.833557528,1
黄瓜,需要,削皮,9.0,9.0,植物,蔬菜,0.833557528,0
黄瓜,有,把手,9.0,9.0,植物,蔬菜,0.833557528,0
黄瓜,有,多种种类,9.0,9.0,植物,蔬菜,0.833557528,1
黄瓜,有,瓜皮,9.0,9.0,植物,蔬菜,0.833557528,0
黄瓜,有,瓜瓤,9.0,9.0,植物,蔬菜,0.833557528,1
黄瓜,有,水,9.0,9.0,植物,蔬菜,0.833557528,0
黄瓜,有,维生素C,9.0,9.0,植物,蔬菜,0.833557528,0
黄瓜,可以,拌,9.0,9.0,植物,蔬菜,0.833557528,0
黄瓜,可以,干吃,9.0,9.0,植物,蔬菜,0.833557528,0
黄瓜,可以,买卖,9.0,9.0,植物,蔬菜,0.833557528,0
黄瓜,可以,美容,9.0,9.0,植物,蔬菜,0.833557528,1
黄瓜,可以,腌制,9.0,9.0,植物,蔬菜,0.833557528,0
黄瓜,是,细的,9.0,9.0,植物,蔬菜,0.833557528,0
黄瓜,像,擀面杖,9.0,9.0,植物,蔬菜,0.833557528,1
黄瓜,像,萝卜,9.0,9.0,植物,蔬菜,0.833557528,1
黄瓜,需要,营养,9.0,9.0,植物,蔬菜,0.833557528,0
黄瓜,有,多种型号,9.0,9.0,植物,蔬菜,0.833557528,1
黄瓜,有,多种颜色,9.0,9.0,植物,蔬菜,0.833557528,0
黄瓜,有,根,9.0,9.0,植物,蔬菜,0.833557528,0
黄瓜,有,果肉,9.0,9.0,植物,蔬菜,0.833557528,1
黄瓜,有,茎,9.0,9.0,植物,蔬菜,0.833557528,0
黄瓜,有,瓤,9.0,9.0,植物,蔬菜,0.833557528,0
黄瓜,有,叶子,9.0,9.0,植物,蔬菜,0.833557528,0
火车,其他,交通,9.0,9.0,交通工具,车,0.691436622,0
火车,是,工具,9.0,9.0,交通工具,车,0.691436622,0
火车,有,车厢,9.0,9.0,交通工具,车,0.691436622,1
火车,需要,司机,9.0,9.0,交通工具,车,0.691436622,1
火车,是,车,9.0,9.0,交通工具,车,0.691436622,0
火车,是,长的,9.0,9.0,交通工具,车,0.691436622,0
火车,有,车头,9.0,9.0,交通工具,车,0.691436622,0
火车,需要,电,9.0,9.0,交通工具,车,0.691436622,1
火车,有,轨道,9.0,9.0,交通工具,车,0.691436622,0
火车,有,轮子,9.0,9.0,交通工具,车,0.691436622,0
火车,可以,乘坐,9.0,9.0,交通工具,车,0.691436622,1
火车,需要,驾驶,9.0,9.0,交通工具,车,0.691436622,0
火车,可以,行驶,9.0,9.0,交通工具,车,0.691436622,0
火车,像,高铁,9.0,9.0,交通工具,车,0.691436622,0
火车,需要,铁轨,9.0,9.0,交通工具,车,0.691436622,0
火车,需要,维护,9.0,9.0,交通工具,车,0.691436622,0
火车,有,座位,9.0,9.0,交通工具,车,0.691436622,0
火车,可以,拉货,9.0,9.0,交通工具,车,0.691436622,1
火车,需要,动力,9.0,9.0,交通工具,车,0.691436622,1
火车,需要,买票,9.0,9.0,交通工具,车,0.691436622,0
火车,需要,能源,9.0,9.0,交通工具,车,0.691436622,0
火车,需要,修理,9.0,9.0,交通工具,车,0.691436622,0
火车,是,绿色的,9.0,9.0,交通工具,车,0.691436622,1
火车,像,龙,9.0,9.0,交通工具,车,0.691436622,1
火车,像,马车,9.0,9.0,交通工具,车,0.691436622,0
火车,需要,燃料,9.0,9.0,交通工具,车,0.691436622,0
火车,有,乘务员,9.0,9.0,交通工具,车,0.691436622,0
火车,可以,提供便利,9.0,9.0,交通工具,车,0.691436622,1
火车,可以,运输,9.0,9.0,交通工具,车,0.691436622,1
火车,可以,载人,9.0,9.0,交通工具,车,0.691436622,0
火车,是,多节的,9.0,9.0,交通工具,车,0.691436622,1
火车,是,公共的,9.0,9.0,交通工具,车,0.691436622,0
火车,是,金属,9.0,9.0,交通工具,车,0.691436622,0
火车,像,毛毛虫,9.0,9.0,交通工具,车,0.691436622,0
火车,像,箱子,9.0,9.0,交通工具,车,0.691436622,0
火车,需要,清洗,9.0,9.0,交通工具,车,0.691436622,1
火车,有,车身,9.0,9.0,交通工具,车,0.691436622,0
火车,有,车尾,9.0,9.0,交通工具,车,0.691436622,0
火车,有,动车,9.0,9.0,交通工具,车,0.691436622,0
火车,有,高铁,9.0,9.0,交通工具,车,0.691436622,1
夹克,是,衣服,9.0,9.0,人造物,服饰,0.798348544,0
夹克,可以,穿,9.0,9.0,人造物,服饰,0.798348544,0
夹克,需要,清洗,9.0,9.0,人造物,服饰,0.798348544,0
夹克,可以,保暖,9.0,9.0,人造物,服饰,0.798348544,0
夹克,有,袖子,9.0,9.0,人造物,服饰,0.798348544,0
夹克,是,外套,9.0,9.0,人造物,服饰,0.798348544,0
夹克,有,袋子,9.0,9.0,人造物,服饰,0.798348544,1
夹克,有,拉链,9.0,9.0,人造物,服饰,0.798348544,0
夹克,可以,买卖,9.0,9.0,人造物,服饰,0.798348544,0
夹克,有,布,9.0,9.0,人造物,服饰,0.798348544,0
夹克,有,多种颜色,9.0,9.0,人造物,服饰,0.798348544,0
夹克,有,扣子,9.0,9.0,人造物,服饰,0.798348544,1
夹克,需要,制造,9.0,9.0,人造物,服饰,0.798348544,1
夹克,有,多种样式,9.0,9.0,人造物,服饰,0.798348544,0
夹克,可以,御寒,9.0,9.0,人造物,服饰,0.798348544,0
夹克,需要,缝纫,9.0,9.0,人造物,服饰,0.798348544,0
夹克,可以,挡风,9.0,9.0,人造物,服饰,0.798348544,1
夹克,可以,运动,9.0,9.0,人造物,服饰,0.798348544,1
夹克,是,服饰,9.0,9.0,人造物,服饰,0.798348544,0
夹克,是,装备,9.0,9.0,人造物,服饰,0.798348544,0
夹克,有,领子,9.0,9.0,人造物,服饰,0.798348544,0
夹克,是,皮的,9.0,9.0,人造物,服饰,0.798348544,0
夹克,是,上衣,9.0,9.0,人造物,服饰,0.798348544,1
夹克,像,冲锋衣,9.0,9.0,人造物,服饰,0.798348544,0
夹克,像,皮衣,9.0,9.0,人造物,服饰,0.798348544,1
夹克,需要,爱护,9.0,9.0,人造物,服饰,0.798348544,0
夹克,需要,设计,9.0,9.0,人造物,服饰,0.798348544,0
夹克,需要,透气,9.0,9.0,人造物,服饰,0.798348544,0
夹克,可以,防水,9.0,9.0,人造物,服饰,0.798348544,0
夹克,可以,耍酷,9.0,9.0,人造物,服饰,0.798348544,0
夹克,是,黑色的,9.0,9.0,人造物,服饰,0.798348544,0
夹克,是,户外的,9.0,9.0,人造物,服饰,0.798348544,0
夹克,是,酷的,9.0,9.0,人造物,服饰,0.798348544,0
夹克,是,生活用品,9.0,9.0,人造物,服饰,0.798348544,0
夹克,像,西装,9.0,9.0,人造物,服饰,0.798348544,0
夹克,需要,晾干,9.0,9.0,人造物,服饰,0.798348544,1
夹克,需要,阳光,9.0,9.0,人造物,服饰,0.798348544,0
夹克,有,兜子,9.0,9.0,人造物,服饰,0.798348544,1
夹克,有,多种材质,9.0,9.0,人造物,服饰,0.798348544,0
夹克,有,多种品牌,9.0,9.0,人造物,服饰,0.798348544,0
夹克,有,多种型号,9.0,9.0,人造物,服饰,0.798348544,0
夹克,有,衣领,9.0,9.0,人造物,服饰,0.798348544,0
肩膀,是,身体部位,9.0,9.0,身体部位,身体部位,0.642647059,0
肩膀,有,骨骼,9.0,9.0,身体部位,身体部位,0.642647059,1
肩膀,其他,人,9.0,9.0,身体部位,身体部位,0.642647059,0
肩膀,有,肉,9.0,9.0,身体部位,身体部位,0.642647059,0
肩膀,需要,保护,9.0,9.0,身体部位,身体部位,0.642647059,0
肩膀,有,皮肤,9.0,9.0,身体部位,身体部位,0.642647059,0
肩膀,可以,背,9.0,9.0,身体部位,身体部位,0.642647059,0
肩膀,有,血液,9.0,9.0,身体部位,身体部位,0.642647059,0
肩膀,可以,动,9.0,9.0,身体部位,身体部位,0.642647059,0
肩膀,可以,扛东西,9.0,9.0,身体部位,身体部位,0.642647059,0
肩膀,可以,靠,9.0,9.0,身体部位,身体部位,0.642647059,0
肩膀,可以,依靠,9.0,9.0,身体部位,身体部位,0.642647059,1
肩膀,可以,倚靠,9.0,9.0,身体部位,身体部位,0.642647059,0
肩膀,是,胳膊,9.0,9.0,身体部位,身体部位,0.642647059,0
肩膀,有,关节,9.0,9.0,身体部位,身体部位,0.642647059,0
肩膀,有,血管,9.0,9.0,身体部位,身体部位,0.642647059,0
肩膀,是,宽的,9.0,9.0,身体部位,身体部位,0.642647059,1
肩膀,像,膝盖,9.0,9.0,身体部位,身体部位,0.642647059,1
肩膀,需要,按摩,9.0,9.0,身体部位,身体部位,0.642647059,0
肩膀,需要,运动,9.0,9.0,身体部位,身体部位,0.642647059,0
肩膀,有,肌肉,9.0,9.0,身体部位,身体部位,0.642647059,0
肩膀,可以,撑衣服,9.0,9.0,身体部位,身体部位,0.642647059,1
肩膀,可以,负重,9.0,9.0,身体部位,身体部位,0.642647059,0
肩膀,是,安全的,9.0,9.0,身体部位,身体部位,0.642647059,1
肩膀,是,器官,9.0,9.0,身体部位,身体部位,0.642647059,1
肩膀,是,硬的,9.0,9.0,身体部位,身体部位,0.642647059,0
肩膀,像,山,9.0,9.0,身体部位,身体部位,0.642647059,0
肩膀,像,手肘,9.0,9.0,身体部位,身体部位,0.642647059,1
肩膀,像,衣架,9.0,9.0,身体部位,身体部位,0.642647059,1
肩膀,需要,爱护,9.0,9.0,身体部位,身体部位,0.642647059,1
肩膀,需要,清洗,9.0,9.0,身体部位,身体部位,0.642647059,0
肩膀,有,两个,9.0,9.0,身体部位,身体部位,0.642647059,0
剪刀,是,工具,9.0,9.0,人造物,工具,0.650771878,0
剪刀,有,把手,9.0,9.0,人造物,工具,0.650771878,1
剪刀,是,刀,9.0,9.0,人造物,工具,0.650771878,0
剪刀,可以,剪东西,9.0,9.0,人造物,工具,0.650771878,1
剪刀,是,锋利的,9.0,9.0,人造物,工具,0.650771878,0
剪刀,是,金属,9.0,9.0,人造物,工具,0.650771878,0
剪刀,需要,小心,9.0,9.0,人造物,工具,0.650771878,0
剪刀,有,刀刃,9.0,9.0,人造物,工具,0.650771878,1
剪刀,可以,拆快递,9.0,9.0,人造物,工具,0.650771878,1
剪刀,可以,剪裁,9.0,9.0,人造物,工具,0.650771878,0
剪刀,可以,剪纸,9.0,9.0,人造物,工具,0.650771878,0
剪刀,可以,买卖,9.0,9.0,人造物,工具,0.650771878,0
剪刀,可以,使用,9.0,9.0,人造物,工具,0.650771878,0
剪刀,是,尖的,9.0,9.0,人造物,工具,0.650771878,0
剪刀,是,塑料,9.0,9.0,人造物,工具,0.650771878,0
剪刀,需要,制造,9.0,9.0,人造物,工具,0.650771878,0
剪刀,像,燕子的尾巴,9.0,9.0,人造物,工具,0.650771878,0
剪刀,需要,打磨,9.0,9.0,人造物,工具,0.650771878,1
剪刀,有,多种型号,9.0,9.0,人造物,工具,0.650771878,0
剪刀,有,多种颜色,9.0,9.0,人造物,工具,0.650771878,1
剪刀,有,螺丝,9.0,9.0,人造物,工具,0.650771878,1
剪刀,可以,裁剪,9.0,9.0,人造物,工具,0.650771878,1
剪刀,可以,裁剪东西,9.0,9.0,人造物,工具,0.650771878,0
剪刀,可以,剪绳子,9.0,9.0,人造物,工具,0.650771878,0
剪刀,可以,剪头发,9.0,9.0,人造物,工具,0.650771878,1
剪刀,可以,切割,9.0,9.0,人造物,工具,0.650771878,1
剪刀,是,常见的,9.0,9.0,人造物,工具,0.650771878,0
剪刀,像,钳子,9.0,9.0,人造物,工具,0.650771878,0
剪刀,像,树杈,9.0,9.0,人造物,工具,0.650771878,0
剪刀,需要,保存,9.0,9.0,人造物,工具,0.650771878,1
剪刀,需要,擦,9.0,9.0,人造物,工具,0.650771878,0
剪刀,需要,清洗,9.0,9.0,人造物,工具,0.650771878,1
剪刀,需要,铁,9.0,9.0,人造物,工具,0.650771878,0
剪刀,有,刀片,9.0,9.0,人造物,工具,0.650771878,0
剪刀,有,多种材质,9.0,9.0,人造物,工具,0.650771878,0
剪刀,有,多种功能,9.0,9.0,人造物,工具,0.650771878,0
剪刀,有,多种样式,9.0,9.0,人造物,工具,0.650771878,0
剪刀,有,两边,9.0,9.0,人造物,工具,0.650771878,1
脚后跟,是,脚,9.0,9.0,身体部位,身体部位,0.682149099,1
脚后跟,是,身体部位,9.0,9.0,身体部位,身体部位,0.682149099,0
脚后跟,有,皮肤,9.0,9.0,身体部位,身体部位,0.682149099,0
脚后跟,需要,保护,9.0,9.0,身体部位,身体部位,0.682149099,0
脚后跟,有,骨骼,9.0,9.0,身体部位,身体部位,0.682149099,1
脚后跟,有,肉,9.0,9.0,身体部位,身体部位,0.682149099,0
脚后跟,其他,人,9.0,9.0,身体部位,身体部位,0.682149099,1
脚后跟,需要,清洗,9.0,9.0,身体部位,身体部位,0.682149099,0
脚后跟,有,血管,9.0,9.0,身体部位,身体部位,0.682149099,0
脚后跟,是,器官,9.0,9.0,身体部位,身体部位,0.682149099,0
脚后跟,像,球,9.0,9.0,身体部位,身体部位,0.682149099,0
脚后跟,像,手肘,9.0,9.0,身体部位,身体部位,0.682149099,0
脚后跟,有,关节,9.0,9.0,身体部位,身体部位,0.682149099,1
脚后跟,可以,行走,9.0,9.0,身体部位,身体部位,0.682149099,0
脚后跟,是,硬的,9.0,9.0,身体部位,身体部位,0.682149099,0
脚后跟,像,膝盖,9.0,9.0,身体部位,身体部位,0.682149099,0
脚后跟,需要,穿袜子,9.0,9.0,身体部位,身体部位,0.682149099,1
脚后跟,有,肌肉,9.0,9.0,身体部位,身体部位,0.682149099,0
脚后跟,有,死皮,9.0,9.0,身体部位,身体部位,0.682149099,1
脚后跟,其他,高跟鞋,9.0,9.0,身体部位,身体部位,0.682149099,0
脚后跟,是,臭的,9.0,9.0,身体部位,身体部位,0.682149099,1
脚后跟,是,厚的,9.0,9.0,身体部位,身体部位,0.682149099,0
脚后跟,是,组织,9.0,9.0,身体部位,身体部位,0.682149099,1
脚后跟,有,跗骨,9.0,9.0,身体部位,身体部位,0.682149099,0
脚后跟,有,细胞,9.0,9.0,身体部位,身体部位,0.682149099,0
轿车,有,轮子,9.0,9.0,交通工具,车,0.780881751,0
轿车,是,工具,9.0,9.0,交通工具,车,0.780881751,0
轿车,是,车,9.0,9.0,交通工具,车,0.780881751,0
轿车,有,座位,9.0,9.0,交通工具,车,0.780881751,0
轿车,其他,交通,9.0,9.0,交通工具,车,0.780881751,0
轿车,需要,汽油,9.0,9.0,交通工具,车,0.780881751,0
轿车,有,发动机,9.0,9.0,交通工具,车,0.780881751,0
轿车,需要,油,9.0,9.0,交通工具,车,0.780881751,0
轿车,可以,代步,9.0,9.0,交通工具,车,0.780881751,0
轿车,需要,保养,9.0,9.0,交通工具,车,0.780881751,0
轿车,有,车身,9.0,9.0,交通工具,车,0.780881751,1
轿车,有,窗户,9.0,9.0,交通工具,车,0.780881751,1
轿车,可以,乘坐,9.0,9.0,交通工具,车,0.780881751,1
轿车,需要,电,9.0,9.0,交通工具,车,0.780881751,0
轿车,需要,加油,9.0,9.0,交通工具,车,0.780881751,0
轿车,需要,驾驶,9.0,9.0,交通工具,车,0.780881751,1
轿车,有,方向盘,9.0,9.0,交通工具,车,0.780881751,1
轿车,可以,开,9.0,9.0,交通工具,车,0.780881751,0
轿车,是,小的,9.0,9.0,交通工具,车,0.780881751,0
轿车,像,房屋,9.0,9.0,交通工具,车,0.780881751,0
轿车,需要,清洗,9.0,9.0,交通工具,车,0.780881751,1
轿车,需要,司机,9.0,9.0,交通工具,车,0.780881751,0
轿车,有,门,9.0,9.0,交通工具,车,0.780881751,0
轿车,可以,出行,9.0,9.0,交通工具,车,0.780881751,0
轿车,像,面包车,9.0,9.0,交通工具,车,0.780881751,0
轿车,需要,维护,9.0,9.0,交通工具,车,0.780881751,1
轿车,有,车厢,9.0,9.0,交通工具,车,0.780881751,0
轿车,有,引擎,9.0,9.0,交通工具,车,0.780881751,0
轿车,有,油门,9.0,9.0,交通工具,车,0.780881751,0
轿车,可以,行驶,9.0,9.0,交通工具,车,0.780881751,1
轿车,可以,买卖,9.0,9.0,交通工具,车,0.780881751,0
轿车,可以,运输,9.0,9.0,交通工具,车,0.780881751,1
轿车,是,家里的,9.0,9.0,交通工具,车,0.780881751,0
轿车,是,金属,9.0,9.0,交通工具,车,0.780881751,0
轿车,是,快速的,9.0,9.0,交通工具,车,0.780881751,0
轿车,是,玩具,9.0,9.0,交通工具,车,0.780881751,1
轿车,像,盒子,9.0,9.0,交通工具,车,0.780881751,1
轿车,像,马车,9.0,9.0,交通工具,车,0.780881751,0
轿车,像,跑车,9.0,9.0,交通工具,车,0.780881751,0
轿车,像,自行车,9.0,9.0,交通工具,车,0.780881751,0
轿车,需要,检查,9.0,9.0,交通工具,车,0.780881751,1
轿车,需要,牌照,9.0,9.0,交通工具,车,0.780881751,0
轿车,需要,燃料,9.0,9.0,交通工具,车,0.780881751,0
轿车,有,玻璃,9.0,9.0,交通工具,车,0.780881751,1
轿车,有,刹车,9.0,9.0,交通工具,车,0.780881751,0
轿车,有,车牌,9.0,9.0,交通工具,车,0.780881751,1
轿车,有,挡风玻璃,9.0,9.0,交通工具,车,0.780881751,0
轿车,有,多种颜色,9.0,9.0,交通工具,车,0.780881751,0
轿车,有,轱辘,9.0,9.0,交通工具,车,0.780881751,1
轿车,有,四个车轮,9.0,9.0,交通工具,车,0.780881751,0
轿车,有,四个轮子,9.0,9.0,交通工具,车,0.780881751,0
韭菜,是,食物,9.0,9.0,植物,蔬菜,0.78186935,0
韭菜,是,绿色的,9.0,9.0,植物,蔬菜,0.78186935,1
韭菜,有,叶子,9.0,9.0,植物,蔬菜,0.78186935,0
韭菜,是,植物,9.0,9.0,植物,蔬菜,0.78186935,0
韭菜,是,蔬菜,9.0,9.0,植物,蔬菜,0.78186935,1
韭菜,需要,水,9.0,9.0,植物,蔬菜,0.78186935,0
韭菜,有,根,9.0,9.0,植物,蔬菜,0.78186935,1
韭菜,像,草,9.0,9.0,植物,蔬菜,0.78186935,0
韭菜,需要,土,9.0,9.0,植物,蔬菜,0.78186935,1
韭菜,需要,种植,9.0,9.0,植物,蔬菜,0.78186935,0
韭菜,需要,阳光,9.0,9.0,植物,蔬菜,0.78186935,1
韭菜,需要,采摘,9.0,9.0,植物,蔬菜,0.78186935,0
韭菜,像,葱,9.0,9.0,植物,蔬菜,0.78186935,0
韭菜,需要,空气,9.0,9.0,植物,蔬菜,0.78186935,1
韭菜,可以,包饺子,9.0,9.0,植物,蔬菜,0.78186935,1
韭菜,可以,炒,9.0,9.0,植物,蔬菜,0.78186935,1
韭菜,需要,清洗,9.0,9.0,植物,蔬菜,0.78186935,0
韭菜,有,茎,9.0,9.0,植物,蔬菜,0.78186935,1
韭菜,是,菜,9.0,9.0,植物,蔬菜,0.78186935,0
韭菜,是,调料,9.0,9.0,植物,蔬菜,0.78186935,0
韭菜,是,长的,9.0,9.0,植物,蔬菜,0.78186935,0
韭菜,像,麦苗,9.0,9.0,植物,蔬菜,0.78186935,1
韭菜,需要,营养,9.0,9.0,植物,蔬菜,0.78186935,0
韭菜,有,味道,9.0,9.0,植物,蔬菜,0.78186935,1
韭菜,可以,加工,9.0,9.0,植物,蔬菜,0.78186935,0
韭菜,可以,烧烤,9.0,9.0,植物,蔬菜,0.78186935,1
韭菜,是,臭的,9.0,9.0,植物,蔬菜,0.78186935,1
韭菜,是,细的,9.0,9.0,植物,蔬菜,0.78186935,0
韭菜,像,大蒜,9.0,9.0,植物,蔬菜,0.78186935,1
韭菜,像,麦子,9.0,9.0,植物,蔬菜,0.78186935,0
韭菜,像,蒜苗,9.0,9.0,植物,蔬菜,0.78186935,0
韭菜,需要,肥料,9.0,9.0,植物,蔬菜,0.78186935,1
韭菜,需要,烹饪,9.0,9.0,植物,蔬菜,0.78186935,1
卡车,是,大的,8.33,9.0,交通工具,车,0.662101464,0
卡车,有,轮子,8.33,9.0,交通工具,车,0.662101464,0
卡车,是,车,8.33,9.0,交通工具,车,0.662101464,0
卡车,是,工具,8.33,9.0,交通工具,车,0.662101464,0
卡车,像,货车,8.33,9.0,交通工具,车,0.662101464,0
卡车,可以,运输,8.33,9.0,交通工具,车,0.662101464,0
卡车,其他,交通,8.33,9.0,交通工具,车,0.662101464,0
卡车,需要,保养,8.33,9.0,交通工具,车,0.662101464,1
卡车,有,车厢,8.33,9.0,交通工具,车,0.662101464,1
卡车,需要,加油,8.33,9.0,交通工具,车,0.662101464,0
卡车,需要,驾驶,8.33,9.0,交通工具,车,0.662101464,1
卡车,需要,汽油,8.33,9.0,交通工具,车,0.662101464,0
卡车,需要,维护,8.33,9.0,交通工具,车,0.662101464,0
卡车,需要,油,8.33,9.0,交通工具,车,0.662101464,1
卡车,有,车身,8.33,9.0,交通工具,车,0.662101464,0
卡车,有,多种样式,8.33,9.0,交通工具,车,0.662101464,0
卡车,有,驾驶室,8.33,9.0,交通工具,车,0.662101464,1
卡车,可以,拉货,8.33,9.0,交通工具,车,0.662101464,0
卡车,需要,司机,8.33,9.0,交通工具,车,0.662101464,0
卡车,需要,修理,8.33,9.0,交通工具,车,0.662101464,0
卡车,有,发动机,8.33,9.0,交通工具,车,0.662101464,0
卡车,可以,搬运,8.33,9.0,交通工具,车,0.662101464,0
卡车,可以,开,8.33,9.0,交通工具,车,0.662101464,1
卡车,可以,买卖,8.33,9.0,交通工具,车,0.662101464,0
卡车,是,汽车的一种,8.33,9.0,交通工具,车,0.662101464,1
卡车,需要,动力,8.33,9.0,交通工具,车,0.662101464,1
卡车,需要,检查,8.33,9.0,交通工具,车,0.662101464,0
卡车,需要,人,8.33,9.0,交通工具,车,0.662101464,0
卡车,需要,制造,8.33,9.0,交通工具,车,0.662101464,0
卡车,有,车头,8.33,9.0,交通工具,车,0.662101464,0
卡车,有,多种品牌,8.33,9.0,交通工具,车,0.662101464,0
卡车,有,方向盘,8.33,9.0,交通工具,车,0.662101464,0
卡车,有,油箱,8.33,9.0,交通工具,车,0.662101464,1
卡车,有,载货箱,8.33,9.0,交通工具,车,0.662101464,1
裤子,可以,穿,9.0,9.0,人造物,服饰,0.676576674,1
裤子,是,衣服,9.0,9.0,人造物,服饰,0.676576674,0
裤子,有,布,9.0,9.0,人造物,服饰,0.676576674,1
裤子,可以,保暖,9.0,9.0,人造物,服饰,0.676576674,0
裤子,需要,清洗,9.0,9.0,人造物,服饰,0.676576674,0
裤子,是,服饰,9.0,9.0,人造物,服饰,0.676576674,1
裤子,有,裤腿,9.0,9.0,人造物,服饰,0.676576674,0
裤子,有,多种样式,9.0,9.0,人造物,服饰,0.676576674,0
裤子,可以,买卖,9.0,9.0,人造物,服饰,0.676576674,0
裤子,需要,缝纫,9.0,9.0,人造物,服饰,0.676576674,0
裤子,有,多种颜色,9.0,9.0,人造物,服饰,0.676576674,1
裤子,有,多种种类,9.0,9.0,人造物,服饰,0.676576674,0
裤子,有,裤腰,9.0,9.0,人造物,服饰,0.676576674,0
裤子,有,拉链,9.0,9.0,人造物,服饰,0.676576674,0
裤子,是,下衣,9.0,9.0,人造物,服饰,0.676576674,0
裤子,像,裙子,9.0,9.0,人造物,服饰,0.676576674,1
裤子,需要,熨烫,9.0,9.0,人造物,服饰,0.676576674,1
裤子,需要,制造,9.0,9.0,人造物,服饰,0.676576674,1
裤子,有,线,9.0,9.0,人造物,服饰,0.676576674,0
裤子,是,必需品,9.0,9.0,人造物,服饰,0.676576674,0
裤子,是,长的,9.0,9.0,人造物,服饰,0.676576674,0
裤子,需要,染料,9.0,9.0,人造物,服饰,0.676576674,0
裤子,有,多种型号,9.0,9.0,人造物,服饰,0.676576674,0
裤子,有,裤脚,9.0,9.0,人造物,服饰,0.676576674,0
裤子,有,两条腿,9.0,9.0,人造物,服饰,0.676576674,0
裤子,有,腿,9.0,9.0,人造物,服饰,0.676576674,0
裤子,可以,保护,9.0,9.0,人造物,服饰,0.676576674,1
裤子,是,时尚的,9.0,9.0,人造物,服饰,0.676576674,0
裤子,需要,剪裁,9.0,9.0,人造物,服饰,0.676576674,0
裤子,需要,针,9.0,9.0,人造物,服饰,0.676576674,0
裤子,有,短裤,9.0,9.0,人造物,服饰,0.676576674,0
裤子,有,多种材质,9.0,9.0,人造物,服饰,0.676576674,0
裤子,有,扣子,9.0,9.0,人造物,服饰,0.676576674,0
裤子,有,牛仔裤,9.0,9.0,人造物,服饰,0.676576674,0
裤子,有,长裤,9.0,9.0,人造物,服饰,0.676576674,1
筷子,是,餐具,9.0,9.0,人造物,餐具,0.686292154,1
筷子,是,木的,9.0,9.0,人造物,餐具,0.686292154,0
筷子,可以,进食,9.0,9.0,人造物,餐具,0.686292154,0
筷子,像,棍棒,9.0,9.0,人造物,餐具,0.686292154,0
筷子,是,金属,9.0,9.0,人造物,餐具,0.686292154,1
筷子,需要,清洗,9.0,9.0,人造物,餐具,0.686292154,0
筷子,需要,竹子,9.0,9.0,人造物,餐具,0.686292154,1
筷子,可以,夹菜,9.0,9.0,人造物,餐具,0.686292154,0
筷子,是,成对的,9.0,9.0,人造物,餐具,0.686292154,1
筷子,是,长的,9.0,9.0,人造物,餐具,0.686292154,0
筷子,有,多种材质,9.0,9.0,人造物,餐具,0.686292154,0
筷子,可以,夹食物,9.0,9.0,人造物,餐具,0.686292154,0
筷子,是,生活用品,9.0,9.0,人造物,餐具,0.686292154,1
筷子,是,细的,9.0,9.0,人造物,餐具,0.686292154,0
筷子,有,多种长度,9.0,9.0,人造物,餐具,0.686292154,1
筷子,有,多种种类,9.0,9.0,人造物,餐具,0.686292154,0
筷子,可以,夹东西,9.0,9.0,人造物,餐具,0.686292154,0
筷子,是,工具,9.0,9.0,人造物,餐具,0.686292154,0
筷子,像,树枝,9.0,9.0,人造物,餐具,0.686292154,0
筷子,需要,制造,9.0,9.0,人造物,餐具,0.686292154,0
筷子,有,两只,9.0,9.0,人造物,餐具,0.686292154,0
筷子,可以,夹取食物,9.0,9.0,人造物,餐具,0.686292154,0
筷子,可以,搅拌,9.0,9.0,人造物,餐具,0.686292154,0
筷子,是,日常的,9.0,9.0,人造物,餐具,0.686292154,0
筷子,是,塑料,9.0,9.0,人造物,餐具,0.686292154,0
筷子,是,陶瓷,9.0,9.0,人造物,餐具,0.686292154,1
筷子,是,条状的,9.0,9.0,人造物,餐具,0.686292154,1
筷子,像,铅笔,9.0,9.0,人造物,餐具,0.686292154,0
筷子,像,勺子,9.0,9.0,人造物,餐具,0.686292154,0
筷子,像,腿,9.0,9.0,人造物,餐具,0.686292154,1
筷子,像,指挥棒,9.0,9.0,人造物,餐具,0.686292154,0
筷子,有,多种颜色,9.0,9.0,人造物,餐具,0.686292154,1
筷子,有,两根,9.0,9.0,人造物,餐具,0.686292154,0
老虎,是,动物,9.0,9.0,动物,陆生动物,0.859551015,1
老虎,需要,食物,9.0,9.0,动物,陆生动物,0.859551015,0
老虎,可以,捕猎,9.0,9.0,动物,陆生动物,0.859551015,0
老虎,像,猫,9.0,9.0,动物,陆生动物,0.859551015,1
老虎,有,四肢,9.0,9.0,动物,陆生动物,0.859551015,1
老虎,有,牙齿,9.0,9.0,动物,陆生动物,0.859551015,0
老虎,是,凶的,9.0,9.0,动物,陆生动物,0.859551015,1
老虎,是,肉食类,9.0,9.0,动物,陆生动物,0.859551015,0
老虎,有,毛,9.0,9.0,动物,陆生动物,0.859551015,1
老虎,需要,水,9.0,9.0,动物,陆生动物,0.859551015,0
老虎,有,尾巴,9.0,9.0,动物,陆生动物,0.859551015,0
老虎,可以,跑,9.0,9.0,动物,陆生动物,0.859551015,0
老虎,有,嘴巴,9.0,9.0,动物,陆生动物,0.859551015,1
老虎,是,哺乳类,9.0,9.0,动物,陆生动物,0.859551015,1
老虎,像,狮子,9.0,9.0,动物,陆生动物,0.859551015,1
老虎,需要,保护,9.0,9.0,动物,陆生动物,0.859551015,1
老虎,需要,睡觉,9.0,9.0,动物,陆生动物,0.859551015,0
老虎,有,眼睛,9.0,9.0,动物,陆生动物,0.859551015,1
老虎,需要,空气,9.0,9.0,动物,陆生动物,0.859551015,0
老虎,有,耳朵,9.0,9.0,动物,陆生动物,0.859551015,0
老虎,有,锋利的牙齿,9.0,9.0,动物,陆生动物,0.859551015,0
老虎,有,花纹,9.0,9.0,动物,陆生动物,0.859551015,0
老虎,有,皮肤,9.0,9.0,动物,陆生动物,0.859551015,0
老虎,是,大的,9.0,9.0,动物,陆生动物,0.859551015,0
老虎,是,王,9.0,9.0,动物,陆生动物,0.859551015,1
老虎,有,爪子,9.0,9.0,动物,陆生动物,0.859551015,0
老虎,可以,吃人,9.0,9.0,动物,陆生动物,0.859551015,0
老虎,可以,观赏,9.0,9.0,动物,陆生动物,0.859551015,0
老虎,是,锋利的,9.0,9.0,动物,陆生动物,0.859551015,0
老虎,像,豹子,9.0,9.0,动物,陆生动物,0.859551015,0
老虎,需要,呼吸,9.0,9.0,动物,陆生动物,0.859551015,0
老虎,有,身体,9.0,9.0,动物,陆生动物,0.859551015,1
老虎,有,头,9.0,9.0,动物,陆生动物,0.859551015,1
老虎,可以,爬,9.0,9.0,动物,陆生动物,0.859551015,0
老虎,是,黄色的,9.0,9.0,动物,陆生动物,0.859551015,0
老虎,是,猫科,9.0,9.0,动物,陆生动物,0.859551015,1
老虎,是,猛兽,9.0,9.0,动物,陆生动物,0.859551015,0
老虎,是,兽类,9.0,9.0,动物,陆生动物,0.859551015,0
老虎,需要,肉,9.0,9.0,动物,陆生动物,0.859551015,0
老虎,有,鼻子,9.0,9.0,动物,陆生动物,0.859551015,0
老虎,有,多种种类,9.0,9.0,动物,陆生动物,0.859551015,0
老虎,可以,称王,9.0,9.0,动物,陆生动物,0.859551015,0
老虎,可以,繁衍,9.0,9.0,动物,陆生动物,0.859551015,0
老虎,可以,攻击,9.0,9.0,动物,陆生动物,0.859551015,0
老虎,可以,跳,9.0,9.0,动物,陆生动物,0.859551015,0
老虎,可以,咬,9.0,9.0,动物,陆生动物,0.859551015,0
老虎,可以,咬人,9.0,9.0,动物,陆生动物,0.859551015,0
老虎,可以,游泳,9.0,9.0,动物,陆生动物,0.859551015,1
老虎,是,可怕的,9.0,9.0,动物,陆生动物,0.859551015,1
老虎,是,生物,9.0,9.0,动物,陆生动物,0.859551015,0
老虎,需要,森林,9.0,9.0,动物,陆生动物,0.859551015,0
老虎,需要,饲养,9.0,9.0,动物,陆生动物,0.859551015,1
老虎,需要,远离,9.0,9.0,动物,陆生动物,0.859551015,0
老虎,有,大脑,9.0,9.0,动物,陆生动物,0.859551015,1
老鼠,是,动物,9.0,9.0,动物,陆生动物,0.708653647,0
老鼠,有,尾巴,9.0,9.0,动物,陆生动物,0.708653647,0
老鼠,需要,食物,9.0,9.0,动物,陆生动物,0.708653647,1
老鼠,有,眼睛,9.0,9.0,动物,陆生动物,0.708653647,0
老鼠,需要,水,9.0,9.0,动物,陆生动物,0.708653647,0
老鼠,有,毛,9.0,9.0,动物,陆生动物,0.708653647,0
老鼠,有,牙齿,9.0,9.0,动物,陆生动物,0.708653647,1
老鼠,有,嘴巴,9.0,9.0,动物,陆生动物,0.708653647,0
老鼠,有,耳朵,9.0,9.0,动物,陆生动物,0.708653647,0
老鼠,有,四肢,9.0,9.0,动物,陆生动物,0.708653647,0
老鼠,可以,打洞,9.0,9.0,动物,陆生动物,0.708653647,0
老鼠,是,哺乳类,9.0,9.0,动物,陆生动物,0.708653647,0
老鼠,需要,睡觉,9.0,9.0,动物,陆生动物,0.708653647,0
老鼠,是,小的,9.0,9.0,动物,陆生动物,0.708653647,0
老鼠,有,皮肤,9.0,9.0,动物,陆生动物,0.708653647,0
老鼠,是,黑色的,9.0,9.0,动物,陆生动物,0.708653647,0
老鼠,是,灰色的,9.0,9.0,动物,陆生动物,0.708653647,0
老鼠,是,啮齿类,9.0,9.0,动物,陆生动物,0.708653647,0
老鼠,有,鼻子,9.0,9.0,动物,陆生动物,0.708653647,0
老鼠,有,胡子,9.0,9.0,动物,陆生动物,0.708653647,0
老鼠,可以,传播疾病,9.0,9.0,动物,陆生动物,0.708653647,0
老鼠,可以,偷吃东西,9.0,9.0,动物,陆生动物,0.708653647,0
老鼠,需要,空气,9.0,9.0,动物,陆生动物,0.708653647,1
老鼠,有,爪子,9.0,9.0,动物,陆生动物,0.708653647,0
老鼠,可以,繁衍,9.0,9.0,动物,陆生动物,0.708653647,0
老鼠,可以,跑,9.0,9.0,动物,陆生动物,0.708653647,0
老鼠,是,白色的,9.0,9.0,动物,陆生动物,0.708653647,0
老鼠,是,生物,9.0,9.0,动物,陆生动物,0.708653647,0
老鼠,是,鼠类,9.0,9.0,动物,陆生动物,0.708653647,1
老鼠,是,有害的,9.0,9.0,动物,陆生动物,0.708653647,0
老鼠,像,仓鼠,9.0,9.0,动物,陆生动物,0.708653647,1
老鼠,像,猫,9.0,9.0,动物,陆生动物,0.708653647,0
老鼠,像,鼠标,9.0,9.0,动物,陆生动物,0.708653647,1
老鼠,需要,捕捞,9.0,9.0,动物,陆生动物,0.708653647,0
老鼠,有,身体,9.0,9.0,动物,陆生动物,0.708653647,0
老鼠,可以,啃木头,9.0,9.0,动物,陆生动物,0.708653647,0
老鼠,可以,爬,9.0,9.0,动物,陆生动物,0.708653647,0
老鼠,可以,偷吃粮食,9.0,9.0,动物,陆生动物,0.708653647,1
老鼠,可以,偷吃食物,9.0,9.0,动物,陆生动物,0.708653647,1
老鼠,可以,挖洞,9.0,9.0,动物,陆生动物,0.708653647,1
老鼠,是,四害,9.0,9.0,动物,陆生动物,0.708653647,0
老鼠,是,讨厌的,9.0,9.0,动物,陆生动物,0.708653647,0
老鼠,是,玩具,9.0,9.0,动物,陆生动物,0.708653647,0
老鼠,像,松鼠,9.0,9.0,动物,陆生动物,0.708653647,1
老鼠,像,土拨鼠,9.0,9.0,动物,陆生动物,0.708653647,0
老鼠,像,兔子,9.0,9.0,动物,陆生动物,0.708653647,1
老鼠,像,鼹鼠,9.0,9.0,动物,陆生动物,0.708653647,1
老鼠,需要,谷物,9.0,9.0,动物,陆生动物,0.708653647,1
老鼠,需要,呼吸,9.0,9.0,动物,陆生动物,0.708653647,0
老鼠,需要,消灭,9.0,9.0,动物,陆生动物,0.708653647,0
老鼠,有,多种种类,9.0,9.0,动物,陆生动物,0.708653647,1
老鼠,有,头,9.0,9.0,动物,陆生动物,0.708653647,0
老鼠,有,须,9.0,9.0,动物,陆生动物,0.708653647,1
老鼠,有,长尾巴,9.0,9.0,动物,陆生动物,0.708653647,0
立交桥,是,桥,9.0,9.0,人造物,建筑,0.427924589,0
立交桥,是,道路,9.0,9.0,人造物,建筑,0.427924589,1
立交桥,其他,交通,9.0,9.0,人造物,建筑,0.427924589,1
立交桥,需要,维护,9.0,9.0,人造物,建筑,0.427924589,1
立交桥,是,建筑,9.0,9.0,人造物,建筑,0.427924589,1
立交桥,是,复杂的,9.0,9.0,人造物,建筑,0.427924589,1
立交桥,有,车,9.0,9.0,人造物,建筑,0.427924589,0
立交桥,可以,通行,9.0,9.0,人造物,建筑,0.427924589,0
立交桥,是,大的,9.0,9.0,人造物,建筑,0.427924589,0
立交桥,是,高的,9.0,9.0,人造物,建筑,0.427924589,0
立交桥,需要,建造,9.0,9.0,人造物,建筑,0.427924589,0
立交桥,需要,修建,9.0,9.0,人造物,建筑,0.427924589,1
立交桥,有,混凝土,9.0,9.0,人造物,建筑,0.427924589,0
立交桥,像,积木,9.0,9.0,人造物,建筑,0.427924589,0
立交桥,像,血管,9.0,9.0,人造物,建筑,0.427924589,0
立交桥,像,蜘蛛网,9.0,9.0,人造物,建筑,0.427924589,0
立交桥,需要,建,9.0,9.0,人造物,建筑,0.427924589,0
立交桥,需要,修理,9.0,9.0,人造物,建筑,0.427924589,0
立交桥,有,钢筋,9.0,9.0,人造物,建筑,0.427924589,0
立交桥,有,桥墩,9.0,9.0,人造物,建筑,0.427924589,1
立交桥,有,柱子,9.0,9.0,人造物,建筑,0.427924589,0
萝卜,是,食物,9.0,9.0,植物,蔬菜,0.8076198,0
萝卜,是,蔬菜,9.0,9.0,植物,蔬菜,0.8076198,1
萝卜,有,叶子,9.0,9.0,植物,蔬菜,0.8076198,1
萝卜,需要,水,9.0,9.0,植物,蔬菜,0.8076198,0
萝卜,是,植物,9.0,9.0,植物,蔬菜,0.8076198,0
萝卜,需要,土,9.0,9.0,植物,蔬菜,0.8076198,0
萝卜,需要,空气,9.0,9.0,植物,蔬菜,0.8076198,0
萝卜,是,白色的,9.0,9.0,植物,蔬菜,0.8076198,0
萝卜,需要,阳光,9.0,9.0,植物,蔬菜,0.8076198,0
萝卜,需要,种植,9.0,9.0,植物,蔬菜,0.8076198,0
萝卜,是,红色的,9.0,9.0,植物,蔬菜,0.8076198,1
萝卜,有,根,9.0,9.0,植物,蔬菜,0.8076198,0
萝卜,有,皮,9.0,9.0,植物,蔬菜,0.8076198,1
萝卜,是,草本类,9.0,9.0,植物,蔬菜,0.8076198,0
萝卜,像,胡罗卜,9.0,9.0,植物,蔬菜,0.8076198,0
萝卜,有,维生素,9.0,9.0,植物,蔬菜,0.8076198,0
萝卜,是,脆的,9.0,9.0,植物,蔬菜,0.8076198,1
萝卜,是,绿色的,9.0,9.0,植物,蔬菜,0.8076198,0
萝卜,像,棒槌,9.0,9.0,植物,蔬菜,0.8076198,0
萝卜,有,多种颜色,9.0,9.0,植物,蔬菜,0.8076198,0
萝卜,有,果实,9.0,9.0,植物,蔬菜,0.8076198,0
萝卜,有,水,9.0,9.0,植物,蔬菜,0.8076198,1
萝卜,有,味道,9.0,9.0,植物,蔬菜,0.8076198,0
萝卜,是,圆形,9.0,9.0,植物,蔬菜,0.8076198,0
萝卜,像,红薯,9.0,9.0,植物,蔬菜,0.8076198,1
萝卜,需要,肥料,9.0,9.0,植物,蔬菜,0.8076198,0
萝卜,需要,营养,9.0,9.0,植物,蔬菜,0.8076198,0
萝卜,可以,拔,9.0,9.0,植物,蔬菜,0.8076198,0
萝卜,可以,炒,9.0,9.0,植物,蔬菜,0.8076198,0
萝卜,可以,买卖,9.0,9.0,植物,蔬菜,0.8076198,0
萝卜,可以,生吃,9.0,9.0,植物,蔬菜,0.8076198,0
萝卜,可以,腌制,9.0,9.0,植物,蔬菜,0.8076198,1
萝卜,是,根茎,9.0,9.0,植物,蔬菜,0.8076198,0
萝卜,是,光滑的,9.0,9.0,植物,蔬菜,0.8076198,1
萝卜,是,药,9.0,9.0,植物,蔬菜,0.8076198,1
萝卜,像,钉子,9.0,9.0,植物,蔬菜,0.8076198,0
萝卜,像,胡巴,9.0,9.0,植物,蔬菜,0.8076198,1
萝卜,像,藕,9.0,9.0,植物,蔬菜,0.8076198,1
萝卜,像,土豆,9.0,9.0,植物,蔬菜,0.8076198,0
萝卜,有,多种种类,9.0,9.0,植物,蔬菜,0.8076198,0
萝卜,有,胡萝卜素,9.0,9.0,植物,蔬菜,0.8076198,0
萝卜,有,花,9.0,9.0,植物,蔬菜,0.8076198,0
萝卜,有,茎,9.0,9.0,植物,蔬菜,0.8076198,0
萝卜,有,纤维,9.0,9.0,植物,蔬菜,0.8076198,0
萝卜,有,营养,9.0,9.0,植物,蔬菜,0.8076198,1
萝卜,有,种子,9.0,9.0,植物,蔬菜,0.8076198,0
麻雀,可以,飞,8.67,9.0,动物,鸟,0.827635328,0
麻雀,是,鸟,8.67,9.0,动物,鸟,0.827635328,0
麻雀,需要,食物,8.67,9.0,动物,鸟,0.827635328,1
麻雀,是,动物,8.67,9.0,动物,鸟,0.827635328,0
麻雀,有,翅膀,8.67,9.0,动物,鸟,0.827635328,0
麻雀,需要,水,8.67,9.0,动物,鸟,0.827635328,0
麻雀,有,嘴巴,8.67,9.0,动物,鸟,0.827635328,0
麻雀,有,羽毛,8.67,9.0,动物,鸟,0.827635328,0
麻雀,需要,空气,8.67,9.0,动物,鸟,0.827635328,0
麻雀,有,爪子,8.67,9.0,动物,鸟,0.827635328,1
麻雀,是,小的,8.67,9.0,动物,鸟,0.827635328,0
麻雀,有,眼睛,8.67,9.0,动物,鸟,0.827635328,0
麻雀,是,食物,8.67,9.0,动物,鸟,0.827635328,1
麻雀,需要,睡觉,8.67,9.0,动物,鸟,0.827635328,1
麻雀,可以,叫,8.67,9.0,动物,鸟,0.827635328,0
麻雀,是,棕色的,8.67,9.0,动物,鸟,0.827635328,0
麻雀,需要,阳光,8.67,9.0,动物,鸟,0.827635328,0
麻雀,有,头,8.67,9.0,动物,鸟,0.827635328,0
麻雀,可以,捕猎,8.67,9.0,动物,鸟,0.827635328,0
麻雀,像,鹌鹑,8.67,9.0,动物,鸟,0.827635328,0
麻雀,需要,虫,8.67,9.0,动物,鸟,0.827635328,1
麻雀,有,脚,8.67,9.0,动物,鸟,0.827635328,1
麻雀,有,内脏,8.67,9.0,动物,鸟,0.827635328,0
麻雀,是,灰色的,8.67,9.0,动物,鸟,0.827635328,0
麻雀,是,小巧的,8.67,9.0,动物,鸟,0.827635328,1
麻雀,像,鸡,8.67,9.0,动物,鸟,0.827635328,1
麻雀,需要,保护,8.67,9.0,动物,鸟,0.827635328,0
麻雀,需要,树枝,8.67,9.0,动物,鸟,0.827635328,1
麻雀,可以,捕虫,8.67,9.0,动物,鸟,0.827635328,0
麻雀,可以,孵化,8.67,9.0,动物,鸟,0.827635328,1
麻雀,是,禽类,8.67,9.0,动物,鸟,0.827635328,0
麻雀,是,生物,8.67,9.0,动物,鸟,0.827635328,1
麻雀,像,飞机,8.67,9.0,动物,鸟,0.827635328,0
麻雀,像,鸽子,8.67,9.0,动物,鸟,0.827635328,0
麻雀,像,喜鹊,8.67,9.0,动物,鸟,0.827635328,0
麻雀,像,燕子,8.67,9.0,动物,鸟,0.827635328,0
麻雀,像,鹦鹉,8.67,9.0,动物,鸟,0.827635328,1
麻雀,有,多种种类,8.67,9.0,动物,鸟,0.827635328,1
麻雀,有,两只脚,8.67,9.0,动物,鸟,0.827635328,0
麻雀,有,身体,8.67,9.0,动物,鸟,0.827635328,1
麻雀,有,四肢,8.67,9.0,动物,鸟,0.827635328,0
麻雀,有,腿,8.67,9.0,动物,鸟,0.827635328,0
麻雀,有,尾巴,8.67,9.0,动物,鸟,0.827635328,1
马桶,可以,冲水,9.0,9.0,人造物,家具,0.683253178,0
马桶,有,盖子,9.0,9.0,人造物,家具,0.683253178,0
马桶,像,椅子,9.0,9.0,人造物,家具,0.683253178,0
马桶,需要,清洗,9.0,9.0,人造物,家具,0.683253178,0
马桶,有,马桶盖,9.0,9.0,人造物,家具,0.683253178,0
马桶,其他,厕所,9.0,9.0,人造物,家具,0.683253178,0
马桶,有,水箱,9.0,9.0,人造物,家具,0.683253178,0
马桶,是,白色的,9.0,9.0,人造物,家具,0.683253178,1
马桶,可以,上厕所,9.0,9.0,人造物,家具,0.683253178,1
马桶,有,水,9.0,9.0,人造物,家具,0.683253178,0
马桶,是,家具,9.0,9.0,人造物,家具,0.683253178,0
马桶,是,桶,9.0,9.0,人造物,家具,0.683253178,1
马桶,可以,排泄,9.0,9.0,人造物,家具,0.683253178,1
马桶,是,家居用品,9.0,9.0,人造物,家具,0.683253178,0
马桶,是,生活用品,9.0,9.0,人造物,家具,0.683253178,0
马桶,是,陶瓷,9.0,9.0,人造物,家具,0.683253178,0
马桶,是,用具,9.0,9.0,人造物,家具,0.683253178,1
马桶,需要,安装,9.0,9.0,人造物,家具,0.683253178,0
马桶,可以,买卖,9.0,9.0,人造物,家具,0.683253178,1
马桶,是,便利的,9.0,9.0,人造物,家具,0.683253178,1
马桶,需要,设计,9.0,9.0,人造物,家具,0.683253178,0
马桶,需要,刷,9.0,9.0,人造物,家具,0.683253178,0
马桶,需要,制造,9.0,9.0,人造物,家具,0.683253178,0
马桶,有,垫子,9.0,9.0,人造物,家具,0.683253178,0
马桶,可以,使用,9.0,9.0,人造物,家具,0.683253178,1
马桶,是,工具,9.0,9.0,人造物,家具,0.683253178,0
马桶,是,人造的,9.0,9.0,人造物,家具,0.683253178,0
马桶,是,日常的,9.0,9.0,人造物,家具,0.683253178,0
马桶,是,上厕所用的,9.0,9.0,人造物,家具,0.683253178,0
马桶,是,塑料,9.0,9.0,人造物,家具,0.683253178,1
马桶,是,卫生间里的,9.0,9.0,人造物,家具,0.683253178,0
马桶,是,硬的,9.0,9.0,人造物,家具,0.683253178,1
马桶,是,坐便器,9.0,9.0,人造物,家具,0.683253178,0
马桶,像,箱子,9.0,9.0,人造物,家具,0.683253178,0
马桶,需要,擦,9.0,9.0,人造物,家具,0.683253178,0
马桶,需要,电,9.0,9.0,人造物,家具,0.683253178,0
马桶,需要,水冲,9.0,9.0,人造物,家具,0.683253178,0
马桶,需要,消毒,9.0,9.0,人造物,家具,0.683253178,0
马桶,有,按键,9.0,9.0,人造物,家具,0.683253178,0
马桶,有,冲水按钮,9.0,9.0,人造物,家具,0.683253178,1
马桶,有,马桶垫,9.0,9.0,人造物,家具,0.683253178,0
马桶,有,桶盖,9.0,9.0,人造物,家具,0.683253178,0
马桶,有,座位,9.0,9.0,人造物,家具,0.683253178,1
猫头鹰,是,动物,9.0,9.0,动物,鸟,0.779566287,0
猫头鹰,有,眼睛,9.0,9.0,动物,鸟,0.779566287,0
猫头鹰,可以,飞,9.0,9.0,动物,鸟,0.779566287,0
猫头鹰,是,鸟,9.0,9.0,动物,鸟,0.779566287,0
猫头鹰,有,翅膀,9.0,9.0,动物,鸟,0.779566287,1
猫头鹰,需要,食物,9.0,9.0,动物,鸟,0.779566287,0
猫头鹰,像,猫,9.0,9.0,动物,鸟,0.779566287,1
猫头鹰,有,羽毛,9.0,9.0,动物,鸟,0.779566287,0
猫头鹰,有,嘴巴,9.0,9.0,动物,鸟,0.779566287,1
猫头鹰,是,晚上的,9.0,9.0,动物,鸟,0.779566287,0
猫头鹰,需要,睡觉,9.0,9.0,动物,鸟,0.779566287,0
猫头鹰,可以,捕猎,9.0,9.0,动物,鸟,0.779566287,0
猫头鹰,有,大眼睛,9.0,9.0,动物,鸟,0.779566287,0
猫头鹰,其他,哈利波特,9.0,9.0,动物,鸟,0.779566287,0
猫头鹰,需要,保护,9.0,9.0,动物,鸟,0.779566287,0
猫头鹰,需要,老鼠,9.0,9.0,动物,鸟,0.779566287,0
猫头鹰,有,毛,9.0,9.0,动物,鸟,0.779566287,1
猫头鹰,像,鹰,9.0,9.0,动物,鸟,0.779566287,0
猫头鹰,需要,空气,9.0,9.0,动物,鸟,0.779566287,0
猫头鹰,有,爪子,9.0,9.0,动物,鸟,0.779566287,0
猫头鹰,是,禽类,9.0,9.0,动物,鸟,0.779566287,0
猫头鹰,是,凶的,9.0,9.0,动物,鸟,0.779566287,0
猫头鹰,是,有益的,9.0,9.0,动物,鸟,0.779566287,1
猫头鹰,像,老鹰,9.0,9.0,动物,鸟,0.779566287,0
猫头鹰,需要,水,9.0,9.0,动物,鸟,0.779566287,0
猫头鹰,可以,捕老鼠,9.0,9.0,动物,鸟,0.779566287,1
猫头鹰,可以,夜视,9.0,9.0,动物,鸟,0.779566287,1
猫头鹰,是,可爱的,9.0,9.0,动物,鸟,0.779566287,0
猫头鹰,是,生物,9.0,9.0,动物,鸟,0.779566287,0
猫头鹰,需要,栖息地,9.0,9.0,动物,鸟,0.779566287,0
猫头鹰,有,鼻子,9.0,9.0,动物,鸟,0.779566287,0
猫头鹰,有,尖嘴巴,9.0,9.0,动物,鸟,0.779566287,1
猫头鹰,有,脚,9.0,9.0,动物,鸟,0.779566287,1
毛衣,是,衣服,9.0,9.0,人造物,服饰,0.718374649,0
毛衣,可以,保暖,9.0,9.0,人造物,服饰,0.718374649,0
毛衣,有,毛线,9.0,9.0,人造物,服饰,0.718374649,0
毛衣,需要,清洗,9.0,9.0,人造物,服饰,0.718374649,1
毛衣,可以,穿,9.0,9.0,人造物,服饰,0.718374649,0
毛衣,有,毛,9.0,9.0,人造物,服饰,0.718374649,0
毛衣,有,多种样式,9.0,9.0,人造物,服饰,0.718374649,1
毛衣,需要,制造,9.0,9.0,人造物,服饰,0.718374649,0
毛衣,有,多种颜色,9.0,9.0,人造物,服饰,0.718374649,0
毛衣,是,服饰,9.0,9.0,人造物,服饰,0.718374649,1
毛衣,像,秋衣,9.0,9.0,人造物,服饰,0.718374649,0
毛衣,需要,针织,9.0,9.0,人造物,服饰,0.718374649,1
毛衣,有,线,9.0,9.0,人造物,服饰,0.718374649,0
毛衣,可以,买卖,9.0,9.0,人造物,服饰,0.718374649,0
毛衣,可以,御寒,9.0,9.0,人造物,服饰,0.718374649,0
毛衣,需要,织,9.0,9.0,人造物,服饰,0.718374649,0
毛衣,是,纺织品,9.0,9.0,人造物,服饰,0.718374649,0
毛衣,像,卫衣,9.0,9.0,人造物,服饰,0.718374649,0
毛衣,有,多种种类,9.0,9.0,人造物,服饰,0.718374649,0
毛衣,可以,挡风,9.0,9.0,人造物,服饰,0.718374649,0
毛衣,是,白色的,9.0,9.0,人造物,服饰,0.718374649,0
毛衣,是,厚的,9.0,9.0,人造物,服饰,0.718374649,0
毛衣,是,生活用品,9.0,9.0,人造物,服饰,0.718374649,1
毛衣,是,舒服的,9.0,9.0,人造物,服饰,0.718374649,0
毛衣,是,针织的,9.0,9.0,人造物,服饰,0.718374649,0
毛衣,像,大衣,9.0,9.0,人造物,服饰,0.718374649,0
毛衣,像,外套,9.0,9.0,人造物,服饰,0.718374649,1
毛衣,像,线衣,9.0,9.0,人造物,服饰,0.718374649,0
毛衣,像,针织衫,9.0,9.0,人造物,服饰,0.718374649,0
毛衣,需要,保养,9.0,9.0,人造物,服饰,0.718374649,0
毛衣,需要,晾干,9.0,9.0,人造物,服饰,0.718374649,0
毛衣,需要,阳光,9.0,9.0,人造物,服饰,0.718374649,0
毛衣,有,孔,9.0,9.0,人造物,服饰,0.718374649,0
毛衣,有,纤维,9.0,9.0,人造物,服饰,0.718374649,0
毛衣,有,袖子,9.0,9.0,人造物,服饰,0.718374649,0
茅草屋,需要,草,9.0,9.0,人造物,建筑,0.664232559,0
茅草屋,是,房屋,9.0,9.0,人造物,建筑,0.664232559,0
茅草屋,需要,搭建,9.0,9.0,人造物,建筑,0.664232559,0
茅草屋,可以,挡雨,9.0,9.0,人造物,建筑,0.664232559,0
茅草屋,是,木的,9.0,9.0,人造物,建筑,0.664232559,0
茅草屋,像,草丛,9.0,9.0,人造物,建筑,0.664232559,0
茅草屋,有,门,9.0,9.0,人造物,建筑,0.664232559,1
茅草屋,有,屋顶,9.0,9.0,人造物,建筑,0.664232559,1
茅草屋,是,屋子,9.0,9.0,人造物,建筑,0.664232559,0
茅草屋,有,窗户,9.0,9.0,人造物,建筑,0.664232559,0
茅草屋,可以,避雨,9.0,9.0,人造物,建筑,0.664232559,1
茅草屋,是,简陋的,9.0,9.0,人造物,建筑,0.664232559,0
茅草屋,是,建筑,9.0,9.0,人造物,建筑,0.664232559,0
茅草屋,需要,维护,9.0,9.0,人造物,建筑,0.664232559,0
茅草屋,有,墙,9.0,9.0,人造物,建筑,0.664232559,0
茅草屋,可以,挡风,9.0,9.0,人造物,建筑,0.664232559,0
茅草屋,可以,居住,9.0,9.0,人造物,建筑,0.664232559,0
茅草屋,需要,建造,9.0,9.0,人造物,建筑,0.664232559,0
茅草屋,有,空间,9.0,9.0,人造物,建筑,0.664232559,0
茅草屋,可以,取暖,9.0,9.0,人造物,建筑,0.664232559,1
茅草屋,可以,御寒,9.0,9.0,人造物,建筑,0.664232559,0
茅草屋,其他,杜甫,9.0,9.0,人造物,建筑,0.664232559,0
茅草屋,是,脆弱的,9.0,9.0,人造物,建筑,0.664232559,0
茅草屋,需要,检查,9.0,9.0,人造物,建筑,0.664232559,0
茅草屋,需要,设计,9.0,9.0,人造物,建筑,0.664232559,1
茅草屋,需要,修缮,9.0,9.0,人造物,建筑,0.664232559,0
茅草屋,有,房顶,9.0,9.0,人造物,建筑,0.664232559,0
茅草屋,有,泥土,9.0,9.0,人造物,建筑,0.664232559,1
茅草屋,有,人,9.0,9.0,人造物,建筑,0.664232559,0
茅草屋,有,土,9.0,9.0,人造物,建筑,0.664232559,1
摩托车,是,工具,9.0,9.0,交通工具,车,0.679091357,1
摩托车,其他,交通,9.0,9.0,交通工具,车,0.679091357,1
摩托车,可以,骑,9.0,9.0,交通工具,车,0.679091357,0
摩托车,需要,油,9.0,9.0,交通工具,车,0.679091357,0
摩托车,是,车,9.0,9.0,交通工具,车,0.679091357,0
摩托车,有,轮子,9.0,9.0,交通工具,车,0.679091357,1
摩托车,需要,加油,9.0,9.0,交通工具,车,0.679091357,1
摩托车,有,把手,9.0,9.0,交通工具,车,0.679091357,1
摩托车,有,发动机,9.0,9.0,交通工具,车,0.679091357,0
摩托车,有,座位,9.0,9.0,交通工具,车,0.679091357,0
摩托车,像,自行车,9.0,9.0,交通工具,车,0.679091357,0
摩托车,需要,汽油,9.0,9.0,交通工具,车,0.679091357,0
摩托车,像,电动车,9.0,9.0,交通工具,车,0.679091357,0
摩托车,需要,驾驶,9.0,9.0,交通工具,车,0.679091357,0
摩托车,可以,代步,9.0,9.0,交通工具,车,0.679091357,0
摩托车,是,机动的,9.0,9.0,交通工具,车,0.679091357,0
摩托车,需要,保养,9.0,9.0,交通工具,车,0.679091357,1
摩托车,有,多种样式,9.0,9.0,交通工具,车,0.679091357,0
摩托车,有,两个轮子,9.0,9.0,交通工具,车,0.679091357,0
摩托车,可以,发声,9.0,9.0,交通工具,车,0.679091357,0
摩托车,可以,买卖,9.0,9.0,交通工具,车,0.679091357,1
摩托车,可以,耍酷,9.0,9.0,交通工具,车,0.679091357,1
摩托车,是,吵闹的,9.0,9.0,交通工具,车,0.679091357,0
摩托车,是,酷的,9.0,9.0,交通工具,车,0.679091357,1
摩托车,是,危险的,9.0,9.0,交通工具,车,0.679091357,0
摩托车,有,刹车,9.0,9.0,交通工具,车,0.679091357,1
摩托车,有,排气管,9.0,9.0,交通工具,车,0.679091357,0
摩托车,有,仪表盘,9.0,9.0,交通工具,车,0.679091357,0
奶牛,是,动物,9.0,9.0,动物,陆生动物,0.796479581,0
奶牛,是,黑色的,9.0,9.0,动物,陆生动物,0.796479581,0
奶牛,可以,产奶,9.0,9.0,动物,陆生动物,0.796479581,1
奶牛,是,白色的,9.0,9.0,动物,陆生动物,0.796479581,0
奶牛,是,黑白的,9.0,9.0,动物,陆生动物,0.796479581,0
奶牛,需要,食物,9.0,9.0,动物,陆生动物,0.796479581,0
奶牛,需要,草,9.0,9.0,动物,陆生动物,0.796479581,1
奶牛,有,花纹,9.0,9.0,动物,陆生动物,0.796479581,0
奶牛,可以,挤奶,9.0,9.0,动物,陆生动物,0.796479581,0
奶牛,是,牛,9.0,9.0,动物,陆生动物,0.796479581,0
奶牛,需要,水,9.0,9.0,动物,陆生动物,0.796479581,0
奶牛,需要,饲养,9.0,9.0,动物,陆生动物,0.796479581,0
奶牛,有,尾巴,9.0,9.0,动物,陆生动物,0.796479581,0
奶牛,是,哺乳类,9.0,9.0,动物,陆生动物,0.796479581,0
奶牛,有,乳房,9.0,9.0,动物,陆生动物,0.796479581,1
奶牛,有,眼睛,9.0,9.0,动物,陆生动物,0.796479581,0
奶牛,像,斑马,9.0,9.0,动物,陆生动物,0.796479581,0
奶牛,像,羊,9.0,9.0,动物,陆生动物,0.796479581,1
奶牛,需要,空气,9.0,9.0,动物,陆生动物,0.796479581,0
奶牛,需要,睡觉,9.0,9.0,动物,陆生动物,0.796479581,0
奶牛,有,奶,9.0,9.0,动物,陆生动物,0.796479581,1
奶牛,有,牛奶,9.0,9.0,动物,陆生动物,0.796479581,0
奶牛,像,黄牛,9.0,9.0,动物,陆生动物,0.796479581,0
奶牛,有,斑点,9.0,9.0,动物,陆生动物,0.796479581,0
奶牛,有,角,9.0,9.0,动物,陆生动物,0.796479581,0
奶牛,有,毛,9.0,9.0,动物,陆生动物,0.796479581,0
奶牛,有,四肢,9.0,9.0,动物,陆生动物,0.796479581,0
奶牛,可以,生产牛奶,9.0,9.0,动物,陆生动物,0.796479581,1
奶牛,是,家养的,9.0,9.0,动物,陆生动物,0.796479581,1
奶牛,是,牲畜,9.0,9.0,动物,陆生动物,0.796479581,1
奶牛,是,食物,9.0,9.0,动物,陆生动物,0.796479581,0
奶牛,像,肉牛,9.0,9.0,动物,陆生动物,0.796479581,0
奶牛,像,熊猫,9.0,9.0,动物,陆生动物,0.796479581,0
奶牛,需要,保护,9.0,9.0,动物,陆生动物,0.796479581,0
奶牛,需要,草料,9.0,9.0,动物,陆生动物,0.796479581,1
奶牛,需要,喂草,9.0,9.0,动物,陆生动物,0.796479581,0
奶牛,有,鼻子,9.0,9.0,动物,陆生动物,0.796479581,0
奶牛,有,嘴巴,9.0,9.0,动物,陆生动物,0.796479581,0
喷泉,是,水,9.0,9.0,人造物,建筑,0.640555675,0
喷泉,可以,观赏,9.0,9.0,人造物,建筑,0.640555675,0
喷泉,可以,喷水,9.0,9.0,人造物,建筑,0.640555675,0
喷泉,是,景观,9.0,9.0,人造物,建筑,0.640555675,1
喷泉,需要,电,9.0,9.0,人造物,建筑,0.640555675,1
喷泉,像,水枪,9.0,9.0,人造物,建筑,0.640555675,1
喷泉,有,音乐,9.0,9.0,人造物,建筑,0.640555675,0
喷泉,是,设施,9.0,9.0,人造物,建筑,0.640555675,0
喷泉,像,瀑布,9.0,9.0,人造物,建筑,0.640555675,0
喷泉,有,灯光,9.0,9.0,人造物,建筑,0.640555675,0
喷泉,是,装饰,9.0,9.0,人造物,建筑,0.640555675,0
喷泉,有,喷头,9.0,9.0,人造物,建筑,0.640555675,0
喷泉,可以,娱乐,9.0,9.0,人造物,建筑,0.640555675,0
喷泉,是,建筑,9.0,9.0,人造物,建筑,0.640555675,0
喷泉,是,泉水,9.0,9.0,人造物,建筑,0.640555675,0
喷泉,像,烟花,9.0,9.0,人造物,建筑,0.640555675,0
喷泉,需要,动力,9.0,9.0,人造物,建筑,0.640555675,0
喷泉,需要,建造,9.0,9.0,人造物,建筑,0.640555675,0
喷泉,有,多种样式,9.0,9.0,人造物,建筑,0.640555675,1
喷泉,其他,广场,9.0,9.0,人造物,建筑,0.640555675,0
喷泉,是,雕塑,9.0,9.0,人造物,建筑,0.640555675,1
喷泉,是,公共的,9.0,9.0,人造物,建筑,0.640555675,0
喷泉,是,好看的,9.0,9.0,人造物,建筑,0.640555675,1
喷泉,是,人造的,9.0,9.0,人造物,建筑,0.640555675,0
喷泉,像,花洒,9.0,9.0,人造物,建筑,0.640555675,1
喷泉,像,水龙头,9.0,9.0,人造物,建筑,0.640555675,0
喷泉,需要,清理,9.0,9.0,人造物,建筑,0.640555675,0
喷泉,需要,维护,9.0,9.0,人造物,建筑,0.640555675,0
喷泉,需要,压力,9.0,9.0,人造物,建筑,0.640555675,1
喷泉,需要,压强,9.0,9.0,人造物,建筑,0.640555675,0
喷泉,有,出水口,9.0,9.0,人造物,建筑,0.640555675,0
喷泉,有,多种颜色,9.0,9.0,人造物,建筑,0.640555675,1
喷泉,有,孔,9.0,9.0,人造物,建筑,0.640555675,0
喷泉,有,喷嘴,9.0,9.0,人造物,建筑,0.640555675,0
喷泉,有,水泵,9.0,9.0,人造物,建筑,0.640555675,1
喷泉,有,水池,9.0,9.0,人造物,建筑,0.640555675,0
喷泉,有,水管,9.0,9.0,人造物,建筑,0.640555675,0
苹果,是,食物,9.0,9.0,植物,水果,0.783936971,1
苹果,是,水果,9.0,9.0,植物,水果,0.783936971,0
苹果,是,红色的,9.0,9.0,植物,水果,0.783936971,0
苹果,有,皮,9.0,9.0,植物,水果,0.783936971,0
苹果,是,甜的,9.0,9.0,植物,水果,0.783936971,0
苹果,有,果核,9.0,9.0,植物,水果,0.783936971,0
苹果,有,果肉,9.0,9.0,植物,水果,0.783936971,1
苹果,需要,水,9.0,9.0,植物,水果,0.783936971,1
苹果,需要,种植,9.0,9.0,植物,水果,0.783936971,0
苹果,需要,削皮,9.0,9.0,植物,水果,0.783936971,1
苹果,需要,阳光,9.0,9.0,植物,水果,0.783936971,1
苹果,是,圆形,9.0,9.0,植物,水果,0.783936971,0
苹果,需要,土,9.0,9.0,植物,水果,0.783936971,0
苹果,像,脸,9.0,9.0,植物,水果,0.783936971,0
苹果,需要,空气,9.0,9.0,植物,水果,0.783936971,1
苹果,是,绿色的,9.0,9.0,植物,水果,0.783936971,1
苹果,像,梨,9.0,9.0,植物,水果,0.783936971,1
苹果,需要,清洗,9.0,9.0,植物,水果,0.783936971,0
苹果,可以,解渴,9.0,9.0,植物,水果,0.783936971,0
苹果,是,脆的,9.0,9.0,植物,水果,0.783936971,1
苹果,是,健康的,9.0,9.0,植物,水果,0.783936971,1
苹果,是,香的,9.0,9.0,植物,水果,0.783936971,1
苹果,是,植物,9.0,9.0,植物,水果,0.783936971,0
苹果,像,球,9.0,9.0,植物,水果,0.783936971,1
苹果,像,桃子,9.0,9.0,植物,水果,0.783936971,1
苹果,需要,肥料,9.0,9.0,植物,水果,0.783936971,0
苹果,有,水,9.0,9.0,植物,水果,0.783936971,1
苹果,有,维生素,9.0,9.0,植物,水果,0.783936971,1
苹果,有,营养,9.0,9.0,植物,水果,0.783936971,0
苹果,可以,买卖,9.0,9.0,植物,水果,0.783936971,0
苹果,是,好吃的,9.0,9.0,植物,水果,0.783936971,0
苹果,像,灯笼,9.0,9.0,植物,水果,0.783936971,1
苹果,像,笑脸,9.0,9.0,植物,水果,0.783936971,0
苹果,像,心脏,9.0,9.0,植物,水果,0.783936971,0
苹果,需要,采摘,9.0,9.0,植物,水果,0.783936971,0
苹果,需要,收割,9.0,9.0,植物,水果,0.783936971,0
苹果,需要,营养,9.0,9.0,植物,水果,0.783936971,0
苹果,有,多种种类,9.0,9.0,植物,水果,0.783936971,0
苹果,有,果实,9.0,9.0,植物,水果,0.783936971,1
苹果,有,果汁,9.0,9.0,植物,水果,0.783936971,1
苹果,有,维生素C,9.0,9.0,植物,水果,0.783936971,0
苹果,有,种子,9.0,9.0,植物,水果,0.783936971,1
葡萄,是,水果,9.0,9.0,植物,水果,0.832366116,0
葡萄,是,食物,9.0,9.0,植物,水果,0.832366116,0
葡萄,有,籽,9.0,9.0,植物,水果,0.832366116,1
葡萄,是,甜的,9.0,9.0,植物,水果,0.832366116,0
葡萄,需要,水,9.0,9.0,植物,水果,0.832366116,0
葡萄,是,紫色的,9.0,9.0,植物,水果,0.832366116,0
葡萄,需要,种植,9.0,9.0,植物,水果,0.832366116,0
葡萄,有,果肉,9.0,9.0,植物,水果,0.832366116,0
葡萄,有,皮,9.0,9.0,植物,水果,0.832366116,0
葡萄,可以,酿酒,9.0,9.0,植物,水果,0.832366116,0
葡萄,需要,采摘,9.0,9.0,植物,水果,0.832366116,0
葡萄,需要,阳光,9.0,9.0,植物,水果,0.832366116,0
葡萄,是,植物,9.0,9.0,植物,水果,0.832366116,0
葡萄,需要,清洗,9.0,9.0,植物,水果,0.832366116,0
葡萄,是,绿色的,9.0,9.0,植物,水果,0.832366116,1
葡萄,是,酸的,9.0,9.0,植物,水果,0.832366116,0
葡萄,需要,空气,9.0,9.0,植物,水果,0.832366116,1
葡萄,需要,土,9.0,9.0,植物,水果,0.832366116,0
葡萄,有,多种颜色,9.0,9.0,植物,水果,0.832366116,0
葡萄,有,葡萄皮,9.0,9.0,植物,水果,0.832366116,0
葡萄,可以,买卖,9.0,9.0,植物,水果,0.832366116,0
葡萄,是,圆形,9.0,9.0,植物,水果,0.832366116,0
葡萄,像,玻璃球,9.0,9.0,植物,水果,0.832366116,0
葡萄,像,球,9.0,9.0,植物,水果,0.832366116,1
葡萄,有,多种种类,9.0,9.0,植物,水果,0.832366116,0
葡萄,有,果核,9.0,9.0,植物,水果,0.832366116,0
葡萄,是,红色的,9.0,9.0,植物,水果,0.832366116,0
葡萄,像,提子,9.0,9.0,植物,水果,0.832366116,0
葡萄,需要,剥开,9.0,9.0,植物,水果,0.832366116,0
葡萄,有,营养,9.0,9.0,植物,水果,0.832366116,0
葡萄,像,宝石,9.0,9.0,植物,水果,0.832366116,0
葡萄,像,玛瑙,9.0,9.0,植物,水果,0.832366116,1
葡萄,像,眼睛,9.0,9.0,植物,水果,0.832366116,0
葡萄,像,珍珠,9.0,9.0,植物,水果,0.832366116,0
葡萄,有,多种型号,9.0,9.0,植物,水果,0.832366116,0
葡萄,有,果实,9.0,9.0,植物,水果,0.832366116,0
葡萄,有,糖,9.0,9.0,植物,水果,0.832366116,1
葡萄,有,维生素,9.0,9.0,植物,水果,0.832366116,0
葡萄,有,汁水,9.0,9.0,植物,水果,0.832366116,1
葡萄,可以,观赏,9.0,9.0,植物,水果,0.832366116,0
葡萄,可以,晒,9.0,9.0,植物,水果,0.832366116,0
葡萄,可以,晒干,9.0,9.0,植物,水果,0.832366116,0
葡萄,可以,生长,9.0,9.0,植物,水果,0.832366116,0
葡萄,其他,安胎,9.0,9.0,植物,水果,0.832366116,1
葡萄,是,好吃的,9.0,9.0,植物,水果,0.832366116,0
葡萄,是,黑色的,9.0,9.0,植物,水果,0.832366116,0
葡萄,需要,肥料,9.0,9.0,植物,水果,0.832366116,0
葡萄,需要,营养,9.0,9.0,植物,水果,0.832366116,0
葡萄,有,树枝,9.0,9.0,植物,水果,0.832366116,0
葡萄,有,水,9.0,9.0,植物,水果,0.832366116,0
葡萄,有,叶子,9.0,9.0,植物,水果,0.832366116,0
茄子,是,紫色的,9.0,9.0,植物,蔬菜,0.737249192,0
茄子,是,食物,9.0,9.0,植物,蔬菜,0.737249192,0
茄子,是,蔬菜,9.0,9.0,植物,蔬菜,0.737249192,1
茄子,是,植物,9.0,9.0,植物,蔬菜,0.737249192,1
茄子,需要,水,9.0,9.0,植物,蔬菜,0.737249192,0
茄子,有,皮,9.0,9.0,植物,蔬菜,0.737249192,1
茄子,需要,种植,9.0,9.0,植物,蔬菜,0.737249192,1
茄子,可以,炒,9.0,9.0,植物,蔬菜,0.737249192,1
茄子,需要,土,9.0,9.0,植物,蔬菜,0.737249192,0
茄子,需要,阳光,9.0,9.0,植物,蔬菜,0.737249192,0
茄子,是,长的,9.0,9.0,植物,蔬菜,0.737249192,0
茄子,需要,空气,9.0,9.0,植物,蔬菜,0.737249192,0
茄子,有,籽,9.0,9.0,植物,蔬菜,0.737249192,1
茄子,是,绿色的,9.0,9.0,植物,蔬菜,0.737249192,0
茄子,是,圆形,9.0,9.0,植物,蔬菜,0.737249192,1
茄子,像,灯笼,9.0,9.0,植物,蔬菜,0.737249192,0
茄子,需要,采摘,9.0,9.0,植物,蔬菜,0.737249192,0
茄子,需要,烹饪,9.0,9.0,植物,蔬菜,0.737249192,1
茄子,有,刺,9.0,9.0,植物,蔬菜,0.737249192,0
茄子,有,果实,9.0,9.0,植物,蔬菜,0.737249192,0
茄子,有,营养,9.0,9.0,植物,蔬菜,0.737249192,0
茄子,像,黄瓜,9.0,9.0,植物,蔬菜,0.737249192,0
茄子,需要,肥料,9.0,9.0,植物,蔬菜,0.737249192,0
茄子,需要,清洗,9.0,9.0,植物,蔬菜,0.737249192,0
茄子,有,把手,9.0,9.0,植物,蔬菜,0.737249192,1
茄子,有,叶子,9.0,9.0,植物,蔬菜,0.737249192,0
茄子,有,种子,9.0,9.0,植物,蔬菜,0.737249192,0
茄子,可以,凉拌,9.0,9.0,植物,蔬菜,0.737249192,0
茄子,可以,生长,9.0,9.0,植物,蔬菜,0.737249192,0
茄子,是,瓜,9.0,9.0,植物,蔬菜,0.737249192,1
茄子,是,好吃的,9.0,9.0,植物,蔬菜,0.737249192,1
茄子,是,条状的,9.0,9.0,植物,蔬菜,0.737249192,0
茄子,是,油炸类,9.0,9.0,植物,蔬菜,0.737249192,0
茄子,像,气球,9.0,9.0,植物,蔬菜,0.737249192,0
茄子,像,球,9.0,9.0,植物,蔬菜,0.737249192,0
茄子,像,西红柿,9.0,9.0,植物,蔬菜,0.737249192,0
茄子,像,月亮,9.0,9.0,植物,蔬菜,0.737249192,0
茄子,需要,削皮,9.0,9.0,植物,蔬菜,0.737249192,0
茄子,有,果肉,9.0,9.0,植物,蔬菜,0.737249192,0
茄子,有,茎,9.0,9.0,植物,蔬菜,0.737249192,0
茄子,有,毛,9.0,9.0,植物,蔬菜,0.737249192,0
茄子,有,维生素,9.0,9.0,植物,蔬菜,0.737249192,0
人行天桥,是,桥,9.0,9.0,人造物,建筑,0.612120357,1
人行天桥,有,楼梯,9.0,9.0,人造物,建筑,0.612120357,0
人行天桥,需要,维护,9.0,9.0,人造物,建筑,0.612120357,1
人行天桥,是,道路,9.0,9.0,人造物,建筑,0.612120357,1
人行天桥,有,栏杆,9.0,9.0,人造物,建筑,0.612120357,0
人行天桥,是,立交桥,9.0,9.0,人造物,建筑,0.612120357,0
人行天桥,需要,建造,9.0,9.0,人造物,建筑,0.612120357,0
人行天桥,有,台阶,9.0,9.0,人造物,建筑,0.612120357,1
人行天桥,可以,行走,9.0,9.0,人造物,建筑,0.612120357,0
人行天桥,其他,行人,9.0,9.0,人造物,建筑,0.612120357,0
人行天桥,是,建筑,9.0,9.0,人造物,建筑,0.612120357,0
人行天桥,是,设施,9.0,9.0,人造物,建筑,0.612120357,0
人行天桥,像,彩虹,9.0,9.0,人造物,建筑,0.612120357,0
人行天桥,有,扶手,9.0,9.0,人造物,建筑,0.612120357,1
人行天桥,可以,保护,9.0,9.0,人造物,建筑,0.612120357,0
人行天桥,是,安全的,9.0,9.0,人造物,建筑,0.612120357,1
人行天桥,是,通道,9.0,9.0,人造物,建筑,0.612120357,0
人行天桥,需要,水泥,9.0,9.0,人造物,建筑,0.612120357,1
人行天桥,需要,修建,9.0,9.0,人造物,建筑,0.612120357,0
人行天桥,需要,修理,9.0,9.0,人造物,建筑,0.612120357,1
人行天桥,有,钢筋,9.0,9.0,人造物,建筑,0.612120357,0
人行天桥,有,桥面,9.0,9.0,人造物,建筑,0.612120357,1
人行天桥,其他,北京,9.0,9.0,人造物,建筑,0.612120357,1
人行天桥,其他,交通,9.0,9.0,人造物,建筑,0.612120357,0
人行天桥,是,便利的,9.0,9.0,人造物,建筑,0.612120357,0
人行天桥,是,高的,9.0,9.0,人造物,建筑,0.612120357,0
人行天桥,是,公共的,9.0,9.0,人造物,建筑,0.612120357,0
人行天桥,需要,建设,9.0,9.0,人造物,建筑,0.612120357,0
人行天桥,有,阶梯,9.0,9.0,人造物,建筑,0.612120357,0
人行天桥,可以,保护人,9.0,9.0,人造物,建筑,0.612120357,0
人行天桥,可以,过马路,9.0,9.0,人造物,建筑,0.612120357,1
人行天桥,可以,通行,9.0,9.0,人造物,建筑,0.612120357,0
人行天桥,是,城市的,9.0,9.0,人造物,建筑,0.612120357,0
人行天桥,是,金属,9.0,9.0,人造物,建筑,0.612120357,1
人行天桥,是,空中的,9.0,9.0,人造物,建筑,0.612120357,0
人行天桥,是,天桥,9.0,9.0,人造物,建筑,0.612120357,0
人行天桥,像,斑马线,9.0,9.0,人造物,建筑,0.612120357,1
人行天桥,像,地下通道,9.0,9.0,人造物,建筑,0.612120357,1
人行天桥,需要,清洗,9.0,9.0,人造物,建筑,0.612120357,0
人行天桥,需要,铁,9.0,9.0,人造物,建筑,0.612120357,0
人行天桥,有,人,9.0,9.0,人造物,建筑,0.612120357,0
人行天桥,有,支架,9.0,9.0,人造物,建筑,0.612120357,0
扫帚,可以,扫地,9.0,9.0,人造物,工具,0.678072179,1
扫帚,是,工具,9.0,9.0,人造物,工具,0.678072179,0
扫帚,可以,打扫,9.0,9.0,人造物,工具,0.678072179,0
扫帚,有,把手,9.0,9.0,人造物,工具,0.678072179,1
扫帚,有,毛,9.0,9.0,人造物,工具,0.678072179,0
扫帚,可以,清洁,9.0,9.0,人造物,工具,0.678072179,0
扫帚,可以,买卖,9.0,9.0,人造物,工具,0.678072179,1
扫帚,像,扇子,9.0,9.0,人造物,工具,0.678072179,0
扫帚,是,黄色的,9.0,9.0,人造物,工具,0.678072179,0
扫帚,是,家居用品,9.0,9.0,人造物,工具,0.678072179,0
扫帚,是,生活用品,9.0,9.0,人造物,工具,0.678072179,0
扫帚,是,用品,9.0,9.0,人造物,工具,0.678072179,0
扫帚,需要,簸箕,9.0,9.0,人造物,工具,0.678072179,0
扫帚,可以,除尘,9.0,9.0,人造物,工具,0.678072179,1
扫帚,可以,清扫,9.0,9.0,人造物,工具,0.678072179,0
扫帚,其他,簸箕,9.0,9.0,人造物,工具,0.678072179,0
扫帚,是,必需品,9.0,9.0,人造物,工具,0.678072179,0
扫帚,是,塑料,9.0,9.0,人造物,工具,0.678072179,0
扫帚,是,长的,9.0,9.0,人造物,工具,0.678072179,0
扫帚,像,魔法棒,9.0,9.0,人造物,工具,0.678072179,0
扫帚,像,刷子,9.0,9.0,人造物,工具,0.678072179,1
扫帚,像,尾巴,9.0,9.0,人造物,工具,0.678072179,1
扫帚,需要,更换,9.0,9.0,人造物,工具,0.678072179,0
扫帚,有,多种长度,9.0,9.0,人造物,工具,0.678072179,1
扫帚,有,多种种类,9.0,9.0,人造物,工具,0.678072179,0
扫帚,有,杆子,9.0,9.0,人造物,工具,0.678072179,0
沙发,是,家具,9.0,9.0,人造物,家具,0.797972703,0
沙发,可以,躺,9.0,9.0,人造物,家具,0.797972703,0
沙发,是,软的,9.0,9.0,人造物,家具,0.797972703,1
沙发,像,床,9.0,9.0,人造物,家具,0.797972703,1
沙发,可以,休息,9.0,9.0,人造物,家具,0.797972703,0
沙发,像,椅子,9.0,9.0,人造物,家具,0.797972703,1
沙发,可以,睡觉,9.0,9.0,人造物,家具,0.797972703,1
沙发,有,海绵,9.0,9.0,人造物,家具,0.797972703,0
沙发,有,靠背,9.0,9.0,人造物,家具,0.797972703,1
沙发,是,舒服的,9.0,9.0,人造物,家具,0.797972703,0
沙发,是,木的,9.0,9.0,人造物,家具,0.797972703,0
沙发,是,皮的,9.0,9.0,人造物,家具,0.797972703,1
沙发,需要,保养,9.0,9.0,人造物,家具,0.797972703,0
沙发,需要,清洗,9.0,9.0,人造物,家具,0.797972703,1
沙发,有,多种材质,9.0,9.0,人造物,家具,0.797972703,0
沙发,可以,买卖,9.0,9.0,人造物,家具,0.797972703,1
沙发,需要,制造,9.0,9.0,人造物,家具,0.797972703,0
沙发,有,布,9.0,9.0,人造物,家具,0.797972703,1
沙发,有,垫子,9.0,9.0,人造物,家具,0.797972703,0
沙发,有,座垫,9.0,9.0,人造物,家具,0.797972703,0
沙发,是,词汇,9.0,9.0,人造物,家具,0.797972703,0
沙发,是,国外的,9.0,9.0,人造物,家具,0.797972703,0
沙发,是,家居用品,9.0,9.0,人造物,家具,0.797972703,0
沙发,是,长的,9.0,9.0,人造物,家具,0.797972703,1
沙发,需要,设计,9.0,9.0,人造物,家具,0.797972703,0
沙发,有,多种型号,9.0,9.0,人造物,家具,0.797972703,0
沙发,有,多种颜色,9.0,9.0,人造物,家具,0.797972703,1
沙发,有,扶手,9.0,9.0,人造物,家具,0.797972703,0
沙发,有,棉花,9.0,9.0,人造物,家具,0.797972703,0
沙发,有,皮,9.0,9.0,人造物,家具,0.797972703,0
沙发,有,腿,9.0,9.0,人造物,家具,0.797972703,0
沙发,可以,看视频,9.0,9.0,人造物,家具,0.797972703,0
沙发,可以,趴,9.0,9.0,人造物,家具,0.797972703,1
沙发,可以,玩手机,9.0,9.0,人造物,家具,0.797972703,0
沙发,是,方形的,9.0,9.0,人造物,家具,0.797972703,0
沙发,是,硬的,9.0,9.0,人造物,家具,0.797972703,1
沙发,需要,清理,9.0,9.0,人造物,家具,0.797972703,0
沙发,有,弹簧,9.0,9.0,人造物,家具,0.797972703,0
沙发,有,多种形状,9.0,9.0,人造物,家具,0.797972703,0
沙发,有,多种样式,9.0,9.0,人造物,家具,0.797972703,0
沙发,有,多种种类,9.0,9.0,人造物,家具,0.797972703,0
沙发,有,软垫,9.0,9.0,人造物,家具,0.797972703,0
沙发,有,沙发垫,9.0,9.0,人造物,家具,0.797972703,1
纱布,可以,包扎,9.0,9.0,人造物,医疗用品,0.731995866,1
纱布,有,布,9.0,9.0,人造物,医疗用品,0.731995866,1
纱布,是,棉的,9.0,9.0,人造物,医疗用品,0.731995866,0
纱布,是,医疗用品,9.0,9.0,人造物,医疗用品,0.731995866,0
纱布,可以,包扎伤口,9.0,9.0,人造物,医疗用品,0.731995866,0
纱布,是,白色的,9.0,9.0,人造物,医疗用品,0.731995866,0
纱布,有,网,9.0,9.0,人造物,医疗用品,0.731995866,0
纱布,有,孔,9.0,9.0,人造物,医疗用品,0.731995866,0
纱布,是,纺织品,9.0,9.0,人造物,医疗用品,0.731995866,1
纱布,有,多种样式,9.0,9.0,人造物,医疗用品,0.731995866,1
纱布,可以,包裹,9.0,9.0,人造物,医疗用品,0.731995866,0
纱布,可以,买卖,9.0,9.0,人造物,医疗用品,0.731995866,1
纱布,需要,消毒,9.0,9.0,人造物,医疗用品,0.731995866,1
纱布,可以,裁剪,9.0,9.0,人造物,医疗用品,0.731995866,1
纱布,像,绷带,9.0,9.0,人造物,医疗用品,0.731995866,1
纱布,需要,清洗,9.0,9.0,人造物,医疗用品,0.731995866,0
纱布,有,棉花,9.0,9.0,人造物,医疗用品,0.731995866,0
纱布,可以,缠绕,9.0,9.0,人造物,医疗用品,0.731995866,0
纱布,是,软的,9.0,9.0,人造物,医疗用品,0.731995866,1
纱布,是,稀疏的,9.0,9.0,人造物,医疗用品,0.731995866,1
纱布,是,药,9.0,9.0,人造物,医疗用品,0.731995866,0
纱布,像,胶带,9.0,9.0,人造物,医疗用品,0.731995866,1
纱布,像,渔网,9.0,9.0,人造物,医疗用品,0.731995866,1
纱布,需要,保质,9.0,9.0,人造物,医疗用品,0.731995866,0
纱布,需要,制造,9.0,9.0,人造物,医疗用品,0.731995866,0
纱布,可以,包裹伤口,9.0,9.0,人造物,医疗用品,0.731995866,0
纱布,可以,保护,9.0,9.0,人造物,医疗用品,0.731995866,0
纱布,可以,保护伤口,9.0,9.0,人造物,医疗用品,0.731995866,1
纱布,可以,固定,9.0,9.0,人造物,医疗用品,0.731995866,0
纱布,是,薄的,9.0,9.0,人造物,医疗用品,0.731995866,1
纱布,是,轻的,9.0,9.0,人造物,医疗用品,0.731995866,0
纱布,是,透气的,9.0,9.0,人造物,医疗用品,0.731995866,0
纱布,是,用品,9.0,9.0,人造物,医疗用品,0.731995866,0
纱布,像,创口贴,9.0,9.0,人造物,医疗用品,0.731995866,1
纱布,像,毛巾,9.0,9.0,人造物,医疗用品,0.731995866,0
纱布,像,手帕,9.0,9.0,人造物,医疗用品,0.731995866,0
纱布,像,蚊帐,9.0,9.0,人造物,医疗用品,0.731995866,0
纱布,需要,干燥,9.0,9.0,人造物,医疗用品,0.731995866,0
纱布,需要,更换,9.0,9.0,人造物,医疗用品,0.731995866,0
纱布,需要,剪刀,9.0,9.0,人造物,医疗用品,0.731995866,0
纱布,有,洞,9.0,9.0,人造物,医疗用品,0.731995866,0
纱布,有,宽度,9.0,9.0,人造物,医疗用品,0.731995866,0
狮子,是,动物,9.0,9.0,动物,陆生动物,0.849750465,0
狮子,需要,食物,9.0,9.0,动物,陆生动物,0.849750465,1
狮子,有,毛,9.0,9.0,动物,陆生动物,0.849750465,0
狮子,是,肉食类,9.0,9.0,动物,陆生动物,0.849750465,0
狮子,是,凶的,9.0,9.0,动物,陆生动物,0.849750465,1
狮子,可以,捕猎,9.0,9.0,动物,陆生动物,0.849750465,0
狮子,有,尾巴,9.0,9.0,动物,陆生动物,0.849750465,0
狮子,像,老虎,9.0,9.0,动物,陆生动物,0.849750465,1
狮子,需要,水,9.0,9.0,动物,陆生动物,0.849750465,0
狮子,有,牙齿,9.0,9.0,动物,陆生动物,0.849750465,0
狮子,可以,跑,9.0,9.0,动物,陆生动物,0.849750465,0
狮子,像,猫,9.0,9.0,动物,陆生动物,0.849750465,1
狮子,需要,睡觉,9.0,9.0,动物,陆生动物,0.849750465,0
狮子,有,眼睛,9.0,9.0,动物,陆生动物,0.849750465,0
狮子,有,四肢,9.0,9.0,动物,陆生动物,0.849750465,0
狮子,需要,保护,9.0,9.0,动物,陆生动物,0.849750465,0
狮子,有,嘴巴,9.0,9.0,动物,陆生动物,0.849750465,0
狮子,需要,空气,9.0,9.0,动物,陆生动物,0.849750465,0
狮子,有,鼻子,9.0,9.0,动物,陆生动物,0.849750465,1
狮子,有,爪子,9.0,9.0,动物,陆生动物,0.849750465,1
狮子,是,哺乳类,9.0,9.0,动物,陆生动物,0.849750465,0
狮子,是,猫科,9.0,9.0,动物,陆生动物,0.849750465,0
狮子,有,锋利的牙齿,9.0,9.0,动物,陆生动物,0.849750465,0
狮子,是,锋利的,9.0,9.0,动物,陆生动物,0.849750465,1
狮子,像,豹子,9.0,9.0,动物,陆生动物,0.849750465,0
狮子,有,耳朵,9.0,9.0,动物,陆生动物,0.849750465,1
狮子,有,身体,9.0,9.0,动物,陆生动物,0.849750465,0
狮子,可以,繁衍,9.0,9.0,动物,陆生动物,0.849750465,0
狮子,是,猛兽,9.0,9.0,动物,陆生动物,0.849750465,1
狮子,是,兽类,9.0,9.0,动物,陆生动物,0.849750465,1
狮子,是,野生的,9.0,9.0,动物,陆生动物,0.849750465,0
狮子,需要,呼吸,9.0,9.0,动物,陆生动物,0.849750465,0
狮子,有,锋利的爪子,9.0,9.0,动物,陆生动物,0.849750465,0
狮子,可以,吃人,9.0,9.0,动物,陆生动物,0.849750465,0
狮子,可以,观赏,9.0,9.0,动物,陆生动物,0.849750465,0
狮子,可以,咬,9.0,9.0,动物,陆生动物,0.849750465,0
狮子,可以,咬人,9.0,9.0,动物,陆生动物,0.849750465,0
狮子,是,大的,9.0,9.0,动物,陆生动物,0.849750465,0
狮子,是,黄色的,9.0,9.0,动物,陆生动物,0.849750465,1
狮子,需要,阳光,9.0,9.0,动物,陆生动物,0.849750465,1
狮子,有,雌的,9.0,9.0,动物,陆生动物,0.849750465,0
狮子,有,皮肤,9.0,9.0,动物,陆生动物,0.849750465,1
狮子,有,头,9.0,9.0,动物,陆生动物,0.849750465,0
狮子,有,雄的,9.0,9.0,动物,陆生动物,0.849750465,0
狮子,可以,打架,9.0,9.0,动物,陆生动物,0.849750465,0
狮子,可以,吼叫,9.0,9.0,动物,陆生动物,0.849750465,0
狮子,可以,伤人,9.0,9.0,动物,陆生动物,0.849750465,0
狮子,是,非洲的,9.0,9.0,动物,陆生动物,0.849750465,1
狮子,是,可怕的,9.0,9.0,动物,陆生动物,0.849750465,0
狮子,是,快速的,9.0,9.0,动物,陆生动物,0.849750465,0
狮子,是,群居的,9.0,9.0,动物,陆生动物,0.849750465,1
狮子,是,森林之王,9.0,9.0,动物,陆生动物,0.849750465,0
狮子,是,王,9.0,9.0,动物,陆生动物,0.849750465,0
狮子,像,狗,9.0,9.0,动物,陆生动物,0.849750465,1
狮子,需要,交配,9.0,9.0,动物,陆生动物,0.849750465,0
狮子,需要,领地,9.0,9.0,动物,陆生动物,0.849750465,0
狮子,有,鬃毛,9.0,9.0,动物,陆生动物,0.849750465,1
手掌,是,身体部位,9.0,9.0,身体部位,身体部位,0.67074882,1
手掌,需要,保护,9.0,9.0,身体部位,身体部位,0.67074882,0
手掌,其他,人,9.0,9.0,身体部位,身体部位,0.67074882,1
手掌,有,手指,9.0,9.0,身体部位,身体部位,0.67074882,1
手掌,有,肉,9.0,9.0,身体部位,身体部位,0.67074882,1
手掌,有,掌纹,9.0,9.0,身体部位,身体部位,0.67074882,1
手掌,有,皮肤,9.0,9.0,身体部位,身体部位,0.67074882,1
手掌,是,手,9.0,9.0,身体部位,身体部位,0.67074882,0
手掌,需要,清洗,9.0,9.0,身体部位,身体部位,0.67074882,0
手掌,有,掌心,9.0,9.0,身体部位,身体部位,0.67074882,0
手掌,有,骨骼,9.0,9.0,身体部位,身体部位,0.67074882,1
手掌,可以,击掌,9.0,9.0,身体部位,身体部位,0.67074882,0
手掌,是,器官,9.0,9.0,身体部位,身体部位,0.67074882,0
手掌,像,鸡爪,9.0,9.0,身体部位,身体部位,0.67074882,1
手掌,有,温度,9.0,9.0,身体部位,身体部位,0.67074882,1
手掌,可以,打人,9.0,9.0,身体部位,身体部位,0.67074882,1
手掌,可以,鼓掌,9.0,9.0,身体部位,身体部位,0.67074882,0
手掌,可以,拿,9.0,9.0,身体部位,身体部位,0.67074882,0
手掌,可以,弯曲,9.0,9.0,身体部位,身体部位,0.67074882,1
手掌,像,脚,9.0,9.0,身体部位,身体部位,0.67074882,0
手掌,像,鸭掌,9.0,9.0,身体部位,身体部位,0.67074882,0
手掌,有,关节,9.0,9.0,身体部位,身体部位,0.67074882,0
手掌,有,血液,9.0,9.0,身体部位,身体部位,0.67074882,0
手掌,可以,看手相,9.0,9.0,身体部位,身体部位,0.67074882,0
手掌,可以,握,9.0,9.0,身体部位,身体部位,0.67074882,0
手掌,可以,握手,9.0,9.0,身体部位,身体部位,0.67074882,1
手掌,可以,写字,9.0,9.0,身体部位,身体部位,0.67074882,1
手掌,是,厚的,9.0,9.0,身体部位,身体部位,0.67074882,0
手掌,是,宽的,9.0,9.0,身体部位,身体部位,0.67074882,0
手掌,是,软的,9.0,9.0,身体部位,身体部位,0.67074882,0
手掌,像,五指山,9.0,9.0,身体部位,身体部位,0.67074882,0
手掌,像,仙人掌,9.0,9.0,身体部位,身体部位,0.67074882,0
手掌,需要,保养,9.0,9.0,身体部位,身体部位,0.67074882,1
手掌,需要,勤洗手,9.0,9.0,身体部位,身体部位,0.67074882,0
手掌,有,表皮,9.0,9.0,身体部位,身体部位,0.67074882,0
手掌,有,肌肉,9.0,9.0,身体部位,身体部位,0.67074882,1
手掌,有,纹路,9.0,9.0,身体部位,身体部位,0.67074882,0
手掌,有,血管,9.0,9.0,身体部位,身体部位,0.67074882,0
手掌,有,指头,9.0,9.0,身体部位,身体部位,0.67074882,1
书柜,可以,放书,9.0,9.0,人造物,家具,0.602744298,1
书柜,是,家具,9.0,9.0,人造物,家具,0.602744298,0
书柜,是,木的,9.0,9.0,人造物,家具,0.602744298,1
书柜,有,书,9.0,9.0,人造物,家具,0.602744298,0
书柜,是,柜子,9.0,9.0,人造物,家具,0.602744298,0
书柜,需要,整理,9.0,9.0,人造物,家具,0.602744298,1
书柜,像,衣柜,9.0,9.0,人造物,家具,0.602744298,0
书柜,有,多种样式,9.0,9.0,人造物,家具,0.602744298,0
书柜,可以,储物,9.0,9.0,人造物,家具,0.602744298,1
书柜,有,隔层,9.0,9.0,人造物,家具,0.602744298,0
书柜,有,架子,9.0,9.0,人造物,家具,0.602744298,0
书柜,需要,清理,9.0,9.0,人造物,家具,0.602744298,0
书柜,有,格子,9.0,9.0,人造物,家具,0.602744298,1
书柜,有,很多层,9.0,9.0,人造物,家具,0.602744298,1
书柜,可以,买卖,9.0,9.0,人造物,家具,0.602744298,1
书柜,需要,擦,9.0,9.0,人造物,家具,0.602744298,1
书柜,需要,防水,9.0,9.0,人造物,家具,0.602744298,0
书柜,有,玻璃门,9.0,9.0,人造物,家具,0.602744298,0
天鹅,是,动物,8.67,9.0,动物,鸟,0.833804006,0
天鹅,需要,食物,8.67,9.0,动物,鸟,0.833804006,0
天鹅,有,羽毛,8.67,9.0,动物,鸟,0.833804006,0
天鹅,有,翅膀,8.67,9.0,动物,鸟,0.833804006,0
天鹅,可以,飞,8.67,9.0,动物,鸟,0.833804006,0
天鹅,需要,水,8.67,9.0,动物,鸟,0.833804006,0
天鹅,可以,观赏,8.67,9.0,动物,鸟,0.833804006,1
天鹅,是,白色的,8.67,9.0,动物,鸟,0.833804006,0
天鹅,是,鸟,8.67,9.0,动物,鸟,0.833804006,1
天鹅,像,鸭子,8.67,9.0,动物,鸟,0.833804006,0
天鹅,有,嘴巴,8.67,9.0,动物,鸟,0.833804006,0
天鹅,可以,游泳,8.67,9.0,动物,鸟,0.833804006,1
天鹅,需要,保护,8.67,9.0,动物,鸟,0.833804006,0
天鹅,像,鹅,8.67,9.0,动物,鸟,0.833804006,0
天鹅,有,脖子,8.67,9.0,动物,鸟,0.833804006,0
天鹅,有,眼睛,8.67,9.0,动物,鸟,0.833804006,0
天鹅,是,黑色的,8.67,9.0,动物,鸟,0.833804006,0
天鹅,需要,睡觉,8.67,9.0,动物,鸟,0.833804006,0
天鹅,是,禽类,8.67,9.0,动物,鸟,0.833804006,1
天鹅,是,优雅的,8.67,9.0,动物,鸟,0.833804006,0
天鹅,是,高贵的,8.67,9.0,动物,鸟,0.833804006,0
天鹅,是,食物,8.67,9.0,动物,鸟,0.833804006,0
天鹅,像,大雁,8.67,9.0,动物,鸟,0.833804006,0
天鹅,需要,空气,8.67,9.0,动物,鸟,0.833804006,0
天鹅,需要,鱼,8.67,9.0,动物,鸟,0.833804006,0
天鹅,有,长脖子,8.67,9.0,动物,鸟,0.833804006,0
天鹅,有,爪子,8.67,9.0,动物,鸟,0.833804006,1
天鹅,可以,养殖,8.67,9.0,动物,鸟,0.833804006,0
天鹅,是,两栖类,8.67,9.0,动物,鸟,0.833804006,0
天鹅,需要,阳光,8.67,9.0,动物,鸟,0.833804006,0
天鹅,有,多种种类,8.67,9.0,动物,鸟,0.833804006,0
天鹅,有,头,8.67,9.0,动物,鸟,0.833804006,0
天鹅,可以,捕猎,8.67,9.0,动物,鸟,0.833804006,0
天鹅,可以,繁衍,8.67,9.0,动物,鸟,0.833804006,0
天鹅,可以,行走,8.67,9.0,动物,鸟,0.833804006,0
天鹅,可以,跑,8.67,9.0,动物,鸟,0.833804006,0
天鹅,可以,戏水,8.67,9.0,动物,鸟,0.833804006,0
天鹅,是,好看的,8.67,9.0,动物,鸟,0.833804006,1
天鹅,是,水里的,8.67,9.0,动物,鸟,0.833804006,0
天鹅,是,象征,8.67,9.0,动物,鸟,0.833804006,0
天鹅,是,优美的,8.67,9.0,动物,鸟,0.833804006,0
天鹅,是,游禽,8.67,9.0,动物,鸟,0.833804006,1
天鹅,像,鸡,8.67,9.0,动物,鸟,0.833804006,0
天鹅,像,雪,8.67,9.0,动物,鸟,0.833804006,1
天鹅,需要,栖息地,8.67,9.0,动物,鸟,0.833804006,0
天鹅,有,多种颜色,8.67,9.0,动物,鸟,0.833804006,1
天鹅,有,脚,8.67,9.0,动物,鸟,0.833804006,0
天鹅,有,毛,8.67,9.0,动物,鸟,0.833804006,1
天鹅,有,身体,8.67,9.0,动物,鸟,0.833804006,1
天鹅,有,腿,8.67,9.0,动物,鸟,0.833804006,0
土豆,是,食物,9.0,9.0,植物,蔬菜,0.77037983,0
土豆,需要,种植,9.0,9.0,植物,蔬菜,0.77037983,0
土豆,有,淀粉,9.0,9.0,植物,蔬菜,0.77037983,1
土豆,是,蔬菜,9.0,9.0,植物,蔬菜,0.77037983,0
土豆,有,皮,9.0,9.0,植物,蔬菜,0.77037983,0
土豆,是,植物,9.0,9.0,植物,蔬菜,0.77037983,1
土豆,需要,土,9.0,9.0,植物,蔬菜,0.77037983,1
土豆,可以,炒,9.0,9.0,植物,蔬菜,0.77037983,0
土豆,像,红薯,9.0,9.0,植物,蔬菜,0.77037983,0
土豆,是,黄色的,9.0,9.0,植物,蔬菜,0.77037983,0
土豆,是,圆形,9.0,9.0,植物,蔬菜,0.77037983,1
土豆,需要,清洗,9.0,9.0,植物,蔬菜,0.77037983,1
土豆,是,块茎类,9.0,9.0,植物,蔬菜,0.77037983,1
土豆,是,硬的,9.0,9.0,植物,蔬菜,0.77037983,0
土豆,需要,水,9.0,9.0,植物,蔬菜,0.77037983,1
土豆,有,多种种类,9.0,9.0,植物,蔬菜,0.77037983,0
土豆,可以,饱腹,9.0,9.0,植物,蔬菜,0.77037983,1
土豆,可以,烤,9.0,9.0,植物,蔬菜,0.77037983,0
土豆,像,球,9.0,9.0,植物,蔬菜,0.77037983,0
土豆,像,芋头,9.0,9.0,植物,蔬菜,0.77037983,0
土豆,需要,肥料,9.0,9.0,植物,蔬菜,0.77037983,1
土豆,需要,阳光,9.0,9.0,植物,蔬菜,0.77037983,0
土豆,有,坑,9.0,9.0,植物,蔬菜,0.77037983,1
土豆,有,营养,9.0,9.0,植物,蔬菜,0.77037983,0
土豆,是,粮食,9.0,9.0,植物,蔬菜,0.77037983,1
土豆,是,椭圆形,9.0,9.0,植物,蔬菜,0.77037983,0
土豆,是,长在土里的,9.0,9.0,植物,蔬菜,0.77037983,0
土豆,是,棕色的,9.0,9.0,植物,蔬菜,0.77037983,0
土豆,像,鹅卵石,9.0,9.0,植物,蔬菜,0.77037983,0
土豆,像,鸡蛋,9.0,9.0,植物,蔬菜,0.77037983,0
土豆,像,苹果,9.0,9.0,植物,蔬菜,0.77037983,1
土豆,像,土堆,9.0,9.0,植物,蔬菜,0.77037983,1
土豆,需要,剥开,9.0,9.0,植物,蔬菜,0.77037983,0
土豆,需要,采摘,9.0,9.0,植物,蔬菜,0.77037983,0
土豆,需要,炖,9.0,9.0,植物,蔬菜,0.77037983,0
土豆,需要,加工,9.0,9.0,植物,蔬菜,0.77037983,1
土豆,需要,空气,9.0,9.0,植物,蔬菜,0.77037983,0
土豆,需要,烹饪,9.0,9.0,植物,蔬菜,0.77037983,0
土豆,有,薄皮,9.0,9.0,植物,蔬菜,0.77037983,0
土豆,有,茎,9.0,9.0,植物,蔬菜,0.77037983,1
土豆,有,芽,9.0,9.0,植物,蔬菜,0.77037983,0
兔子,是,动物,9.0,9.0,动物,陆生动物,0.820338894,0
兔子,需要,食物,9.0,9.0,动物,陆生动物,0.820338894,1
兔子,有,耳朵,9.0,9.0,动物,陆生动物,0.820338894,0
兔子,是,食物,9.0,9.0,动物,陆生动物,0.820338894,1
兔子,有,眼睛,9.0,9.0,动物,陆生动物,0.820338894,0
兔子,需要,水,9.0,9.0,动物,陆生动物,0.820338894,1
兔子,需要,饲养,9.0,9.0,动物,陆生动物,0.820338894,0
兔子,是,白色的,9.0,9.0,动物,陆生动物,0.820338894,0
兔子,是,可爱的,9.0,9.0,动物,陆生动物,0.820338894,0
兔子,有,毛,9.0,9.0,动物,陆生动物,0.820338894,0
兔子,可以,跑,9.0,9.0,动物,陆生动物,0.820338894,0
兔子,可以,跳,9.0,9.0,动物,陆生动物,0.820338894,0
兔子,需要,草,9.0,9.0,动物,陆生动物,0.820338894,0
兔子,有,尾巴,9.0,9.0,动物,陆生动物,0.820338894,1
兔子,需要,空气,9.0,9.0,动物,陆生动物,0.820338894,1
兔子,需要,胡罗卜,9.0,9.0,动物,陆生动物,0.820338894,0
兔子,需要,睡觉,9.0,9.0,动物,陆生动物,0.820338894,1
兔子,有,长耳朵,9.0,9.0,动物,陆生动物,0.820338894,0
兔子,是,宠物,9.0,9.0,动物,陆生动物,0.820338894,0
兔子,像,老鼠,9.0,9.0,动物,陆生动物,0.820338894,0
兔子,有,四肢,9.0,9.0,动物,陆生动物,0.820338894,0
兔子,有,嘴巴,9.0,9.0,动物,陆生动物,0.820338894,0
兔子,是,哺乳类,9.0,9.0,动物,陆生动物,0.820338894,0
兔子,是,红色的,9.0,9.0,动物,陆生动物,0.820338894,0
兔子,像,猫,9.0,9.0,动物,陆生动物,0.820338894,0
兔子,有,红眼睛,9.0,9.0,动物,陆生动物,0.820338894,0
兔子,有,皮肤,9.0,9.0,动物,陆生动物,0.820338894,0
兔子,是,灰色的,9.0,9.0,动物,陆生动物,0.820338894,1
兔子,像,毛线球,9.0,9.0,动物,陆生动物,0.820338894,0
兔子,像,棉花,9.0,9.0,动物,陆生动物,0.820338894,1
兔子,需要,保护,9.0,9.0,动物,陆生动物,0.820338894,0
兔子,需要,呼吸,9.0,9.0,动物,陆生动物,0.820338894,0
兔子,需要,萝卜,9.0,9.0,动物,陆生动物,0.820338894,0
兔子,有,鼻子,9.0,9.0,动物,陆生动物,0.820338894,0
兔子,有,多种种类,9.0,9.0,动物,陆生动物,0.820338894,0
兔子,有,腿,9.0,9.0,动物,陆生动物,0.820338894,0
兔子,有,牙齿,9.0,9.0,动物,陆生动物,0.820338894,0
兔子,可以,蹦,9.0,9.0,动物,陆生动物,0.820338894,0
兔子,可以,繁衍,9.0,9.0,动物,陆生动物,0.820338894,0
兔子,可以,观赏,9.0,9.0,动物,陆生动物,0.820338894,0
兔子,其他,龟兔赛跑,9.0,9.0,动物,陆生动物,0.820338894,0
兔子,是,啮齿类,9.0,9.0,动物,陆生动物,0.820338894,1
兔子,是,软的,9.0,9.0,动物,陆生动物,0.820338894,0
兔子,是,生物,9.0,9.0,动物,陆生动物,0.820338894,0
兔子,是,玩具,9.0,9.0,动物,陆生动物,0.820338894,1
兔子,像,球,9.0,9.0,动物,陆生动物,0.820338894,0
兔子,像,云,9.0,9.0,动物,陆生动物,0.820338894,0
兔子,需要,青菜,9.0,9.0,动物,陆生动物,0.820338894,0
兔子,需要,食用,9.0,9.0,动物,陆生动物,0.820338894,0
兔子,有,短尾巴,9.0,9.0,动物,陆生动物,0.820338894,0
袜子,可以,保暖,9.0,9.0,人造物,服饰,0.754048516,0
袜子,需要,清洗,9.0,9.0,人造物,服饰,0.754048516,0
袜子,可以,穿,9.0,9.0,人造物,服饰,0.754048516,0
袜子,可以,保护,9.0,9.0,人造物,服饰,0.754048516,0
袜子,是,棉的,9.0,9.0,人造物,服饰,0.754048516,0
袜子,像,手套,9.0,9.0,人造物,服饰,0.754048516,1
袜子,有,布,9.0,9.0,人造物,服饰,0.754048516,0
袜子,可以,保护脚,9.0,9.0,人造物,服饰,0.754048516,0
袜子,是,衣服,9.0,9.0,人造物,服饰,0.754048516,1
袜子,可以,买卖,9.0,9.0,人造物,服饰,0.754048516,1
袜子,其他,脚,9.0,9.0,人造物,服饰,0.754048516,0
袜子,是,服饰,9.0,9.0,人造物,服饰,0.754048516,0
袜子,有,多种样式,9.0,9.0,人造物,服饰,0.754048516,0
袜子,是,纺织品,9.0,9.0,人造物,服饰,0.754048516,1
袜子,像,船,9.0,9.0,人造物,服饰,0.754048516,0
袜子,需要,制造,9.0,9.0,人造物,服饰,0.754048516,0
袜子,有,多种颜色,9.0,9.0,人造物,服饰,0.754048516,0
袜子,是,成对的,9.0,9.0,人造物,服饰,0.754048516,0
袜子,是,生活用品,9.0,9.0,人造物,服饰,0.754048516,0
袜子,像,袋子,9.0,9.0,人造物,服饰,0.754048516,1
袜子,像,鞋,9.0,9.0,人造物,服饰,0.754048516,1
袜子,有,弹性,9.0,9.0,人造物,服饰,0.754048516,0
袜子,有,洞,9.0,9.0,人造物,服饰,0.754048516,0
袜子,有,多种种类,9.0,9.0,人造物,服饰,0.754048516,1
袜子,有,花纹,9.0,9.0,人造物,服饰,0.754048516,0
袜子,有,口,9.0,9.0,人造物,服饰,0.754048516,1
袜子,有,两只,9.0,9.0,人造物,服饰,0.754048516,1
袜子,有,线,9.0,9.0,人造物,服饰,0.754048516,0
袜子,可以,防脚臭,9.0,9.0,人造物,服饰,0.754048516,0
袜子,是,软的,9.0,9.0,人造物,服饰,0.754048516,0
袜子,是,舒服的,9.0,9.0,人造物,服饰,0.754048516,0
袜子,有,多种材质,9.0,9.0,人造物,服饰,0.754048516,1
袜子,有,多种长度,9.0,9.0,人造物,服饰,0.754048516,0
袜子,有,袜口,9.0,9.0,人造物,服饰,0.754048516,0
袜子,有,袜筒,9.0,9.0,人造物,服饰,0.754048516,0
围巾,可以,保暖,9.0,9.0,人造物,服饰,0.647848221,0
围巾,需要,清洗,9.0,9.0,人造物,服饰,0.647848221,0
围巾,有,毛线,9.0,9.0,人造物,服饰,0.647848221,1
围巾,是,衣服,9.0,9.0,人造物,服饰,0.647848221,0
围巾,有,多种颜色,9.0,9.0,人造物,服饰,0.647848221,0
围巾,有,多种材质,9.0,9.0,人造物,服饰,0.647848221,1
围巾,有,多种样式,9.0,9.0,人造物,服饰,0.647848221,0
围巾,是,长的,9.0,9.0,人造物,服饰,0.647848221,1
围巾,可以,戴,9.0,9.0,人造物,服饰,0.647848221,0
围巾,可以,围在脖子上,9.0,9.0,人造物,服饰,0.647848221,1
围巾,可以,御寒,9.0,9.0,人造物,服饰,0.647848221,0
围巾,是,温暖的,9.0,9.0,人造物,服饰,0.647848221,0
围巾,需要,制造,9.0,9.0,人造物,服饰,0.647848221,0
围巾,可以,穿,9.0,9.0,人造物,服饰,0.647848221,1
围巾,是,纺织品,9.0,9.0,人造物,服饰,0.647848221,0
围巾,是,棉的,9.0,9.0,人造物,服饰,0.647848221,1
围巾,是,配饰,9.0,9.0,人造物,服饰,0.647848221,0
围巾,是,条状的,9.0,9.0,人造物,服饰,0.647848221,1
围巾,是,装饰,9.0,9.0,人造物,服饰,0.647848221,0
围巾,像,毛巾,9.0,9.0,人造物,服饰,0.647848221,0
围巾,像,围脖,9.0,9.0,人造物,服饰,0.647848221,0
围巾,需要,编织,9.0,9.0,人造物,服饰,0.647848221,0
围巾,有,多种花纹,9.0,9.0,人造物,服饰,0.647848221,0
围巾,有,多种长度,9.0,9.0,人造物,服饰,0.647848221,1
围巾,有,宽度,9.0,9.0,人造物,服饰,0.647848221,0
围巾,有,流苏,9.0,9.0,人造物,服饰,0.647848221,0
围巾,有,毛,9.0,9.0,人造物,服饰,0.647848221,0
围巾,可以,挡风,9.0,9.0,人造物,服饰,0.647848221,0
围巾,可以,围脖,9.0,9.0,人造物,服饰,0.647848221,0
围巾,是,服饰,9.0,9.0,人造物,服饰,0.647848221,0
围巾,是,厚的,9.0,9.0,人造物,服饰,0.647848221,0
围巾,是,用品,9.0,9.0,人造物,服饰,0.647848221,0
围巾,像,披风,9.0,9.0,人造物,服饰,0.647848221,1
围巾,像,丝带,9.0,9.0,人造物,服饰,0.647848221,1
围巾,像,丝巾,9.0,9.0,人造物,服饰,0.647848221,0
围巾,需要,脖子,9.0,9.0,人造物,服饰,0.647848221,0
围巾,有,布,9.0,9.0,人造物,服饰,0.647848221,0
围巾,有,多种种类,9.0,9.0,人造物,服饰,0.647848221,1
围巾,有,纹路,9.0,9.0,人造物,服饰,0.647848221,0
西瓜,是,水果,9.0,9.0,植物,水果,0.839231935,0
西瓜,是,食物,9.0,9.0,植物,水果,0.839231935,1
西瓜,像,球,9.0,9.0,植物,水果,0.839231935,0
西瓜,有,皮,9.0,9.0,植物,水果,0.839231935,0
西瓜,需要,土,9.0,9.0,植物,水果,0.839231935,1
西瓜,需要,阳光,9.0,9.0,植物,水果,0.839231935,0
西瓜,需要,水,9.0,9.0,植物,水果,0.839231935,0
西瓜,是,绿色的,9.0,9.0,植物,水果,0.839231935,1
西瓜,是,甜的,9.0,9.0,植物,水果,0.839231935,1
西瓜,是,圆形,9.0,9.0,植物,水果,0.839231935,0
西瓜,像,皮球,9.0,9.0,植物,水果,0.839231935,1
西瓜,需要,种植,9.0,9.0,植物,水果,0.839231935,0
西瓜,有,籽,9.0,9.0,植物,水果,0.839231935,0
西瓜,需要,切,9.0,9.0,植物,水果,0.839231935,1
西瓜,有,果肉,9.0,9.0,植物,水果,0.839231935,0
西瓜,可以,解渴,9.0,9.0,植物,水果,0.839231935,1
西瓜,有,瓜瓤,9.0,9.0,植物,水果,0.839231935,0
西瓜,需要,采摘,9.0,9.0,植物,水果,0.839231935,0
西瓜,需要,空气,9.0,9.0,植物,水果,0.839231935,0
西瓜,可以,解暑,9.0,9.0,植物,水果,0.839231935,0
西瓜,可以,买卖,9.0,9.0,植物,水果,0.839231935,0
西瓜,是,红色的,9.0,9.0,植物,水果,0.839231935,1
西瓜,是,植物,9.0,9.0,植物,水果,0.839231935,0
西瓜,有,瓜皮,9.0,9.0,植物,水果,0.839231935,0
西瓜,有,西瓜子,9.0,9.0,植物,水果,0.839231935,0
西瓜,是,多汁的,9.0,9.0,植物,水果,0.839231935,0
西瓜,是,瓜,9.0,9.0,植物,水果,0.839231935,1
西瓜,像,哈密瓜,9.0,9.0,植物,水果,0.839231935,0
西瓜,有,水,9.0,9.0,植物,水果,0.839231935,1
西瓜,是,重的,9.0,9.0,植物,水果,0.839231935,0
西瓜,像,冬瓜,9.0,9.0,植物,水果,0.839231935,1
西瓜,像,气球,9.0,9.0,植物,水果,0.839231935,0
西瓜,像,足球,9.0,9.0,植物,水果,0.839231935,0
西瓜,需要,肥料,9.0,9.0,植物,水果,0.839231935,0
西瓜,有,瓜子,9.0,9.0,植物,水果,0.839231935,0
西瓜,有,果实,9.0,9.0,植物,水果,0.839231935,0
西瓜,有,花纹,9.0,9.0,植物,水果,0.839231935,0
西瓜,可以,降温,9.0,9.0,植物,水果,0.839231935,0
西瓜,可以,利尿,9.0,9.0,植物,水果,0.839231935,0
西瓜,是,大的,9.0,9.0,植物,水果,0.839231935,0
西瓜,是,黑色的,9.0,9.0,植物,水果,0.839231935,0
西瓜,是,药,9.0,9.0,植物,水果,0.839231935,0
西瓜,像,篮球,9.0,9.0,植物,水果,0.839231935,1
西瓜,像,南瓜,9.0,9.0,植物,水果,0.839231935,0
西瓜,像,香瓜,9.0,9.0,植物,水果,0.839231935,0
西瓜,需要,成熟,9.0,9.0,植物,水果,0.839231935,0
西瓜,需要,冷藏,9.0,9.0,植物,水果,0.839231935,1
西瓜,有,多种型号,9.0,9.0,植物,水果,0.839231935,0
西瓜,有,多种种类,9.0,9.0,植物,水果,0.839231935,0
西瓜,有,瓤,9.0,9.0,植物,水果,0.839231935,1
西瓜,有,肉,9.0,9.0,植物,水果,0.839231935,0
西瓜,有,味道,9.0,9.0,植物,水果,0.839231935,0
西瓜,有,种子,9.0,9.0,植物,水果,0.839231935,0
喜鹊,需要,食物,9.0,9.0,动物,鸟,0.829457093,0
喜鹊,可以,飞,9.0,9.0,动物,鸟,0.829457093,0
喜鹊,是,鸟,9.0,9.0,动物,鸟,0.829457093,0
喜鹊,有,翅膀,9.0,9.0,动物,鸟,0.829457093,1
喜鹊,是,动物,9.0,9.0,动物,鸟,0.829457093,0
喜鹊,需要,水,9.0,9.0,动物,鸟,0.829457093,0
喜鹊,有,嘴巴,9.0,9.0,动物,鸟,0.829457093,0
喜鹊,有,羽毛,9.0,9.0,动物,鸟,0.829457093,1
喜鹊,需要,空气,9.0,9.0,动物,鸟,0.829457093,0
喜鹊,可以,叫,9.0,9.0,动物,鸟,0.829457093,0
喜鹊,像,乌鸦,9.0,9.0,动物,鸟,0.829457093,1
喜鹊,有,眼睛,9.0,9.0,动物,鸟,0.829457093,0
喜鹊,是,黑色的,9.0,9.0,动物,鸟,0.829457093,1
喜鹊,像,麻雀,9.0,9.0,动物,鸟,0.829457093,0
喜鹊,需要,睡觉,9.0,9.0,动物,鸟,0.829457093,0
喜鹊,可以,报喜,9.0,9.0,动物,鸟,0.829457093,0
喜鹊,像,鸽子,9.0,9.0,动物,鸟,0.829457093,1
喜鹊,需要,虫,9.0,9.0,动物,鸟,0.829457093,0
喜鹊,有,多种颜色,9.0,9.0,动物,鸟,0.829457093,0
喜鹊,有,尾巴,9.0,9.0,动物,鸟,0.829457093,0
喜鹊,有,爪子,9.0,9.0,动物,鸟,0.829457093,1
喜鹊,可以,观赏,9.0,9.0,动物,鸟,0.829457093,0
喜鹊,是,白色的,9.0,9.0,动物,鸟,0.829457093,0
喜鹊,是,黑白的,9.0,9.0,动物,鸟,0.829457093,0
喜鹊,是,喜庆的,9.0,9.0,动物,鸟,0.829457093,0
喜鹊,有,头,9.0,9.0,动物,鸟,0.829457093,0
喜鹊,可以,捕猎,9.0,9.0,动物,鸟,0.829457093,0
喜鹊,是,好兆头,9.0,9.0,动物,鸟,0.829457093,1
喜鹊,是,可爱的,9.0,9.0,动物,鸟,0.829457093,0
喜鹊,是,禽类,9.0,9.0,动物,鸟,0.829457093,0
喜鹊,是,象征好运,9.0,9.0,动物,鸟,0.829457093,0
喜鹊,是,小的,9.0,9.0,动物,鸟,0.829457093,0
喜鹊,像,飞机,9.0,9.0,动物,鸟,0.829457093,0
喜鹊,像,燕子,9.0,9.0,动物,鸟,0.829457093,0
喜鹊,需要,保护,9.0,9.0,动物,鸟,0.829457093,0
喜鹊,需要,阳光,9.0,9.0,动物,鸟,0.829457093,1
喜鹊,需要,筑巢,9.0,9.0,动物,鸟,0.829457093,0
喜鹊,有,脚,9.0,9.0,动物,鸟,0.829457093,1
香蕉,是,水果,9.0,9.0,植物,水果,0.743235725,0
香蕉,是,食物,9.0,9.0,植物,水果,0.743235725,0
香蕉,有,皮,9.0,9.0,植物,水果,0.743235725,1
香蕉,是,黄色的,9.0,9.0,植物,水果,0.743235725,1
香蕉,有,果肉,9.0,9.0,植物,水果,0.743235725,1
香蕉,像,月亮,9.0,9.0,植物,水果,0.743235725,0
香蕉,需要,种植,9.0,9.0,植物,水果,0.743235725,0
香蕉,需要,水,9.0,9.0,植物,水果,0.743235725,0
香蕉,是,软的,9.0,9.0,植物,水果,0.743235725,0
香蕉,是,甜的,9.0,9.0,植物,水果,0.743235725,0
香蕉,需要,采摘,9.0,9.0,植物,水果,0.743235725,1
香蕉,需要,阳光,9.0,9.0,植物,水果,0.743235725,1
香蕉,是,热带的,9.0,9.0,植物,水果,0.743235725,0
香蕉,需要,剥开,9.0,9.0,植物,水果,0.743235725,0
香蕉,有,营养,9.0,9.0,植物,水果,0.743235725,0
香蕉,是,弯的,9.0,9.0,植物,水果,0.743235725,0
香蕉,是,植物,9.0,9.0,植物,水果,0.743235725,1
香蕉,像,船,9.0,9.0,植物,水果,0.743235725,0
香蕉,需要,土,9.0,9.0,植物,水果,0.743235725,1
香蕉,可以,买卖,9.0,9.0,植物,水果,0.743235725,0
香蕉,可以,晒,9.0,9.0,植物,水果,0.743235725,0
香蕉,可以,晒干,9.0,9.0,植物,水果,0.743235725,0
香蕉,是,白色的,9.0,9.0,植物,水果,0.743235725,0
香蕉,是,电动的,9.0,9.0,植物,水果,0.743235725,1
香蕉,是,香的,9.0,9.0,植物,水果,0.743235725,0
香蕉,需要,空气,9.0,9.0,植物,水果,0.743235725,0
香蕉,有,种子,9.0,9.0,植物,水果,0.743235725,0
香蕉,可以,饱腹,9.0,9.0,植物,水果,0.743235725,0
香蕉,可以,生长,9.0,9.0,植物,水果,0.743235725,0
香蕉,是,长的,9.0,9.0,植物,水果,0.743235725,0
香蕉,像,黄瓜,9.0,9.0,植物,水果,0.743235725,0
香蕉,像,土豆,9.0,9.0,植物,水果,0.743235725,0
香蕉,需要,扒皮,9.0,9.0,植物,水果,0.743235725,1
香蕉,需要,保鲜,9.0,9.0,植物,水果,0.743235725,1
香蕉,需要,防腐,9.0,9.0,植物,水果,0.743235725,0
香蕉,需要,肥料,9.0,9.0,植物,水果,0.743235725,1
香蕉,有,多种种类,9.0,9.0,植物,水果,0.743235725,0
香蕉,有,香蕉皮,9.0,9.0,植物,水果,0.743235725,0
牙齿,是,白色的,9.0,9.0,身体部位,身体部位,0.682944606,1
牙齿,是,硬的,9.0,9.0,身体部位,身体部位,0.682944606,0
牙齿,可以,嚼,9.0,9.0,身体部位,身体部位,0.682944606,0
牙齿,需要,清洗,9.0,9.0,身体部位,身体部位,0.682944606,1
牙齿,像,石头,9.0,9.0,身体部位,身体部位,0.682944606,0
牙齿,需要,保护,9.0,9.0,身体部位,身体部位,0.682944606,1
牙齿,是,器官,9.0,9.0,身体部位,身体部位,0.682944606,1
牙齿,需要,刷,9.0,9.0,身体部位,身体部位,0.682944606,0
牙齿,可以,咀嚼食物,9.0,9.0,身体部位,身体部位,0.682944606,0
牙齿,可以,咬,9.0,9.0,身体部位,身体部位,0.682944606,0
牙齿,其他,动物,9.0,9.0,身体部位,身体部位,0.682944606,0
牙齿,其他,人,9.0,9.0,身体部位,身体部位,0.682944606,0
牙齿,是,锋利的,9.0,9.0,身体部位,身体部位,0.682944606,1
牙齿,是,身体部位,9.0,9.0,身体部位,身体部位,0.682944606,0
牙齿,需要,爱护,9.0,9.0,身体部位,身体部位,0.682944606,1
牙齿,有,碳酸钙,9.0,9.0,身体部位,身体部位,0.682944606,0
牙齿,是,坚固的,9.0,9.0,身体部位,身体部位,0.682944606,0
牙齿,需要,刷牙,9.0,9.0,身体部位,身体部位,0.682944606,0
牙齿,有,钙,9.0,9.0,身体部位,身体部位,0.682944606,0
牙齿,有,多种型号,9.0,9.0,身体部位,身体部位,0.682944606,0
牙齿,有,牙釉质,9.0,9.0,身体部位,身体部位,0.682944606,0
牙齿,可以,进食,9.0,9.0,身体部位,身体部位,0.682944606,1
牙齿,可以,生长,9.0,9.0,身体部位,身体部位,0.682944606,0
牙齿,可以,撕咬,9.0,9.0,身体部位,身体部位,0.682944606,1
牙齿,可以,咬合,9.0,9.0,身体部位,身体部位,0.682944606,1
牙齿,像,宝石,9.0,9.0,身体部位,身体部位,0.682944606,0
牙齿,像,刀,9.0,9.0,身体部位,身体部位,0.682944606,0
牙齿,像,锯齿,9.0,9.0,身体部位,身体部位,0.682944606,0
牙齿,像,钻石,9.0,9.0,身体部位,身体部位,0.682944606,0
牙齿,需要,护理,9.0,9.0,身体部位,身体部位,0.682944606,0
牙齿,有,虫牙,9.0,9.0,身体部位,身体部位,0.682944606,0
牙齿,有,多种形状,9.0,9.0,身体部位,身体部位,0.682944606,0
牙齿,有,多种颜色,9.0,9.0,身体部位,身体部位,0.682944606,0
牙齿,有,多种样式,9.0,9.0,身体部位,身体部位,0.682944606,1
牙齿,有,多种种类,9.0,9.0,身体部位,身体部位,0.682944606,0
牙齿,有,尖,9.0,9.0,身体部位,身体部位,0.682944606,0
牙齿,有,牙神经,9.0,9.0,身体部位,身体部位,0.682944606,0
牙齿,有,牙龈,9.0,9.0,身体部位,身体部位,0.682944606,0
牙齿,有,蛀虫,9.0,9.0,身体部位,身体部位,0.682944606,0
燕子,可以,飞,9.0,9.0,动物,鸟,0.831063262,0
燕子,有,翅膀,9.0,9.0,动物,鸟,0.831063262,1
燕子,是,鸟,9.0,9.0,动物,鸟,0.831063262,1
燕子,是,动物,9.0,9.0,动物,鸟,0.831063262,0
燕子,需要,食物,9.0,9.0,动物,鸟,0.831063262,0
燕子,需要,水,9.0,9.0,动物,鸟,0.831063262,0
燕子,有,羽毛,9.0,9.0,动物,鸟,0.831063262,1
燕子,有,嘴巴,9.0,9.0,动物,鸟,0.831063262,0
燕子,是,黑色的,9.0,9.0,动物,鸟,0.831063262,0
燕子,需要,虫,9.0,9.0,动物,鸟,0.831063262,0
燕子,像,剪刀,9.0,9.0,动物,鸟,0.831063262,0
燕子,需要,空气,9.0,9.0,动物,鸟,0.831063262,1
燕子,像,麻雀,9.0,9.0,动物,鸟,0.831063262,0
燕子,有,尾巴,9.0,9.0,动物,鸟,0.831063262,0
燕子,有,眼睛,9.0,9.0,动物,鸟,0.831063262,0
燕子,需要,睡觉,9.0,9.0,动物,鸟,0.831063262,1
燕子,有,爪子,9.0,9.0,动物,鸟,0.831063262,0
燕子,可以,捕猎,9.0,9.0,动物,鸟,0.831063262,0
燕子,需要,筑巢,9.0,9.0,动物,鸟,0.831063262,0
燕子,有,脚,9.0,9.0,动物,鸟,0.831063262,0
燕子,可以,繁衍,9.0,9.0,动物,鸟,0.831063262,0
燕子,是,小的,9.0,9.0,动物,鸟,0.831063262,0
燕子,有,头,9.0,9.0,动物,鸟,0.831063262,0
燕子,可以,孵化,9.0,9.0,动物,鸟,0.831063262,1
燕子,是,白色的,9.0,9.0,动物,鸟,0.831063262,0
燕子,像,大雁,9.0,9.0,动物,鸟,0.831063262,0
燕子,像,飞机,9.0,9.0,动物,鸟,0.831063262,0
燕子,像,喜鹊,9.0,9.0,动物,鸟,0.831063262,0
燕子,需要,保护,9.0,9.0,动物,鸟,0.831063262,0
燕子,需要,阳光,9.0,9.0,动物,鸟,0.831063262,0
燕子,有,两只脚,9.0,9.0,动物,鸟,0.831063262,1
燕子,可以,捕虫,9.0,9.0,动物,鸟,0.831063262,1
燕子,可以,叫,9.0,9.0,动物,鸟,0.831063262,0
燕子,可以,迁徙,9.0,9.0,动物,鸟,0.831063262,0
燕子,可以,衔泥,9.0,9.0,动物,鸟,0.831063262,1
燕子,其他,候鸟,9.0,9.0,动物,鸟,0.831063262,0
燕子,是,黑白的,9.0,9.0,动物,鸟,0.831063262,0
燕子,是,可爱的,9.0,9.0,动物,鸟,0.831063262,0
燕子,是,灵活的,9.0,9.0,动物,鸟,0.831063262,1
燕子,是,小巧的,9.0,9.0,动物,鸟,0.831063262,0
燕子,像,鸽子,9.0,9.0,动物,鸟,0.831063262,0
燕子,像,啄木鸟,9.0,9.0,动物,鸟,0.831063262,0
燕子,有,剪刀似的尾巴,9.0,9.0,动物,鸟,0.831063262,1
椅子,是,家具,9.0,9.0,人造物,家具,0.664085484,1
椅子,是,木的,9.0,9.0,人造物,家具,0.664085484,0
椅子,有,靠背,9.0,9.0,人造物,家具,0.664085484,1
椅子,有,四条腿,9.0,9.0,人造物,家具,0.664085484,0
椅子,有,腿,9.0,9.0,人造物,家具,0.664085484,0
椅子,可以,休息,9.0,9.0,人造物,家具,0.664085484,0
椅子,是,硬的,9.0,9.0,人造物,家具,0.664085484,0
椅子,是,凳子,9.0,9.0,人造物,家具,0.664085484,0
椅子,需要,制造,9.0,9.0,人造物,家具,0.664085484,0
椅子,有,椅背,9.0,9.0,人造物,家具,0.664085484,0
椅子,有,椅子腿,9.0,9.0,人造物,家具,0.664085484,1
椅子,像,积木,9.0,9.0,人造物,家具,0.664085484,0
椅子,像,沙发,9.0,9.0,人造物,家具,0.664085484,0
椅子,有,扶手,9.0,9.0,人造物,家具,0.664085484,0
椅子,可以,储物,9.0,9.0,人造物,家具,0.664085484,0
椅子,是,金属,9.0,9.0,人造物,家具,0.664085484,0
椅子,是,生活用品,9.0,9.0,人造物,家具,0.664085484,0
椅子,像,床,9.0,9.0,人造物,家具,0.664085484,0
椅子,像,树,9.0,9.0,人造物,家具,0.664085484,0
椅子,像,桌子,9.0,9.0,人造物,家具,0.664085484,0
椅子,有,椅腿,9.0,9.0,人造物,家具,0.664085484,1
椅子,有,座位,9.0,9.0,人造物,家具,0.664085484,1
椅子,可以,承重,9.0,9.0,人造物,家具,0.664085484,0
椅子,可以,靠着,9.0,9.0,人造物,家具,0.664085484,1
椅子,可以,使用,9.0,9.0,人造物,家具,0.664085484,0
椅子,可以,坐,9.0,9.0,人造物,家具,0.664085484,1
椅子,是,工具,9.0,9.0,人造物,家具,0.664085484,0
椅子,是,人造的,9.0,9.0,人造物,家具,0.664085484,1
椅子,是,塑料,9.0,9.0,人造物,家具,0.664085484,1
椅子,是,物品,9.0,9.0,人造物,家具,0.664085484,1
椅子,是,圆柱形,9.0,9.0,人造物,家具,0.664085484,0
椅子,像,板凳,9.0,9.0,人造物,家具,0.664085484,0
椅子,需要,保养,9.0,9.0,人造物,家具,0.664085484,0
椅子,有,多种型号,9.0,9.0,人造物,家具,0.664085484,0
椅子,有,多种样式,9.0,9.0,人造物,家具,0.664085484,0
椅子,有,脚,9.0,9.0,人造物,家具,0.664085484,0
椅子,有,空间,9.0,9.0,人造物,家具,0.664085484,1
椅子,有,木板,9.0,9.0,人造物,家具,0.664085484,0
椅子,有,四个腿,9.0,9.0,人造物,家具,0.664085484,0
椅子,有,椅面,9.0,9.0,人造物,家具,0.664085484,1
椅子,有,支撑,9.0,9.0,人造物,家具,0.664085484,1
椅子,有,座垫,9.0,9.0,人造物,家具,0.664085484,0
雨伞,可以,挡雨,9.0,9.0,人造物,工具,0.647501682,0
雨伞,像,蘑菇,9.0,9.0,人造物,工具,0.647501682,0
雨伞,是,工具,9.0,9.0,人造物,工具,0.647501682,1
雨伞,有,伞柄,9.0,9.0,人造物,工具,0.647501682,1
雨伞,需要,制造,9.0,9.0,人造物,工具,0.647501682,0
雨伞,有,多种颜色,9.0,9.0,人造物,工具,0.647501682,1
雨伞,可以,防水,9.0,9.0,人造物,工具,0.647501682,0
雨伞,有,伞面,9.0,9.0,人造物,工具,0.647501682,1
雨伞,可以,打开,9.0,9.0,人造物,工具,0.647501682,0
雨伞,可以,买卖,9.0,9.0,人造物,工具,0.647501682,0
雨伞,是,生活用品,9.0,9.0,人造物,工具,0.647501682,0
雨伞,是,雨具,9.0,9.0,人造物,工具,0.647501682,0
雨伞,需要,撑开,9.0,9.0,人造物,工具,0.647501682,0
雨伞,有,把手,9.0,9.0,人造物,工具,0.647501682,0
雨伞,有,多种样式,9.0,9.0,人造物,工具,0.647501682,0
雨伞,有,支架,9.0,9.0,人造物,工具,0.647501682,1
雨伞,是,圆形,9.0,9.0,人造物,工具,0.647501682,0
雨伞,有,多种型号,9.0,9.0,人造物,工具,0.647501682,0
雨伞,有,伞布,9.0,9.0,人造物,工具,0.647501682,1
雨伞,可以,挡风,9.0,9.0,人造物,工具,0.647501682,1
雨伞,可以,防晒,9.0,9.0,人造物,工具,0.647501682,0
雨伞,可以,防身,9.0,9.0,人造物,工具,0.647501682,0
雨伞,是,便携的,9.0,9.0,人造物,工具,0.647501682,0
雨伞,是,伞,9.0,9.0,人造物,工具,0.647501682,0
雨伞,像,盾牌,9.0,9.0,人造物,工具,0.647501682,0
雨伞,需要,保存,9.0,9.0,人造物,工具,0.647501682,0
雨伞,有,布,9.0,9.0,人造物,工具,0.647501682,0
雨伞,有,多种种类,9.0,9.0,人造物,工具,0.647501682,1
雨伞,有,伞骨,9.0,9.0,人造物,工具,0.647501682,0
雨伞,有,伞架,9.0,9.0,人造物,工具,0.647501682,0
雨伞,可以,伸缩,9.0,9.0,人造物,工具,0.647501682,0
雨伞,像,降落伞,9.0,9.0,人造物,工具,0.647501682,1
雨伞,像,雨衣,9.0,9.0,人造物,工具,0.647501682,0
雨伞,需要,晾干,9.0,9.0,人造物,工具,0.647501682,1
雨伞,需要,随身携带,9.0,9.0,人造物,工具,0.647501682,0
雨伞,有,多种材质,9.0,9.0,人造物,工具,0.647501682,0
雨伞,有,图案,9.0,9.0,人造物,工具,0.647501682,1
直升机,可以,飞,9.0,9.0,交通工具,飞机,0.688410593,0
直升机,是,飞机,9.0,9.0,交通工具,飞机,0.688410593,1
直升机,有,螺旋桨,9.0,9.0,交通工具,飞机,0.688410593,0
直升机,是,工具,9.0,9.0,交通工具,飞机,0.688410593,1
直升机,其他,交通,9.0,9.0,交通工具,飞机,0.688410593,1
直升机,有,机翼,9.0,9.0,交通工具,飞机,0.688410593,1
直升机,像,鸟,9.0,9.0,交通工具,飞机,0.688410593,0
直升机,有,机身,9.0,9.0,交通工具,飞机,0.688410593,0
直升机,可以,救援,9.0,9.0,交通工具,飞机,0.688410593,1
直升机,像,竹蜻蜓,9.0,9.0,交通工具,飞机,0.688410593,0
直升机,需要,动力,9.0,9.0,交通工具,飞机,0.688410593,0
直升机,需要,驾驶,9.0,9.0,交通工具,飞机,0.688410593,0
直升机,需要,司机,9.0,9.0,交通工具,飞机,0.688410593,1
直升机,有,驾驶室,9.0,9.0,交通工具,飞机,0.688410593,1
直升机,是,大的,9.0,9.0,交通工具,飞机,0.688410593,0
直升机,是,器械,9.0,9.0,交通工具,飞机,0.688410593,1
直升机,需要,飞行员,9.0,9.0,交通工具,飞机,0.688410593,1
直升机,需要,燃料,9.0,9.0,交通工具,飞机,0.688410593,0
直升机,需要,油,9.0,9.0,交通工具,飞机,0.688410593,0
直升机,有,发动机,9.0,9.0,交通工具,飞机,0.688410593,0
直升机,有,机舱,9.0,9.0,交通工具,飞机,0.688410593,1
直升机,是,人造的,9.0,9.0,交通工具,飞机,0.688410593,0
直升机,是,一种飞机,9.0,9.0,交通工具,飞机,0.688410593,0
直升机,像,蜻蜓,9.0,9.0,交通工具,飞机,0.688410593,0
直升机,需要,加油,9.0,9.0,交通工具,飞机,0.688410593,1
直升机,有,座位,9.0,9.0,交通工具,飞机,0.688410593,0
直升机,可以,代步,9.0,9.0,交通工具,飞机,0.688410593,0
直升机,可以,滑行,9.0,9.0,交通工具,飞机,0.688410593,0
直升机,可以,科研,9.0,9.0,交通工具,飞机,0.688410593,1
直升机,可以,升空,9.0,9.0,交通工具,飞机,0.688410593,0
直升机,可以,探测,9.0,9.0,交通工具,飞机,0.688410593,1
直升机,是,飞行器,9.0,9.0,交通工具,飞机,0.688410593,1
直升机,是,高科技,9.0,9.0,交通工具,飞机,0.688410593,0
直升机,是,小的,9.0,9.0,交通工具,飞机,0.688410593,1
直升机,是,战争,9.0,9.0,交通工具,飞机,0.688410593,0
直升机,像,火箭,9.0,9.0,交通工具,飞机,0.688410593,0
直升机,像,鲸鱼,9.0,9.0,交通工具,飞机,0.688410593,0
直升机,需要,研究,9.0,9.0,交通工具,飞机,0.688410593,0
直升机,需要,制造,9.0,9.0,交通工具,飞机,0.688410593,1
直升机,有,玻璃,9.0,9.0,交通工具,飞机,0.688410593,1
直升机,有,单旋翼式,9.0,9.0,交通工具,飞机,0.688410593,0
直升机,有,机尾,9.0,9.0,交通工具,飞机,0.688410593,0
直升机,有,双旋翼式,9.0,9.0,交通工具,飞机,0.688410593,0
直升机,有,引擎,9.0,9.0,交通工具,飞机,0.688410593,0
