node,maincategory,subcategory,closeness_centrality,baseline_original,baseline_new,conflict,new,,
游轮,交通工具,船,0.707691888,0,0,0,0,20,1
游艇,交通工具,船,0.579912726,0,1,1,0,,
潜艇,交通工具,船,0.577056171,0,0,0,0,,
帆船,交通工具,船,0.458316375,1,0,1,1,,
独木舟,交通工具,船,0.362067136,0,0,0,0,,
皮艇,交通工具,船,0.321799473,0,1,1,0,,
汽车,交通工具,车,0.660722536,0,1,1,0,,16
自行车,交通工具,车,0.647174603,1,1,2,1,,
房车,交通工具,车,0.637870144,0,1,1,0,,
跑车,交通工具,车,0.630269655,0,0,0,0,,
马车,交通工具,车,0.62020043,1,1,2,1,,
摩托车,交通工具,车,0.612318483,1,0,1,1,,
吉普车,交通工具,车,0.597853382,1,0,1,0,,
三轮车,交通工具,车,0.594660485,1,1,2,1,,
火车,交通工具,车,0.581107238,1,0,1,1,,
缆车,交通工具,车,0.559755178,0,0,0,0,,
手推车,交通工具,车,0.556084068,1,1,2,1,,
公交车,交通工具,车,0.55380194,1,0,1,1,,
车辆,交通工具,车,0.550396361,0,0,0,0,,
婴儿车,交通工具,车,0.546337318,1,0,1,1,,
轿车,交通工具,车,0.542977599,1,1,2,1,,
挖掘机,交通工具,车,0.510269724,1,0,1,1,,
出租车,交通工具,车,0.500278931,1,0,1,1,,
消防车,交通工具,车,0.486443551,1,1,2,1,,
卡丁车,交通工具,车,0.485641055,0,0,0,0,,
卡车,交通工具,车,0.479463616,1,0,1,1,,
救护车,交通工具,车,0.442787467,1,0,1,1,,
碰碰车,交通工具,车,0.439299741,1,1,2,1,,
吊车,交通工具,车,0.427015776,0,0,0,0,,
四轮马车,交通工具,车,0.413642919,0,0,0,0,,
推土机,交通工具,车,0.412775956,0,0,0,0,,
地铁,交通工具,车,0.41018441,1,0,1,1,,
赛车,交通工具,车,0.389944019,1,0,1,0,,
运钞车,交通工具,车,0.37804354,0,0,0,0,,
巴士,交通工具,车,0.338002058,0,0,0,0,,
洒水车,交通工具,车,0.291900723,0,0,0,0,,
飞机,交通工具,飞机,0.641839992,0,1,1,1,,3
飞船,交通工具,飞机,0.618666555,0,1,1,0,,
直升机,交通工具,飞机,0.598592736,0,1,1,1,,
热气球,交通工具,飞机,0.499660758,0,0,0,0,,
飞碟,交通工具,飞机,0.467327348,0,0,0,0,,
滑翔机,交通工具,飞机,0.431676371,0,0,0,0,,
飞艇,交通工具,飞机,0.427908602,0,0,0,0,,
航母,交通工具,飞机,0.41208351,1,1,2,1,,
火箭,交通工具,飞机,0.386161732,0,0,0,0,,
太空舱,交通工具,飞机,0.377239463,0,0,0,0,,
扬声器,人造物,乐器,0.593681628,0,0,0,0,35,2
扩音器,人造物,乐器,0.561368966,0,0,0,0,,
音乐盒,人造物,乐器,0.46694062,0,0,0,0,,
喇叭,人造物,乐器,0.447228345,0,0,0,0,,
吉他,人造物,乐器,0.346181368,0,0,0,0,,
钢琴,人造物,乐器,0.328526166,0,0,0,1,,
手风琴,人造物,乐器,0.328381963,0,0,0,0,,
电吉他,人造物,乐器,0.3280937,0,0,0,0,,
大提琴,人造物,乐器,0.198634574,0,0,0,0,,
小提琴,人造物,乐器,0.198634574,0,0,0,0,,
口琴,人造物,乐器,0.198425222,0,0,0,0,,
琵琶,人造物,乐器,0.197693414,0,0,0,0,,
长笛,人造物,乐器,0.185872651,0,0,0,0,,
单簧管,人造物,乐器,0.185771502,0,0,0,0,,
中提琴,人造物,乐器,0.185569288,0,0,0,0,,
鼓,人造物,乐器,0.090674807,0,0,0,1,,
长号,人造物,乐器,0.082276941,0,0,0,0,,
短笛,人造物,乐器,0.082202286,0,1,1,0,,
胶带,人造物,医疗用品,0.718428435,0,0,0,0,,2
纱布,人造物,医疗用品,0.665951538,0,0,0,0,,
创可贴,人造物,医疗用品,0.598099727,0,0,0,1,,
绷带,人造物,医疗用品,0.5758702,0,0,0,0,,
胶囊,人造物,医疗用品,0.57209182,0,0,0,0,,
担架,人造物,医疗用品,0.523459487,0,0,0,0,,
体温计,人造物,医疗用品,0.477092101,0,0,0,1,,
止血剂,人造物,医疗用品,0.438751288,0,0,0,0,,
手术刀,人造物,医疗用品,0.405384023,0,0,0,0,,
血压计,人造物,医疗用品,0.393257912,0,0,0,0,,
呼吸机,人造物,医疗用品,0.373718025,0,0,0,0,,
注射器,人造物,医疗用品,0.366597806,0,0,0,0,,
疫苗,人造物,医疗用品,0.347233201,0,0,0,0,,
石膏,人造物,医疗用品,0.285852136,0,0,0,0,,
枕头,人造物,家具,0.87146871,0,1,1,1,,4
橱柜,人造物,家具,0.822235032,0,0,0,0,,
马桶,人造物,家具,0.819073822,0,0,0,0,,
衣柜,人造物,家具,0.796329457,0,0,0,0,,
床垫,人造物,家具,0.749237845,0,0,0,0,,
浴帘,人造物,家具,0.720235715,0,0,0,0,,
暖气片,人造物,家具,0.716926293,0,0,0,0,,
沙发,人造物,家具,0.715128416,1,0,1,1,,
抽屉,人造物,家具,0.711845532,0,0,0,0,,
书柜,人造物,家具,0.69859119,0,0,0,0,,
墙纸,人造物,家具,0.694524248,0,0,0,0,,
鞋柜,人造物,家具,0.690483728,0,0,0,0,,
窗帘,人造物,家具,0.676546297,1,0,1,1,,
座垫,人造物,家具,0.65445258,0,0,0,0,,
梳妆台,人造物,家具,0.644768127,0,0,0,0,,
摇椅,人造物,家具,0.636815983,0,0,0,0,,
毛毯,人造物,家具,0.624310526,0,0,0,0,,
旋转椅,人造物,家具,0.622251873,0,0,0,0,,
椅子,人造物,家具,0.619177399,1,0,1,0,,
单人床,人造物,家具,0.617901126,0,0,0,0,,
太师椅,人造物,家具,0.611057139,0,0,0,0,,
保险柜,人造物,家具,0.608542652,0,0,0,0,,
双人床,人造物,家具,0.600321609,0,0,0,0,,
折叠椅,人造物,家具,0.592704445,0,0,0,0,,
床,人造物,家具,0.588327715,0,0,0,0,,
长凳,人造物,家具,0.588327715,0,0,0,0,,
壁橱,人造物,家具,0.58687625,0,0,0,0,,
箱子,人造物,家具,0.540526871,0,0,0,0,,
扶手椅,人造物,家具,0.534557814,0,0,0,0,,
浴盆,人造物,家具,0.527567493,0,0,0,0,,
地毯,人造物,家具,0.517249445,1,0,1,0,,
桌布,人造物,家具,0.507336151,0,0,0,0,,
床罩,人造物,家具,0.492705348,0,0,0,0,,
卷帘,人造物,家具,0.48664437,0,0,0,0,,
餐桌,人造物,家具,0.454341619,1,0,1,1,,
小凳子,人造物,家具,0.444263356,0,0,0,0,,
枕套,人造物,家具,0.386817332,0,0,0,0,,
台球桌,人造物,家具,0.351161733,0,0,0,0,,
纸巾,人造物,工具,0.970475433,0,0,0,0,,8
头盔,人造物,工具,0.832878698,0,0,0,0,,
化妆品,人造物,工具,0.826827095,0,0,0,0,,
书包,人造物,工具,0.822939507,0,0,0,1,,
瓶盖,人造物,工具,0.812447777,0,0,0,0,,
牙签,人造物,工具,0.806229391,0,1,1,0,,
帐篷,人造物,工具,0.799386341,0,0,0,0,,
洗脸盆,人造物,工具,0.793961444,0,0,0,0,,
钢笔,人造物,工具,0.793286399,1,0,1,1,,
卫生纸,人造物,工具,0.791265327,0,0,0,0,,
纽扣,人造物,工具,0.775313191,0,0,0,0,,
开瓶器,人造物,工具,0.77007984,0,0,0,0,,
烟灰缸,人造物,工具,0.768452887,0,0,0,0,,
保鲜膜,人造物,工具,0.767803229,0,0,0,0,,
卫生巾,人造物,工具,0.765210989,0,0,0,0,,
钱包,人造物,工具,0.760377938,0,0,0,0,,
水龙头,人造物,工具,0.757175599,0,0,0,0,,
包装纸,人造物,工具,0.756217949,0,0,0,0,,
餐巾纸,人造物,工具,0.753671064,0,0,0,0,,
眼镜盒,人造物,工具,0.742956748,0,0,0,0,,
窗户,人造物,工具,0.741707813,0,0,0,0,,
护手霜,人造物,工具,0.737665394,0,1,1,0,,
灯笼,人造物,工具,0.736117349,0,0,0,0,,
太阳镜,人造物,工具,0.734573024,0,0,0,0,,
眼镜,人造物,工具,0.725688605,0,0,0,0,,
雨伞,人造物,工具,0.725384438,0,0,0,0,,
铅笔,人造物,工具,0.724472808,0,0,0,0,,
卷笔刀,人造物,工具,0.721141289,0,0,0,0,,
项圈,人造物,工具,0.720839287,0,0,0,0,,
斧头,人造物,工具,0.717526723,0,0,0,0,,
颜料,人造物,工具,0.717526723,0,0,0,0,,
锄头,人造物,工具,0.710062042,0,0,0,0,,
烛台,人造物,工具,0.70857965,0,0,0,0,,
绳子,人造物,工具,0.703565513,0,0,0,0,,
门锁,人造物,工具,0.701219724,0,0,0,0,,
塑料袋,人造物,工具,0.699758062,0,0,0,0,,
灯罩,人造物,工具,0.698299812,0,0,0,0,,
螺丝刀,人造物,工具,0.697135661,0,0,0,0,,
睡袋,人造物,工具,0.692789377,0,0,0,0,,
铅笔盒,人造物,工具,0.688760101,0,0,0,0,,
靠垫,人造物,工具,0.688186623,0,0,0,0,,
水槽,人造物,工具,0.688186623,0,0,0,0,,
门把手,人造物,工具,0.685898014,0,0,0,0,,
纸,人造物,工具,0.681629607,0,0,0,0,,
钉子,人造物,工具,0.680779463,0,0,0,0,,
电影,人造物,工具,0.679365163,0,0,0,0,,
画纸,人造物,工具,0.679365163,0,0,0,0,,
蜡烛,人造物,工具,0.675984075,0,0,0,0,,
锤子,人造物,工具,0.674580773,0,0,0,0,,
鼠标垫,人造物,工具,0.674580773,0,0,0,0,,
蚊帐,人造物,工具,0.668166768,0,0,0,0,,
胶水,人造物,工具,0.665951538,0,0,0,0,,
画笔,人造物,工具,0.664019814,0,0,0,0,,
烟头,人造物,工具,0.662368932,0,0,0,0,,
蜡笔,人造物,工具,0.662094221,0,0,0,0,,
信纸,人造物,工具,0.661270837,0,0,0,0,,
闹钟,人造物,工具,0.658534287,0,0,0,0,,
砖头,人造物,工具,0.657988461,0,0,0,0,,
硬币,人造物,工具,0.657715733,0,0,0,0,,
钥匙圈,人造物,工具,0.65445258,0,0,0,0,,
烧杯,人造物,工具,0.649859867,0,0,0,0,,
贺卡,人造物,工具,0.648784316,0,0,0,0,,
锉刀,人造物,工具,0.64316918,0,0,0,0,,
热水袋,人造物,工具,0.641574509,0,0,0,0,,
牙线,人造物,工具,0.641309145,0,0,0,0,,
海绵,人造物,工具,0.636289605,0,0,0,0,,
怀表,人造物,工具,0.632879496,0,0,0,0,,
鼻烟壶,人造物,工具,0.631312207,0,0,0,0,,
打气筒,人造物,工具,0.630790701,0,0,0,0,,
镜子,人造物,工具,0.629228941,1,0,1,1,,
指甲锉,人造物,工具,0.623280296,0,0,0,0,,
钥匙,人造物,工具,0.621738338,0,0,0,0,,
洗手液,人造物,工具,0.621225253,0,1,1,0,,
被子,人造物,工具,0.618411301,0,0,0,0,,
防潮垫,人造物,工具,0.611813617,0,0,0,0,,
轮胎,人造物,工具,0.611561348,0,0,0,0,,
楼梯,人造物,工具,0.606788985,0,0,0,0,,
抹布,人造物,工具,0.606039038,0,0,0,0,,
便盆,人造物,工具,0.60429294,0,0,0,0,,
坛子,人造物,工具,0.601311876,0,0,0,0,,
猫砂,人造物,工具,0.60106415,0,0,0,0,,
排水管,人造物,工具,0.600074309,0,0,0,0,,
车门,人造物,工具,0.599086169,0,0,0,0,,
防尘罩,人造物,工具,0.5988394,0,0,0,0,,
缝衣针,人造物,工具,0.5988394,0,0,0,0,,
画架,人造物,工具,0.596377525,0,0,0,0,,
漂白剂,人造物,工具,0.595395729,0,0,0,0,,
罐子,人造物,工具,0.594905462,0,0,0,0,,
储蓄罐,人造物,工具,0.594415614,0,0,0,0,,
荧光笔,人造物,工具,0.593926185,0,0,0,0,,
防晒霜,人造物,工具,0.593437176,0,0,0,0,,
按键,人造物,工具,0.590511879,0,0,0,0,,
笔芯,人造物,工具,0.589540105,0,0,0,0,,
镜框,人造物,工具,0.589054839,0,0,0,0,,
菜板,人造物,工具,0.587843482,0,0,0,0,,
陶罐,人造物,工具,0.582543992,0,0,0,0,,
吸管,人造物,工具,0.581825159,0,0,0,0,,
油漆,人造物,工具,0.579912726,0,0,0,0,,
图钉,人造物,工具,0.578006749,0,0,0,0,,
沐浴液,人造物,工具,0.577056171,0,0,0,0,,
铁链,人造物,工具,0.570681461,0,0,0,0,,
润肤霜,人造物,工具,0.565540354,0,0,0,0,,
手表,人造物,工具,0.565307788,0,0,0,1,,
方向盘,人造物,工具,0.564146414,0,0,0,0,,
护目镜,人造物,工具,0.562524551,0,0,0,0,,
盆,人造物,工具,0.562524551,0,0,0,0,,
后视镜,人造物,工具,0.561138138,0,0,0,0,,
擀面杖,人造物,工具,0.559755178,0,0,0,0,,
指甲油,人造物,工具,0.558146071,0,0,0,0,,
防火门,人造物,工具,0.55471366,0,0,0,0,,
大头针,人造物,工具,0.554485589,0,0,0,0,,
吊床,人造物,工具,0.554029729,0,0,0,0,,
背包,人造物,工具,0.551075793,0,0,0,0,,
香水,人造物,工具,0.550622745,0,0,0,0,,
眼罩,人造物,工具,0.548588635,0,0,0,0,,
记事本,人造物,工具,0.547236736,0,0,0,0,,
车窗,人造物,工具,0.547011743,0,0,0,0,,
避孕套,人造物,工具,0.542754351,0,0,0,0,,
耳塞,人造物,工具,0.53830846,0,0,0,0,,
镰刀,人造物,工具,0.53786586,0,0,0,0,,
安全帽,人造物,工具,0.533679065,0,0,0,0,,
护照,人造物,工具,0.533020938,0,0,0,0,,
公文包,人造物,工具,0.526483392,0,0,0,0,,
放大镜,人造物,工具,0.525401471,0,0,0,0,,
安全带,人造物,工具,0.524106035,0,0,0,0,,
齿轮,人造物,工具,0.523244144,0,0,0,0,,
降落伞,人造物,工具,0.523028888,0,0,0,1,,
轮椅,人造物,工具,0.520666756,0,0,0,0,,
金条,人造物,工具,0.519382701,0,0,0,0,,
耳罩,人造物,工具,0.518315008,0,0,0,0,,
望远镜,人造物,工具,0.516823815,0,0,0,0,,
水管,人造物,工具,0.51448891,0,0,0,0,,
拖把,人造物,工具,0.506083872,0,0,0,0,,
灭火器,人造物,工具,0.505250667,0,0,0,0,,
弹簧,人造物,工具,0.505042571,0,0,0,0,,
电话簿,人造物,工具,0.504003323,0,0,0,0,,
邮票,人造物,工具,0.502758926,0,0,0,0,,
门,人造物,工具,0.501724172,0,0,0,0,,
信封,人造物,工具,0.499249047,0,0,0,0,,
车轮,人造物,工具,0.499043313,0,0,0,0,,
消防栓,人造物,工具,0.498837659,0,0,0,0,,
废物箱,人造物,工具,0.494129794,0,0,0,0,,
红包,人造物,工具,0.491690265,0,0,0,0,,
温度计,人造物,工具,0.490879621,0,0,0,0,,
玻璃,人造物,工具,0.486242811,0,0,0,0,,
钓鱼线,人造物,工具,0.486042148,0,0,0,0,,
锁,人造物,工具,0.483640243,0,0,0,0,,
钓竿,人造物,工具,0.481448266,0,0,0,0,,
花露水,人造物,工具,0.480256559,0,0,0,0,,
书,人造物,工具,0.477486594,0,0,0,0,,
水泥,人造物,工具,0.47728931,0,0,0,0,,
扫帚,人造物,工具,0.475910439,1,0,1,1,,
门铃,人造物,工具,0.470042702,0,0,0,0,,
银幕,人造物,工具,0.467133947,0,0,0,0,,
显微镜,人造物,工具,0.46694062,0,0,0,0,,
爽身粉,人造物,工具,0.465396649,0,0,0,0,,
橡皮,人造物,工具,0.464818868,0,0,0,0,,
沥青,人造物,工具,0.463473268,0,0,0,0,,
轿子,人造物,工具,0.458316375,0,0,0,0,,
黑板擦,人造物,工具,0.457746626,0,0,0,0,,
蜂箱,人造物,工具,0.456987963,0,0,0,0,,
胶卷,人造物,工具,0.456987963,0,0,0,0,,
磨砂膏,人造物,工具,0.455096296,0,0,0,0,,
减震器,人造物,工具,0.452459879,0,0,0,0,,
订书机,人造物,工具,0.448344784,0,0,0,0,,
摆钟,人造物,工具,0.444633014,0,0,0,0,,
尺子,人造物,工具,0.444263356,0,0,0,0,,
邮筒,人造物,工具,0.443340411,0,0,0,0,,
扳手,人造物,工具,0.441867261,0,0,0,0,,
盒子,人造物,工具,0.441867261,0,0,0,0,,
簸箕,人造物,工具,0.441499656,0,0,0,0,,
钢筋,人造物,工具,0.441132324,0,0,0,0,,
旋转门,人造物,工具,0.44094876,0,0,0,0,,
冲浪板,人造物,工具,0.438751288,0,0,0,0,,
肥皂盒,人造物,工具,0.438751288,0,0,0,0,,
赛道,人造物,工具,0.432758218,0,0,0,0,,
羊皮纸,人造物,工具,0.42612458,0,0,0,0,,
机票,人造物,工具,0.423283653,0,0,0,0,,
铁丝网,人造物,工具,0.417301286,0,0,0,0,,
车票,人造物,工具,0.417126448,0,0,0,0,,
剪刀,人造物,工具,0.415730016,0,0,0,0,,
海报,人造物,工具,0.415207394,0,0,0,0,,
肥皂,人造物,工具,0.410356745,0,0,0,0,,
时钟,人造物,工具,0.406579611,0,0,0,0,,
木炭,人造物,工具,0.40317156,0,0,0,0,,
奖章,人造物,工具,0.40147663,0,0,0,0,,
报纸,人造物,工具,0.393257912,0,0,0,0,,
古董,人造物,工具,0.38501664,0,0,0,0,,
棺材,人造物,工具,0.384853284,0,0,0,0,,
管道,人造物,工具,0.382409782,0,0,0,0,,
磁带,人造物,工具,0.379332969,0,0,0,0,,
救生圈,人造物,工具,0.373558596,0,0,0,1,,
针,人造物,工具,0.364561258,0,0,0,0,,
磁铁,人造物,工具,0.361290512,0,0,0,0,,
避雷针,人造物,工具,0.360360308,0,0,0,0,,
彩陶,人造物,工具,0.354207186,0,0,0,0,,
地图,人造物,工具,0.349042102,0,0,0,0,,
拐杖,人造物,工具,0.341404251,0,0,0,0,,
指南针,人造物,工具,0.339182478,0,0,0,1,,
雕塑,人造物,工具,0.332292133,0,0,0,0,,
水表,人造物,工具,0.310307096,0,0,0,0,,
戒尺,人造物,工具,0.294691257,0,0,0,0,,
麦田,人造物,工具,0.281954046,0,0,0,0,,
黑板,人造物,工具,0.272871936,0,0,0,0,,
秒表,人造物,工具,0.26410994,0,0,0,0,,
骨灰盒,人造物,工具,0.263491223,0,0,0,0,,
跑道,人造物,工具,0.256382288,0,0,0,0,,
蒸汽机,人造物,工具,0.240541013,0,0,0,0,,
钟,人造物,工具,0.238444809,0,0,0,0,,
鼓槌,人造物,工具,0.19738022,0,0,0,0,,
柏油路,人造物,工具,0.133535904,0,0,0,0,,
木槌,人造物,工具,0.090674807,0,0,0,0,,
血液,人造物,工具,0,0,0,0,0,,
栏杆,人造物,建筑,0.665951538,0,0,0,0,,2
拱门,人造物,建筑,0.660448571,0,0,0,0,,
吧台,人造物,建筑,0.657170646,0,0,0,0,,
栅栏,人造物,建筑,0.628190063,0,0,0,0,,
石碑,人造物,建筑,0.527133591,0,0,0,0,,
车库,人造物,建筑,0.505458845,0,0,0,1,,
壁画,人造物,建筑,0.500485151,0,0,0,0,,
灯塔,人造物,建筑,0.49719533,0,0,0,0,,
吊桥,人造物,建筑,0.489060281,0,0,0,0,,
烟囱,人造物,建筑,0.476697911,0,0,0,0,,
喷泉,人造物,建筑,0.427729906,0,0,0,0,,
立交桥,人造物,建筑,0.423106644,0,0,0,0,,
篱笆,人造物,建筑,0.409151696,0,0,0,0,,
假山,人造物,建筑,0.406066849,0,0,0,0,,
减速带,人造物,建筑,0.372762274,0,0,0,0,,
灶,人造物,建筑,0.371173745,0,0,0,0,,
收费站,人造物,建筑,0.344383957,0,0,0,0,,
电话亭,人造物,建筑,0.343935731,0,0,0,1,,
墓碑,人造物,建筑,0.324363438,0,0,0,0,,
浮桥,人造物,建筑,0.293626016,0,0,0,0,,
公墓,人造物,建筑,0.181748242,0,0,0,0,,
风衣,人造物,服饰,0.874876927,0,1,1,0,,4
牛仔裤,人造物,服饰,0.855038411,0,0,0,0,,
羽绒服,人造物,服饰,0.849523684,0,1,1,1,,
衬衫,人造物,服饰,0.848060397,0,1,1,1,,
袜子,人造物,服饰,0.781913549,0,0,0,0,,
内衣,人造物,服饰,0.780919306,0,0,0,0,,
项链,人造物,服饰,0.771384297,0,0,0,0,,
围巾,人造物,服饰,0.770731746,0,0,0,0,,
礼服,人造物,服饰,0.766505832,0,1,1,0,,
内裤,人造物,服饰,0.749553502,0,0,0,0,,
裤子,人造物,服饰,0.747347114,0,0,0,0,,
短裤,人造物,服饰,0.740150035,0,0,0,0,,
腰带,人造物,服饰,0.724776539,0,0,0,0,,
运动鞋,人造物,服饰,0.722350732,0,0,0,0,,
皮带,人造物,服饰,0.716326433,0,1,1,0,,
连衣裙,人造物,服饰,0.715727141,0,0,0,0,,
运动服,人造物,服饰,0.713932664,0,0,0,0,,
西装,人造物,服饰,0.713335636,0,0,0,0,,
长袍,人造物,服饰,0.711845532,0,0,0,0,,
凉鞋,人造物,服饰,0.707100743,0,0,0,0,,
耳环,人造物,服饰,0.702684812,0,0,0,0,,
夹克,人造物,服饰,0.700342317,0,0,0,0,,
披风,人造物,服饰,0.699758062,0,0,0,0,,
婚纱,人造物,服饰,0.69859119,0,0,0,0,,
长裤,人造物,服饰,0.698299812,0,0,0,0,,
连体衣,人造物,服饰,0.695103616,0,0,0,0,,
浴巾,人造物,服饰,0.694234767,0,0,0,0,,
紧身衣,人造物,服饰,0.692500702,0,0,0,0,,
拉链,人造物,服饰,0.691635481,0,0,0,0,,
长裙,人造物,服饰,0.691635481,0,0,0,0,,
围裙,人造物,服饰,0.688760101,0,0,0,0,,
外套,人造物,服饰,0.687327401,0,0,0,0,,
背带裤,人造物,服饰,0.679082693,0,0,0,0,,
裙子,人造物,服饰,0.678800353,0,0,0,0,,
运动裤,人造物,服饰,0.675984075,0,0,0,0,,
大衣,人造物,服饰,0.674580773,0,0,0,0,,
头巾,人造物,服饰,0.672342164,0,0,0,0,,
鞋垫,人造物,服饰,0.667058145,0,0,0,0,,
头饰,人造物,服饰,0.66650459,0,0,0,0,,
运动装,人造物,服饰,0.665951538,1,0,1,1,,
护腕,人造物,服饰,0.663744355,0,0,0,0,,
长袖,人造物,服饰,0.658534287,0,0,0,0,,
军装,人造物,服饰,0.657715733,0,0,0,0,,
毛衣,人造物,服饰,0.656626052,0,0,0,0,,
单肩包,人造物,服饰,0.656081948,0,0,0,0,,
短裙,人造物,服饰,0.642371311,0,0,0,0,,
皮夹克,人造物,服饰,0.639190484,0,0,0,0,,
丝袜,人造物,服饰,0.637606429,0,0,0,0,,
短袖,人造物,服饰,0.632356605,0,0,0,0,,
西裤,人造物,服饰,0.629228941,0,0,0,0,,
丁字裤,人造物,服饰,0.625859269,0,0,0,0,,
正装,人造物,服饰,0.624568366,0,0,0,0,,
泳裤,人造物,服饰,0.623280296,0,0,0,0,,
羊毛衣,人造物,服饰,0.623023021,0,0,0,0,,
圣诞袜,人造物,服饰,0.620456467,0,0,0,0,,
泳装,人造物,服饰,0.62020043,0,0,0,0,,
礼帽,人造物,服饰,0.619688691,0,0,0,0,,
花盆,人造物,服饰,0.618156157,0,0,0,0,,
鞋带,人造物,服饰,0.611057139,0,0,0,0,,
背心,人造物,服饰,0.609798532,0,0,0,0,,
防弹衣,人造物,服饰,0.604043929,0,0,0,0,,
雨衣,人造物,服饰,0.5988394,0,0,0,0,,
斗篷,人造物,服饰,0.597361007,0,0,0,0,,
手套,人造物,服饰,0.590755081,0,0,0,0,,
领带,人造物,服饰,0.583984403,0,0,0,0,,
尿布,人造物,服饰,0.558146071,0,0,0,0,,
鞋,人造物,服饰,0.555398439,0,0,0,0,,
戒指,人造物,服饰,0.554485589,0,0,0,0,,
拖鞋,人造物,服饰,0.550396361,1,0,1,1,,
发夹,人造物,服饰,0.549491754,0,0,0,0,,
脚链,人造物,服饰,0.548814275,0,0,0,0,,
吊坠,人造物,服饰,0.541862267,0,0,0,0,,
球鞋,人造物,服饰,0.53786586,0,0,0,0,,
睡衣,人造物,服饰,0.532582631,0,0,0,0,,
鼻环,人造物,服饰,0.523674916,0,0,0,0,,
帽子,人造物,服饰,0.522598634,0,0,0,0,,
中山装,人造物,服饰,0.508591406,0,0,0,0,,
泳帽,人造物,服饰,0.505250667,0,0,0,0,,
燕尾服,人造物,服饰,0.495762508,0,0,0,0,,
寿衣,人造物,服饰,0.490677158,0,0,0,0,,
和服,人造物,服饰,0.481448266,0,0,0,0,,
浴衣,人造物,服饰,0.479859935,0,0,0,0,,
假发,人造物,服饰,0.478276491,0,0,0,0,,
太空服,人造物,服饰,0.476107193,0,0,0,0,,
皮帽,人造物,服饰,0.465782202,1,0,1,0,,
制服,人造物,服饰,0.458886768,0,0,0,0,,
跑鞋,人造物,服饰,0.453399866,0,0,0,0,,
球衣,人造物,服饰,0.450398097,0,0,0,0,,
迷彩服,人造物,服饰,0.443709383,0,0,0,0,,
貂皮大衣,人造物,服饰,0.422222567,0,0,0,0,,
草帽,人造物,服饰,0.315594901,0,0,0,0,,
手枪,人造物,武器,0.647174603,0,0,0,0,,1
剑,人造物,武器,0.628190063,0,0,0,0,,
飞镖,人造物,武器,0.62020043,0,0,0,0,,
枪,人造物,武器,0.614849414,1,0,1,1,,
匕首,人造物,武器,0.546562034,0,0,0,0,,
子弹,人造物,武器,0.515124688,0,0,0,0,,
弹簧刀,人造物,武器,0.506918395,0,0,0,0,,
弹药,人造物,武器,0.487046241,0,0,0,0,,
核弹,人造物,武器,0.483640243,0,0,0,0,,
炸弹,人造物,武器,0.480058208,0,0,0,0,,
导弹,人造物,武器,0.478671895,0,0,0,0,,
机枪,人造物,武器,0.478474155,0,0,0,0,,
刀,人造物,武器,0.474927796,0,1,1,0,,
手榴弹,人造物,武器,0.430956462,0,0,0,0,,
刺刀,人造物,武器,0.423815066,0,0,0,0,,
步枪,人造物,武器,0.413816499,0,0,0,0,,
核武器,人造物,武器,0.412602751,0,0,0,0,,
棍棒,人造物,武器,0.405725314,0,0,0,0,,
原子弹,人造物,武器,0.351009999,0,0,0,0,,
鞭子,人造物,武器,0.349344295,0,0,0,0,,
大炮,人造物,武器,0.34408509,0,0,0,0,,
催泪弹,人造物,武器,0.327661661,0,0,0,0,,
坦克,人造物,武器,0.313221285,0,0,0,0,,
火药,人造物,武器,0.292961605,0,0,0,0,,
拼图,人造物,玩具,0.731495479,0,0,0,1,,2
气球,人造物,玩具,0.613582571,0,0,0,0,,
风筝,人造物,玩具,0.593437176,0,0,0,0,,
滑轮,人造物,玩具,0.558375658,0,0,0,0,,
迷宫,人造物,玩具,0.558146071,0,0,0,0,,
过山车,人造物,玩具,0.523674916,0,0,0,0,,
风铃,人造物,玩具,0.462322736,0,0,0,0,,
积木,人造物,玩具,0.446671063,0,0,0,0,,
七巧板,人造物,玩具,0.446671063,0,0,0,0,,
滑板,人造物,玩具,0.445558365,0,0,0,0,,
水枪,人造物,玩具,0.43023761,0,0,0,0,,
飞盘,人造物,玩具,0.42826619,0,0,0,0,,
秋千,人造物,玩具,0.404872542,0,0,0,0,,
扑克,人造物,玩具,0.393257912,0,0,0,0,,
摩天轮,人造物,玩具,0.387145476,0,0,0,1,,
水晶球,人造物,玩具,0.369748741,0,0,0,0,,
风车,人造物,玩具,0.344683024,0,0,0,0,,
棋盘,人造物,玩具,0.338591875,0,0,0,0,,
蹦床,人造物,玩具,0.323364549,0,0,0,0,,
飞毯,人造物,玩具,0.300598539,0,0,0,0,,
玻璃珠,人造物,玩具,0.291768301,0,0,0,0,,
骰子,人造物,玩具,0.229374849,0,0,0,0,,
洗衣机,人造物,电器,0.845142987,1,0,1,1,,5
手机,人造物,电器,0.827891171,0,0,0,0,,
耳机,人造物,电器,0.799386341,0,0,0,0,,
榨汁机,人造物,电器,0.764564522,0,0,0,0,,
手电筒,人造物,电器,0.753671064,0,0,0,0,,
充电器,人造物,电器,0.738596012,0,0,0,0,,
相机,人造物,电器,0.727516658,0,0,0,0,,
净水器,人造物,电器,0.718428435,0,0,0,0,,
电风扇,人造物,电器,0.718127721,0,0,0,0,,
显示器,人造物,电器,0.71035894,0,0,0,0,,
搅拌机,人造物,电器,0.701512468,0,0,0,0,,
洗碗机,人造物,电器,0.697717465,0,0,0,0,,
剃须刀,人造物,电器,0.695683524,0,1,1,0,,
电池,人造物,电器,0.674300499,1,0,1,1,,
缝纫机,人造物,电器,0.670390088,0,0,0,0,,
风扇,人造物,电器,0.662643767,0,1,1,0,,
插头,人造物,电器,0.651476818,0,0,0,0,,
电视,人造物,电器,0.643968118,0,0,0,1,,
灯泡,人造物,电器,0.643701686,0,0,0,0,,
摄像机,人造物,电器,0.63734283,0,0,0,0,,
冰箱,人造物,电器,0.635763693,0,0,0,0,,
换气扇,人造物,电器,0.629228941,0,0,0,0,,
路灯,人造物,电器,0.629228941,0,0,0,0,,
电冰箱,人造物,电器,0.628190063,0,0,0,0,,
收音机,人造物,电器,0.627153014,0,0,0,0,,
排气扇,人造物,电器,0.618156157,0,0,0,0,,
燃气灶,人造物,电器,0.609295853,0,0,0,0,,
录音机,人造物,电器,0.597361007,0,0,0,0,,
吸油烟机,人造物,电器,0.596131919,0,0,0,0,,
天线,人造物,电器,0.591241798,0,0,0,0,,
灯,人造物,电器,0.589054839,0,0,0,0,,
电蚊拍,人造物,电器,0.572562729,0,0,0,0,,
打印机,人造物,电器,0.560446227,0,0,0,0,,
电线杆,人造物,电器,0.559985432,0,0,0,0,,
净化器,人造物,电器,0.559064989,0,1,1,0,,
屏幕,人造物,电器,0.549491754,0,0,0,0,,
咖啡机,人造物,电器,0.543200939,0,0,0,0,,
音箱,人造物,电器,0.542085151,0,0,0,0,,
干电池,人造物,电器,0.536760937,0,0,0,0,,
电路板,人造物,电器,0.534557814,0,0,0,0,,
键盘,人造物,电器,0.530614633,0,0,0,0,,
机器人,人造物,电器,0.526483392,0,0,0,0,,
助听器,人造物,电器,0.526050362,0,0,0,0,,
跑步机,人造物,电器,0.525185348,0,0,0,0,,
电梯,人造物,电器,0.521524508,0,0,0,0,,
录像机,人造物,电器,0.515973574,0,0,0,0,,
切割机,人造物,电器,0.514700752,0,0,0,0,,
鼠标,人造物,电器,0.513853892,0,0,0,1,,
割草机,人造物,电器,0.509639731,0,0,0,0,,
插座,人造物,电器,0.496376094,0,0,0,0,,
雷达,人造物,电器,0.496171486,0,0,0,0,,
绞肉机,人造物,电器,0.492705348,0,0,0,0,,
收割机,人造物,电器,0.479859935,0,0,0,0,,
报警器,人造物,电器,0.468877205,0,0,0,0,,
电锯,人造物,电器,0.468295455,0,0,0,0,,
光盘,人造物,电器,0.451334217,0,0,0,0,,
路由器,人造物,电器,0.422045944,0,0,0,0,,
录像带,人造物,电器,0.418351645,0,0,0,0,,
纺织机,人造物,电器,0.409667775,0,0,0,0,,
按钮,人造物,电器,0.403851225,0,0,0,0,,
无人机,人造物,电器,0.400800346,0,0,0,0,,
交通灯,人造物,电器,0.384363559,0,0,0,0,,
除草机,人造物,电器,0.377721741,0,0,0,0,,
黄灯,人造物,电器,0.358968561,0,0,0,0,,
传真机,人造物,电器,0.354665782,0,0,0,0,,
复印机,人造物,电器,0.354665782,0,0,0,1,,
绿灯,人造物,电器,0.228468003,0,0,0,0,,
高尔夫球,人造物,运动器材,0.508172656,0,0,0,0,,2
篮球,人造物,运动器材,0.482842083,0,0,0,1,,
保龄球,人造物,运动器材,0.454718816,0,0,0,0,,
台球,人造物,运动器材,0.44003196,0,0,0,0,,
乒乓球,人造物,运动器材,0.43783855,0,0,0,0,,
橄榄球,人造物,运动器材,0.436018123,0,0,0,0,,
排球,人造物,运动器材,0.359432003,0,0,0,0,,
曲棍球,人造物,运动器材,0.352834187,0,0,0,0,,
球拍,人造物,运动器材,0.352073211,0,0,0,0,,
羽毛球,人造物,运动器材,0.320664757,0,0,0,0,,
冰球,人造物,运动器材,0.32038154,0,0,0,0,,
铅球,人造物,运动器材,0.317981617,0,0,0,0,,
哑铃,人造物,运动器材,0.317278275,0,0,0,0,,
羽毛球拍,人造物,运动器材,0.202952263,0,0,0,1,,
水壶,人造物,餐具,0.958467555,0,1,1,1,,3
锅,人造物,餐具,0.848425931,0,0,0,0,,
盘子,人造物,餐具,0.832521249,0,1,1,0,,
杯子,人造物,餐具,0.822235032,0,1,1,1,,
汤碗,人造物,餐具,0.813142232,0,0,0,0,,
酒壶,人造物,餐具,0.796668427,0,0,0,0,,
杯垫,人造物,餐具,0.789585743,0,1,1,0,,
红酒杯,人造物,餐具,0.784905218,0,0,0,0,,
茶壶,人造物,餐具,0.776628022,0,0,0,0,,
砂锅,人造物,餐具,0.731188536,0,0,0,0,,
酒杯,人造物,餐具,0.703271808,0,0,0,0,,
饮水机,人造物,餐具,0.703271808,0,0,0,0,,
汤匙,人造物,餐具,0.700634649,0,0,0,0,,
炒锅,人造物,餐具,0.700050121,0,0,0,0,,
香槟杯,人造物,餐具,0.696844963,0,0,0,0,,
托盘,人造物,餐具,0.673740334,0,0,0,0,,
碗,人造物,餐具,0.662918727,0,0,0,0,,
奶瓶,人造物,餐具,0.655810081,0,0,0,0,,
炖锅,人造物,餐具,0.643701686,0,0,0,0,,
筷子,人造物,餐具,0.636552736,1,0,1,1,,
勺子,人造物,餐具,0.633664702,0,0,0,0,,
茶碗,人造物,餐具,0.605539614,0,0,0,0,,
餐刀,人造物,餐具,0.603795024,0,0,0,0,,
叉子,人造物,餐具,0.599333045,0,0,0,0,,
瓶子,人造物,餐具,0.586393252,0,0,0,0,,
啤酒杯,人造物,餐具,0.562755956,0,0,0,0,,
毛毛虫,动物,昆虫,0.706805378,0,0,0,1,20,5
苍蝇,动物,昆虫,0.62896905,0,0,0,0,,
昆虫,动物,昆虫,0.62250881,0,0,0,0,,
蚯蚓,动物,昆虫,0.568572561,0,0,0,0,,
蚂蚁,动物,昆虫,0.560676768,0,0,0,1,,
蜜蜂,动物,昆虫,0.559294956,0,0,0,0,,
蝈蝈,动物,昆虫,0.550622745,0,1,1,0,,
蜗牛,动物,昆虫,0.550622745,0,0,0,1,,
蚊子,动物,昆虫,0.540082465,0,0,0,0,,
蜥蜴,动物,昆虫,0.515336782,0,0,0,0,,
蜘蛛,动物,昆虫,0.50193096,0,0,0,0,,
水蛭,动物,昆虫,0.488858525,0,0,0,0,,
瓢虫,动物,昆虫,0.487649632,0,1,1,0,,
萤火虫,动物,昆虫,0.483440587,0,0,0,1,,
金龟子,动物,昆虫,0.464241745,0,0,0,0,,
螨虫,动物,昆虫,0.457367152,0,0,0,0,,
蟋蟀,动物,昆虫,0.450585181,0,0,0,0,,
竹节虫,动物,昆虫,0.439299741,0,0,0,0,,
螳螂,动物,昆虫,0.41018441,0,0,0,1,,
蜈蚣,动物,昆虫,0.403851225,0,0,0,0,,
白蚁,动物,昆虫,0.389448944,0,0,0,0,,
果蝇,动物,昆虫,0.3794944,0,0,0,0,,
蛀虫,动物,昆虫,0.226773348,0,1,1,0,,
蚂蝗,动物,昆虫,0.216319372,0,0,0,0,,
龙虾,动物,水生动物,0.891388923,0,0,0,0,,5
三文鱼,动物,水生动物,0.850990038,0,1,1,0,,
鱼,动物,水生动物,0.820125938,0,1,1,1,,
虾,动物,水生动物,0.801773536,0,1,1,0,,
鲤鱼,动物,水生动物,0.788245102,0,0,0,0,,
乌龟,动物,水生动物,0.783573929,0,1,1,1,,
鱿鱼,动物,水生动物,0.78290928,0,1,1,0,,
鲨鱼,动物,水生动物,0.775641654,0,0,0,0,,
鲍鱼,动物,水生动物,0.774328778,0,1,1,0,,
鳗鱼,动物,水生动物,0.772691336,0,0,0,0,,
海参,动物,水生动物,0.770731746,0,0,0,0,,
章鱼,动物,水生动物,0.766505832,0,0,0,0,,
黄花鱼,动物,水生动物,0.764241527,0,0,0,0,,
泥鳅,动物,水生动物,0.72356248,0,0,0,0,,
金鱼,动物,水生动物,0.721141289,0,0,0,0,,
海胆,动物,水生动物,0.717526723,0,0,0,0,,
小龙虾,动物,水生动物,0.712739172,0,1,1,1,,
金枪鱼,动物,水生动物,0.709172188,0,0,0,0,,
鲫鱼,动物,水生动物,0.703271808,0,0,0,0,,
甲鱼,动物,水生动物,0.702684812,0,0,0,0,,
草鱼,动物,水生动物,0.692789377,0,1,1,0,,
鲸鱼,动物,水生动物,0.691059337,0,0,0,0,,
海龟,动物,水生动物,0.666228001,0,1,1,0,,
生蚝,动物,水生动物,0.663193811,0,0,0,0,,
蛏子,动物,水生动物,0.648247264,0,0,0,0,,
螃蟹,动物,水生动物,0.640778772,0,0,0,1,,
乌贼,动物,水生动物,0.631834175,0,0,0,0,,
沙丁鱼,动物,水生动物,0.625859269,0,1,1,0,,
鲶鱼,动物,水生动物,0.622251873,0,0,0,0,,
扇贝,动物,水生动物,0.622251873,0,0,0,0,,
带鱼,动物,水生动物,0.616373273,0,0,0,0,,
多宝鱼,动物,水生动物,0.593192828,0,1,1,0,,
螺蛳,动物,水生动物,0.591241798,0,0,0,0,,
海獭,动物,水生动物,0.584946715,0,0,0,0,,
帝王蟹,动物,水生动物,0.584224828,0,0,0,0,,
牡蛎,动物,水生动物,0.573741735,0,0,0,0,,
孔雀鱼,动物,水生动物,0.573034034,0,0,0,0,,
珊瑚,动物,水生动物,0.548588635,0,0,0,0,,
海蜇,动物,水生动物,0.542977599,0,0,0,0,,
海豚,动物,水生动物,0.524969312,0,0,0,0,,
抹香鲸,动物,水生动物,0.496580783,0,0,0,0,,
河豚,动物,水生动物,0.492502173,0,0,0,0,,
海豹,动物,水生动物,0.490474773,0,0,0,0,,
海狮,动物,水生动物,0.490272467,0,0,0,0,,
水母,动物,水生动物,0.473947035,0,0,0,1,,
寄居蟹,动物,水生动物,0.423283653,0,0,0,0,,
海星,动物,水生动物,0.39609316,0,0,0,0,,
海象,动物,水生动物,0.317278275,0,0,0,0,,
水蛇,动物,水生动物,0.249396616,0,0,0,0,,
海蛇,动物,水生动物,0.236244184,0,0,0,0,,
狮子,动物,陆生动物,0.70857965,0,0,0,1,,5
恐龙,动物,陆生动物,0.692789377,0,0,0,0,,
猪,动物,陆生动物,0.692500702,0,0,0,0,,
松狮,动物,陆生动物,0.68933411,0,0,0,0,,
河马,动物,陆生动物,0.679365163,0,0,0,0,,
毛驴,动物,陆生动物,0.628190063,0,0,0,0,,
猴子,动物,陆生动物,0.613582571,0,0,0,1,,
网纹蟒,动物,陆生动物,0.607539906,0,0,0,0,,
兔子,动物,陆生动物,0.599580026,0,0,0,0,,
猎狗,动物,陆生动物,0.598099727,0,0,0,0,,
老鼠,动物,陆生动物,0.581346444,0,0,0,0,,
腊肠犬,动物,陆生动物,0.572327225,0,0,0,0,,
黄鼠狼,动物,陆生动物,0.567637819,0,0,0,0,,
狗,动物,陆生动物,0.553119138,0,0,0,0,,
骡子,动物,陆生动物,0.550849222,0,0,0,0,,
霸王龙,动物,陆生动物,0.546562034,0,0,0,0,,
老虎,动物,陆生动物,0.536540222,0,0,0,0,,
牦牛,动物,陆生动物,0.53170708,0,0,0,0,,
骆驼,动物,陆生动物,0.530178272,0,0,0,0,,
山羊,动物,陆生动物,0.500897833,0,0,0,0,,
大象,动物,陆生动物,0.484439639,0,0,0,1,,
牛,动物,陆生动物,0.484239674,0,0,0,0,,
奶牛,动物,陆生动物,0.478276491,0,0,0,0,,
响尾蛇,动物,陆生动物,0.475910439,0,0,0,0,,
狐狸,动物,陆生动物,0.473947035,0,0,0,0,,
熊猫,动物,陆生动物,0.471795959,0,0,0,0,,
斑马,动物,陆生动物,0.465975088,0,0,0,0,,
藏獒犬,动物,陆生动物,0.46060183,0,0,0,0,,
豹子,动物,陆生动物,0.459077043,0,0,0,0,,
松鼠,动物,陆生动物,0.453211728,0,0,0,0,,
哈士奇,动物,陆生动物,0.444817947,0,0,0,0,,
金毛犬,动物,陆生动物,0.444817947,0,0,0,0,,
导盲犬,动物,陆生动物,0.444448151,0,0,0,0,,
变色龙,动物,陆生动物,0.431676371,0,0,0,0,,
鼠,动物,陆生动物,0.429519811,0,0,0,0,,
波斯猫,动物,陆生动物,0.423992332,0,0,0,0,,
翼龙,动物,陆生动物,0.423106644,0,0,0,0,,
龙猫,动物,陆生动物,0.420987555,0,0,0,0,,
蟒蛇,动物,陆生动物,0.419228689,0,0,0,0,,
猩猩,动物,陆生动物,0.418351645,0,0,0,0,,
野兔,动物,陆生动物,0.415207394,0,1,1,0,,
鸭嘴兽,动物,陆生动物,0.414859294,0,0,0,0,,
刺猬,动物,陆生动物,0.414163846,0,0,0,1,,
蟾蜍,动物,陆生动物,0.411910554,0,0,0,0,,
蛇,动物,陆生动物,0.403341385,0,0,0,0,,
毒蛇,动物,陆生动物,0.397936839,0,0,0,0,,
熊,动物,陆生动物,0.384363559,0,0,0,0,,
大灰狼,动物,陆生动物,0.382409782,0,0,0,0,,
水牛,动物,陆生动物,0.37804354,0,0,0,0,,
猴,动物,陆生动物,0.377400166,0,0,0,0,,
考拉,动物,陆生动物,0.376276409,0,0,0,0,,
大猩猩,动物,陆生动物,0.374356294,0,0,0,0,,
狒狒,动物,陆生动物,0.374356294,0,0,0,0,,
银环蛇,动物,陆生动物,0.374196644,0,0,0,0,,
蝮蛇,动物,陆生动物,0.37387751,0,0,0,0,,
羊驼,动物,陆生动物,0.372762274,0,0,0,0,,
警犬,动物,陆生动物,0.372285139,0,0,0,0,,
狼,动物,陆生动物,0.371808499,0,0,0,0,,
麋鹿,动物,陆生动物,0.368958976,0,0,0,0,,
兔,动物,陆生动物,0.366911927,0,0,0,1,,
家鼠,动物,陆生动物,0.355584371,0,0,0,0,,
母羊,动物,陆生动物,0.345431569,0,0,0,0,,
鼹鼠,动物,陆生动物,0.344683024,0,0,0,0,,
哈巴狗,动物,陆生动物,0.335357545,0,0,0,0,,
犀牛,动物,陆生动物,0.329970801,0,0,0,0,,
羚羊,动物,陆生动物,0.329681494,0,0,0,0,,
孟加拉虎,动物,陆生动物,0.324649255,0,0,0,0,,
非洲象,动物,陆生动物,0.302767194,0,0,0,0,,
鸭子,动物,鸟,0.766829942,0,1,1,1,,5
天鹅,动物,鸟,0.749869314,0,1,1,0,,
公鸡,动物,鸟,0.722956318,0,0,0,0,,
母鸡,动物,鸟,0.683617853,0,0,0,0,,
火鸡,动物,鸟,0.681346096,0,0,0,0,,
鸽子,动物,鸟,0.662094221,0,0,0,0,,
鹌鹑,动物,鸟,0.657988461,0,0,0,0,,
鹅,动物,鸟,0.646638993,0,0,0,0,,
乳鸽,动物,鸟,0.618156157,0,0,0,0,,
企鹅,动物,鸟,0.617391397,0,0,0,1,,
乌鸦,动物,鸟,0.60106415,0,0,0,0,,
鸟,动物,鸟,0.597361007,0,0,0,0,,
鸳鸯,动物,鸟,0.593926185,0,0,0,0,,
猫头鹰,动物,鸟,0.580868134,0,0,0,1,,
野鸡,动物,鸟,0.556999565,0,0,0,0,,
喜鹊,动物,鸟,0.547686999,0,0,0,0,,
蝙蝠,动物,鸟,0.543424371,0,0,0,0,,
鹰,动物,鸟,0.528871302,0,0,0,0,,
火烈鸟,动物,鸟,0.524753362,0,0,0,0,,
鸵鸟,动物,鸟,0.518101725,0,0,0,1,,
画眉鸟,动物,鸟,0.501104296,0,0,0,0,,
海鸥,动物,鸟,0.457746626,0,0,0,0,,
黑天鹅,动物,鸟,0.457746626,0,0,0,0,,
燕子,动物,鸟,0.448344784,0,0,0,1,,
苍鹰,动物,鸟,0.430956462,0,0,0,0,,
鹧鸪,动物,鸟,0.403511271,0,0,0,0,,
秃鹰,动物,鸟,0.390439617,0,0,0,0,,
知更鸟,动物,鸟,0.36597021,0,0,0,0,,
松树,植物,树木,0.636552736,0,0,0,1,20,3
圣诞树,植物,树木,0.585910663,0,0,0,0,,
柳树,植物,树木,0.573034034,0,0,0,0,,
核桃树,植物,树木,0.559525019,0,0,0,0,,
枫树,植物,树木,0.558146071,0,0,0,1,,
槐树,植物,树木,0.544990953,0,0,0,0,,
橄榄树,植物,树木,0.528653782,0,0,0,0,,
白桦树,植物,树木,0.472968151,0,0,0,0,,
猴面包树,植物,树木,0.455663049,0,0,0,0,,
柏树,植物,树木,0.44797236,0,0,0,0,,
白杨,植物,树木,0.442235138,0,0,0,0,,
桦木,植物,树木,0.429161305,0,0,0,0,,
樟子松,植物,树木,0.397768935,0,0,0,0,,
罗汉松,植物,树木,0.388789655,0,0,0,0,,
垂柳,植物,树木,0.34813674,0,0,0,0,,
灌木,植物,树木,0.326368091,0,0,0,0,,
竹子,植物,树木,0.30878846,1,0,1,1,,
水杉,植物,树木,0.282989974,0,0,0,0,,
白皮松,植物,树木,0.232565528,0,0,0,0,,
杉木,植物,树木,0.170810897,0,1,1,0,,
柠檬,植物,水果,0.876396943,0,0,0,0,,6
蓝莓,植物,水果,0.830024269,1,0,1,1,,
榴莲,植物,水果,0.802457145,0,0,0,0,,
猕猴桃,植物,水果,0.79768636,0,0,0,0,,
樱桃,植物,水果,0.777286416,0,0,0,0,,
芦荟,植物,水果,0.751134097,0,0,0,0,,
苹果,植物,水果,0.749237845,0,1,1,1,,
无花果,植物,水果,0.746403812,0,0,0,0,,
浆果,植物,水果,0.742331979,0,0,0,0,,
大枣,植物,水果,0.73642666,0,0,0,0,,
香蕉,植物,水果,0.677109035,0,0,0,0,,
薄荷,植物,水果,0.674020352,0,0,0,0,,
草莓,植物,水果,0.673740334,1,0,1,1,,
葡萄,植物,水果,0.673460444,0,0,0,0,,
开心果,植物,水果,0.672062914,1,0,1,0,,
杨梅,植物,水果,0.664846944,0,0,0,0,,
板栗,植物,水果,0.660996624,0,0,0,0,,
核桃,植物,水果,0.656898288,0,0,0,0,,
桑葚,植物,水果,0.620968879,1,0,1,0,,
椰子,植物,水果,0.613835719,0,0,0,0,,
柑橘,植物,水果,0.60081653,0,0,0,0,,
枸杞,植物,水果,0.594415614,0,0,0,0,,
芒果,植物,水果,0.591485312,0,0,0,0,,
槟榔,植物,水果,0.590755081,0,0,0,0,,
黑莓,植物,水果,0.584224828,0,0,0,0,,
枣,植物,水果,0.581825159,0,0,0,0,,
杨桃,植物,水果,0.581346444,0,1,1,0,,
木瓜,植物,水果,0.57753126,0,0,0,0,,
西瓜,植物,水果,0.573269835,0,0,0,0,,
苔藓,植物,水果,0.568572561,0,0,0,0,,
杏仁,植物,水果,0.551302457,0,0,0,0,,
枇杷,植物,水果,0.550396361,0,0,0,0,,
哈密瓜,植物,水果,0.550170069,0,0,0,0,,
橄榄,植物,水果,0.549943871,0,0,0,0,,
山楂,植物,水果,0.544766881,1,0,1,1,,
荔枝,植物,水果,0.543200939,0,0,0,0,,
桃子,植物,水果,0.540526871,0,0,0,0,,
蔓越莓,植物,水果,0.533240225,0,0,0,0,,
山竹,植物,水果,0.521739161,0,0,0,0,,
脐橙,植物,水果,0.519810377,1,0,1,1,,
柚子,植物,水果,0.51279721,0,0,0,0,,
石榴,植物,水果,0.510479889,0,0,0,0,,
百香果,植物,水果,0.502966121,0,0,0,0,,
甘蔗,植物,水果,0.500072793,1,0,1,1,,
鸭梨,植物,水果,0.474143037,0,0,0,0,,
桔子,植物,水果,0.471795959,0,0,0,0,,
水蜜桃,植物,水果,0.462131235,0,0,0,0,,
瓜子,植物,水果,0.418526927,0,0,0,0,,
白果,植物,水果,0.403511271,0,0,0,0,,
金橘,植物,水果,0.365813446,0,0,0,0,,
杏子,植物,水果,0.35481875,0,0,0,0,,
梨,植物,水果,0.349495468,0,0,0,0,,
李子,植物,水果,0.327230046,0,0,0,0,,
蜜桃,植物,水果,0.275792221,0,0,0,0,,
兰花,植物,花草,0.63053012,0,0,0,0,,5
雏菊,植物,花草,0.590755081,0,0,0,0,,
风信子,植物,花草,0.584946715,0,0,0,0,,
藏红花,植物,花草,0.58374408,0,0,0,0,,
蝴蝶兰,植物,花草,0.574214031,0,0,0,0,,
莲花,植物,花草,0.570446746,0,0,0,0,,
三叶草,植物,花草,0.527567493,0,0,0,0,,
仙人掌,植物,花草,0.527567493,1,0,1,1,,
天竺葵,植物,花草,0.520881065,0,0,0,0,,
鸡冠花,植物,花草,0.513642387,0,0,0,0,,
薰衣草,植物,花草,0.513642387,0,0,0,0,,
金银花,植物,花草,0.512164209,0,0,0,0,,
荷花,植物,花草,0.511742627,1,0,1,1,,
喇叭花,植物,花草,0.487649632,0,0,0,0,,
迷迭香,植物,花草,0.479265572,0,0,0,0,,
黄水仙,植物,花草,0.479067603,0,0,0,0,,
盆栽,植物,花草,0.47335948,0,0,0,0,,
麦穗,植物,花草,0.471405825,0,0,0,0,,
向日葵,植物,花草,0.468877205,0,0,0,1,,
茶花,植物,花草,0.467907991,0,0,0,0,,
棉花,植物,花草,0.466554187,0,0,0,0,,
玫瑰,植物,花草,0.465011388,0,0,0,0,,
郁金香,植物,花草,0.462131235,0,0,0,0,,
捕蝇草,植物,花草,0.452835662,0,0,0,0,,
牡丹,植物,花草,0.44094876,0,1,1,0,,
映山红,植物,花草,0.434747814,0,0,0,0,,
金钱草,植物,花草,0.434023393,0,0,0,0,,
水草,植物,花草,0.433300037,0,0,0,0,,
夜来香,植物,花草,0.432397337,0,0,0,0,,
玉兰,植物,花草,0.432216996,0,0,0,0,,
丁香,植物,花草,0.427551276,0,0,0,0,,
夹竹桃,植物,花草,0.423283653,0,0,0,0,,
菊花,植物,花草,0.418526927,1,0,1,1,,
连翘,植物,花草,0.416253205,0,0,0,0,,
迎春花,植物,花草,0.399113837,0,0,0,0,,
百合,植物,花草,0.393590587,0,0,0,0,,
含羞草,植物,花草,0.389613911,0,0,0,0,,
满天星,植物,花草,0.386489417,0,0,0,0,,
青苔,植物,花草,0.367069069,0,0,0,0,,
油菜花,植物,花草,0.365656735,0,0,0,0,,
海棠,植物,花草,0.362533746,0,0,0,0,,
草,植物,花草,0.35665842,0,0,0,0,,
罂粟,植物,花草,0.354971771,0,0,0,0,,
昙花,植物,花草,0.350555104,0,0,0,0,,
水仙花,植物,花草,0.348891081,0,0,0,0,,
梅花,植物,花草,0.338296869,0,0,0,1,,
康乃馨,植物,花草,0.307137874,0,0,0,0,,
蒲公英,植物,花草,0.306589089,0,0,0,0,,
葵花,植物,花草,0.28027615,0,0,0,0,,
猪笼草,植物,花草,0.269595535,0,0,0,0,,
浮萍,植物,花草,0.256503802,0,0,0,0,,
茉莉花,植物,花草,0.16964805,0,0,0,0,,
红薯,植物,蔬菜,0.868829132,1,1,2,1,,6
黄瓜,植物,蔬菜,0.834310348,0,1,1,0,,
西红柿,植物,蔬菜,0.833594152,0,1,1,0,,
胡萝卜,植物,蔬菜,0.809677021,0,1,1,0,,
西兰花,植物,蔬菜,0.804855232,1,1,2,1,,
莲藕,植物,蔬菜,0.782577205,0,1,1,0,,
蚕豆,植物,蔬菜,0.768452887,0,1,1,0,,
金针菇,植物,蔬菜,0.758774809,0,0,0,0,,
山药,植物,蔬菜,0.756217949,0,0,0,0,,
芋头,植物,蔬菜,0.746089683,0,0,0,0,,
萝卜,植物,蔬菜,0.745461882,1,0,1,1,,
海带,植物,蔬菜,0.741707813,0,1,1,0,,
绿豆,植物,蔬菜,0.734573024,0,0,0,0,,
灯笼椒,植物,蔬菜,0.728127175,0,0,0,0,,
青菜,植物,蔬菜,0.716926293,1,0,1,0,,
荷兰豆,植物,蔬菜,0.703859355,0,0,0,0,,
大头菜,植物,蔬菜,0.703271808,0,0,0,0,,
番茄,植物,蔬菜,0.68191325,1,1,2,1,,
丝瓜,植物,蔬菜,0.667889423,0,0,0,0,,
银耳,植物,蔬菜,0.663193811,0,0,0,0,,
卷心菜,植物,蔬菜,0.662918727,1,1,2,1,,
白萝卜,植物,蔬菜,0.652557209,0,0,0,0,,
莴笋,植物,蔬菜,0.643435374,1,0,1,0,,
洋葱,植物,蔬菜,0.63602659,0,0,0,0,,
玉米,植物,蔬菜,0.62896905,0,0,0,0,,
芹菜,植物,蔬菜,0.62767131,0,0,0,0,,
土豆,植物,蔬菜,0.616119019,0,1,1,0,,
西葫芦,植物,蔬菜,0.615610845,0,0,0,0,,
马齿苋,植物,蔬菜,0.613835719,0,0,0,0,,
大蒜,植物,蔬菜,0.612318483,0,0,0,0,,
冬瓜,植物,蔬菜,0.58326374,0,0,0,0,,
茄子,植物,蔬菜,0.581346444,0,0,0,0,,
豆子,植物,蔬菜,0.58062913,0,0,0,0,,
豇豆,植物,蔬菜,0.573977833,0,0,0,0,,
甘蓝,植物,蔬菜,0.555855431,0,0,0,0,,
葱,植物,蔬菜,0.55243718,0,0,0,0,,
菠菜,植物,蔬菜,0.550849222,0,0,0,0,,
白菜,植物,蔬菜,0.549717766,0,0,0,0,,
豌豆,植物,蔬菜,0.549491754,0,1,1,0,,
酸菜,植物,蔬菜,0.547011743,0,0,0,0,,
南瓜,植物,蔬菜,0.546562034,0,0,0,0,,
生菜,植物,蔬菜,0.543647894,0,0,0,0,,
香菇,植物,蔬菜,0.543647894,0,0,0,0,,
扁豆,植物,蔬菜,0.538087115,0,0,0,0,,
大豆,植物,蔬菜,0.533898619,0,0,0,0,,
平菇,植物,蔬菜,0.53280174,0,0,0,0,,
木耳,植物,蔬菜,0.53236361,0,0,0,0,,
花菜,植物,蔬菜,0.531051347,0,0,0,0,,
泡菜,植物,蔬菜,0.528001746,0,0,0,0,,
海藻,植物,蔬菜,0.52691677,0,0,0,0,,
笋,植物,蔬菜,0.524321724,1,0,1,1,,
香菜,植物,蔬菜,0.520881065,0,0,0,0,,
高粱,植物,蔬菜,0.520452533,0,0,0,0,,
四季豆,植物,蔬菜,0.515336782,0,1,1,0,,
韭菜,植物,蔬菜,0.510059643,0,0,0,0,,
毛豆,植物,蔬菜,0.502758926,0,0,0,0,,
蘑菇,植物,蔬菜,0.502137829,0,0,0,0,,
蕨菜,植物,蔬菜,0.488656847,0,0,0,0,,
茼蒿,植物,蔬菜,0.468877205,0,0,0,0,,
海草,植物,蔬菜,0.465396649,0,0,0,0,,
蒜泥,植物,蔬菜,0.459077043,0,0,0,0,,
豆芽,植物,蔬菜,0.451334217,0,0,0,0,,
小白菜,植物,蔬菜,0.450211083,0,0,0,0,,
刀豆,植物,蔬菜,0.437291716,0,0,0,0,,
甜玉米,植物,蔬菜,0.427551276,0,0,0,0,,
秋葵,植物,蔬菜,0.368643451,0,0,0,0,,
海苔,植物,蔬菜,0.31910934,0,0,0,0,,
石头,自然物,自然物,0.863205785,0,1,1,0,5,
冰块,自然物,自然物,0.800067536,0,1,1,0,,
粪便,自然物,自然物,0.69394542,0,0,0,0,,
宝石,自然物,自然物,0.685898014,0,1,1,0,,
钻石,自然物,自然物,0.640248871,1,1,2,1,,
珍珠,自然物,自然物,0.619688691,1,1,2,0,,
篝火,自然物,自然物,0.611561348,0,0,0,0,,
岩石,自然物,自然物,0.559294956,1,1,2,1,,
煤气,自然物,自然物,0.519382701,0,0,0,0,,
水晶,自然物,自然物,0.500278931,1,1,2,1,,
大理石,自然物,自然物,0.417301286,1,1,2,0,,
白银,自然物,自然物,0.41590435,0,1,1,0,,
海洋,自然物,自然物,0.409323661,0,0,0,0,,
地球,自然物,自然物,0.40232334,0,0,0,0,,
火焰,自然物,自然物,0.372603174,0,0,0,0,,
煤炭,自然物,自然物,0.35665842,0,0,0,0,,
石油,自然物,自然物,0.341552765,0,0,0,0,,
沙粒,自然物,自然物,0.339330251,0,1,1,1,,
露珠,自然物,自然物,0.301952653,1,0,1,1,,
煤田,自然物,自然物,0.204225423,0,0,0,0,,
骨头,身体部位,身体部位,0.742019821,0,0,0,0,20,
胡须,身体部位,身体部位,0.674580773,1,1,2,1,,
牙齿,身体部位,身体部位,0.671225927,1,1,2,1,,
头发,身体部位,身体部位,0.660996624,1,1,2,1,,
皮肤,身体部位,身体部位,0.656353939,0,1,1,0,,
脚趾,身体部位,身体部位,0.647710693,0,1,1,0,,
膝盖,身体部位,身体部位,0.631834175,1,1,2,1,,
头,身体部位,身体部位,0.583503859,1,1,2,1,,
耳朵,身体部位,身体部位,0.578720736,1,1,2,1,,
脚,身体部位,身体部位,0.556541627,1,0,1,1,,
指纹,身体部位,身体部位,0.551983011,0,0,0,0,,
手指,身体部位,身体部位,0.541639474,0,1,1,1,,
脚背,身体部位,身体部位,0.538973034,0,0,0,0,,
关节,身体部位,身体部位,0.527567493,0,1,1,0,,
指甲,身体部位,身体部位,0.506918395,1,0,1,0,,
泪珠,身体部位,身体部位,0.501724172,1,0,1,1,,
辫子,身体部位,身体部位,0.490677158,0,0,0,0,,
脚后跟,身体部位,身体部位,0.479661737,0,1,1,0,,
臀部,身体部位,身体部位,0.456419715,0,0,0,0,,
肋骨,身体部位,身体部位,0.45302366,0,0,0,0,,
眉毛,身体部位,身体部位,0.452084377,1,1,2,1,,
腿,身体部位,身体部位,0.448903941,1,0,1,1,,
大腿,身体部位,身体部位,0.434566609,0,0,0,0,,
头皮,身体部位,身体部位,0.429161305,0,1,1,0,,
睫毛,身体部位,身体部位,0.417301286,1,0,1,0,,
嘴唇,身体部位,身体部位,0.417301286,1,0,1,1,,
口腔,身体部位,身体部位,0.409839925,0,0,0,0,,
眼睛,身体部位,身体部位,0.381435957,0,1,1,1,,
鼻子,身体部位,身体部位,0.371015193,1,0,1,1,,
耳垂,身体部位,身体部位,0.361445731,0,0,0,0,,
手臂,身体部位,身体部位,0.347082788,1,0,1,1,,
手掌,身体部位,身体部位,0.329970801,1,0,1,1,,
拇指,身体部位,身体部位,0.328237808,1,1,2,1,,
大脑,身体部位,身体部位,0.318968214,1,0,1,1,,
肩膀,身体部位,身体部位,0.271104469,0,0,0,0,,
羽毛,身体部位,身体部位,0.20105057,0,0,0,0,,
心脏,身体部位,身体部位,0.178362933,1,0,1,1,,
骨灰,身体部位,身体部位,0.138635563,0,0,0,0,,
血管,身体部位,身体部位,0.076799729,1,0,1,1,,
米饭,食物,固态干粮,1,0,0,0,1,20,7
饼干,食物,固态干粮,0.895674603,1,0,1,0,,
鸡蛋,食物,固态干粮,0.872224681,0,0,0,0,,
烧烤,食物,固态干粮,0.851724369,0,0,0,0,,
热狗,食物,固态干粮,0.851357108,0,0,0,0,,
甜点,食物,固态干粮,0.846600168,0,0,0,0,,
披萨,食物,固态干粮,0.838262719,0,0,0,0,,
罐头,食物,固态干粮,0.831093297,0,0,0,0,,
糕点,食物,固态干粮,0.818023321,0,0,0,0,,
饺子,食物,固态干粮,0.815578413,1,0,1,1,,
火锅,食物,固态干粮,0.793623836,0,0,0,0,,
馒头,食物,固态干粮,0.793286399,1,0,1,0,,
煎饼,食物,固态干粮,0.789250331,0,0,0,0,,
坚果,食物,固态干粮,0.771057941,0,0,0,0,,
馄饨,食物,固态干粮,0.76747864,0,0,0,0,,
油条,食物,固态干粮,0.759415589,0,0,0,0,,
方便面,食物,固态干粮,0.756537009,1,0,1,1,,
果冻,食物,固态干粮,0.751767412,0,0,0,0,,
炸薯条,食物,固态干粮,0.749237845,0,0,0,0,,
土豆泥,食物,固态干粮,0.746718094,0,0,0,0,,
冰淇淋,食物,固态干粮,0.745775706,0,0,0,0,,
寿司,食物,固态干粮,0.742019821,0,0,0,0,,
香烟,食物,固态干粮,0.733032406,0,0,0,0,,
葡萄干,食物,固态干粮,0.731188536,0,0,0,0,,
大米,食物,固态干粮,0.725992917,1,0,1,0,,
荞麦,食物,固态干粮,0.725992917,0,1,1,0,,
干果,食物,固态干粮,0.721141289,0,0,0,0,,
凉皮,食物,固态干粮,0.713932664,0,0,0,0,,
牛肉面,食物,固态干粮,0.705920118,0,0,0,0,,
卷饼,食物,固态干粮,0.701512468,0,0,0,0,,
小麦,食物,固态干粮,0.700050121,0,0,0,0,,
蛋糕,食物,固态干粮,0.698882703,1,0,1,1,,
蛋黄,食物,固态干粮,0.696263973,0,0,0,0,,
米线,食物,固态干粮,0.691923754,0,0,0,0,,
炒面,食物,固态干粮,0.689908653,0,0,0,0,,
炸酱面,食物,固态干粮,0.689047039,0,0,0,0,,
汉堡,食物,固态干粮,0.685327183,0,0,0,0,,
冰糖葫芦,食物,固态干粮,0.682480927,0,0,0,0,,
巧克力,食物,固态干粮,0.681629607,0,0,0,0,,
白饭,食物,固态干粮,0.680213353,0,0,0,0,,
豆腐脑,食物,固态干粮,0.676827601,0,0,0,0,,
玉米面,食物,固态干粮,0.668721838,0,0,0,0,,
油饼,食物,固态干粮,0.660448571,0,0,0,0,,
糖果,食物,固态干粮,0.653639547,0,0,0,0,,
面粉,食物,固态干粮,0.634188752,0,1,1,0,,
凉粉,食物,固态干粮,0.633926669,0,0,0,0,,
烤面包,食物,固态干粮,0.63053012,0,0,0,0,,
甜甜圈,食物,固态干粮,0.629749068,0,0,0,0,,
大饼,食物,固态干粮,0.623537684,0,0,0,0,,
三明治,食物,固态干粮,0.619432989,0,0,0,1,,
奶油,食物,固态干粮,0.614849414,0,0,0,0,,
蜜饯,食物,固态干粮,0.609547138,0,0,0,0,,
布丁,食物,固态干粮,0.60280048,0,0,0,0,,
比萨,食物,固态干粮,0.592704445,0,0,0,0,,
馅饼,食物,固态干粮,0.59026878,0,0,0,0,,
牛轧糖,食物,固态干粮,0.583984403,0,0,0,0,,
臭豆腐,食物,固态干粮,0.583503859,0,0,0,0,,
煎蛋卷,食物,固态干粮,0.579435628,0,0,0,0,,
沙拉,食物,固态干粮,0.574686724,0,0,0,0,,
包子,食物,固态干粮,0.573505735,0,0,0,0,,
荷包蛋,食物,固态干粮,0.573505735,0,0,0,0,,
奶酪,食物,固态干粮,0.569274644,1,1,2,1,,
豆腐,食物,固态干粮,0.562062029,0,0,0,0,,
面筋,食物,固态干粮,0.561830912,0,0,0,0,,
葵花籽,食物,固态干粮,0.559064989,0,0,0,0,,
小米,食物,固态干粮,0.55380194,0,0,0,0,,
花生,食物,固态干粮,0.550396361,0,0,0,0,,
意大利面,食物,固态干粮,0.537202637,0,0,0,0,,
棉花糖,食物,固态干粮,0.536540222,1,0,1,1,,
棒棒糖,食物,固态干粮,0.534997723,0,0,0,0,,
豆腐干,食物,固态干粮,0.531925835,0,0,0,0,,
花生米,食物,固态干粮,0.518955368,0,0,0,0,,
谷物,食物,固态干粮,0.51406548,0,0,0,0,,
雪茄,食物,固态干粮,0.505458845,0,0,0,0,,
冰棍,食物,固态干粮,0.487448424,1,0,1,0,,
爆米花,食物,固态干粮,0.481647152,1,0,1,0,,
咖啡豆,食物,固态干粮,0.478276491,0,0,0,0,,
狗粮,食物,固态干粮,0.465782202,0,0,0,0,,
通心粉,食物,固态干粮,0.456230442,0,0,0,0,,
芝麻,食物,固态干粮,0.447786252,0,0,0,0,,
泡泡糖,食物,固态干粮,0.398945516,0,0,0,0,,
鸡肉,食物,肉食,0.934187964,0,1,1,1,,4
火腿肠,食物,肉食,0.897239361,0,1,1,1,,
香肠,食物,肉食,0.877539087,0,1,1,0,,
猪肉,食物,肉食,0.816625159,0,0,0,0,,
鸭肉,食物,肉食,0.80588559,0,0,0,0,,
红烧肉,食物,肉食,0.803483856,0,1,1,1,,
腊肠,食物,肉食,0.77007984,0,0,0,0,,
鱼丸,食物,肉食,0.751767412,0,1,1,0,,
炖肉,食物,肉食,0.71903029,0,0,0,0,,
鸭脖,食物,肉食,0.713037334,0,0,0,0,,
牛肉干,食物,肉食,0.694234767,0,0,0,0,,
牛肉,食物,肉食,0.671783791,0,0,0,0,,
羊肉,食物,肉食,0.649053023,0,0,0,0,,
生鱼片,食物,肉食,0.640778772,0,0,0,0,,
烤肉串,食物,肉食,0.635763693,0,0,0,0,,
腊肉,食物,肉食,0.624310526,0,0,0,0,,
驴肉,食物,肉食,0.617391397,0,0,0,0,,
火腿,食物,肉食,0.595395729,0,0,0,1,,
烤肉,食物,肉食,0.582064669,0,0,0,0,,
烤羊肉,食物,肉食,0.578720736,0,0,0,0,,
牛排,食物,肉食,0.57848264,0,0,0,0,,
肉丸,食物,肉食,0.569040518,0,0,0,0,,
狗肉,食物,肉食,0.55471366,0,0,0,0,,
烤翅,食物,肉食,0.543200939,0,0,0,0,,
涮羊肉,食物,肉食,0.528653782,0,0,0,0,,
肉末,食物,肉食,0.521524508,0,0,0,0,,
培根,食物,肉食,0.443709383,0,0,0,0,,
番茄酱,食物,调料,0.883661556,0,1,1,0,,3
调料,食物,调料,0.866574429,0,1,1,0,,
果酱,食物,调料,0.848425931,0,1,1,0,,
草莓酱,食物,调料,0.835027285,1,0,1,1,,
红糖,食物,调料,0.81175403,0,1,1,0,,
辣椒酱,食物,调料,0.80519851,0,0,0,0,,
沙拉酱,食物,调料,0.792275102,0,0,0,0,,
花生酱,食物,调料,0.776299069,0,0,0,0,,
黄油,食物,调料,0.75462498,0,0,0,0,,
酱油,食物,调料,0.743895037,0,0,0,0,,
椒盐,食物,调料,0.710655978,0,0,0,0,,
辣椒粉,食物,调料,0.629228941,0,0,0,0,,
白糖,食物,调料,0.580151427,0,0,0,0,,
醋,食物,调料,0.565540354,0,0,0,1,,
味精,食物,调料,0.560907405,0,0,0,0,,
冰糖,食物,调料,0.55380194,0,0,0,1,,
白砂糖,食物,调料,0.539416535,0,0,0,0,,
豆豉,食物,调料,0.517036588,0,0,0,0,,
花生油,食物,调料,0.499660758,0,0,0,0,,
黑胡椒,食物,调料,0.49351884,0,0,0,0,,
胡椒,食物,调料,0.491284785,0,0,0,0,,
蔗糖,食物,调料,0.374995447,0,1,1,0,,
油,食物,调料,0.341107373,0,0,0,0,,
红酒,食物,酒水饮料,0.939561708,0,1,1,0,,6
红茶,食物,酒水饮料,0.832163984,0,1,1,0,,
热水,食物,酒水饮料,0.810022749,0,0,0,0,,
稀饭,食物,酒水饮料,0.808295867,0,0,0,0,,
豆浆,食物,酒水饮料,0.806917517,1,0,1,0,,
八宝粥,食物,酒水饮料,0.802457145,0,0,0,0,,
纯净水,食物,酒水饮料,0.780588221,0,0,0,0,,
冰红茶,食物,酒水饮料,0.773345827,0,1,1,0,,
菠萝汁,食物,酒水饮料,0.77007984,0,0,0,0,,
糖浆,食物,酒水饮料,0.76747864,0,0,0,0,,
清汤,食物,酒水饮料,0.762951134,0,0,0,0,,
苹果汁,食物,酒水饮料,0.762628932,0,0,0,0,,
酸奶,食物,酒水饮料,0.748606989,0,0,0,0,,
苏打水,食物,酒水饮料,0.747032528,0,0,0,0,,
鸡尾酒,食物,酒水饮料,0.744834688,0,0,0,0,,
肉汤,食物,酒水饮料,0.744208102,0,0,0,0,,
牛奶,食物,酒水饮料,0.728432652,1,0,1,1,,
果汁,食物,酒水饮料,0.723865778,1,0,1,1,,
乌龙茶,食物,酒水饮料,0.696263973,0,0,0,0,,
绿豆汤,食物,酒水饮料,0.68933411,0,0,0,0,,
蜂蜜,食物,酒水饮料,0.687900083,0,1,1,0,,
柠檬水,食物,酒水饮料,0.68191325,0,0,0,0,,
葡萄酒,食物,酒水饮料,0.68191325,1,0,1,1,,
咖啡,食物,酒水饮料,0.681062714,0,0,0,0,,
奶茶,食物,酒水饮料,0.652827611,0,0,0,0,,
白粥,食物,酒水饮料,0.64851573,0,0,0,0,,
白酒,食物,酒水饮料,0.645302063,1,0,1,1,,
牦牛奶,食物,酒水饮料,0.64316918,0,0,0,0,,
羹汤,食物,酒水饮料,0.642903105,0,0,0,0,,
冰咖啡,食物,酒水饮料,0.641574509,0,0,0,0,,
粥,食物,酒水饮料,0.640248871,1,0,1,1,,
二锅头,食物,酒水饮料,0.634975699,0,0,0,0,,
香槟,食物,酒水饮料,0.631834175,0,0,0,0,,
豆奶,食物,酒水饮料,0.619177399,0,0,0,0,,
瓶装水,食物,酒水饮料,0.617136699,0,0,0,0,,
燕麦片,食物,酒水饮料,0.604043929,0,0,0,0,,
茶,食物,酒水饮料,0.603546227,0,0,0,0,,
清酒,食物,酒水饮料,0.593681628,0,0,0,0,,
奶粉,食物,酒水饮料,0.571621306,0,0,0,0,,
茶包,食物,酒水饮料,0.560907405,0,0,0,0,,
可口可乐,食物,酒水饮料,0.554941825,0,0,0,0,,
汽水,食物,酒水饮料,0.553119138,1,0,1,1,,
橙汁,食物,酒水饮料,0.551529215,0,0,0,0,,
百事可乐,食物,酒水饮料,0.544766881,0,0,0,0,,
普洱茶,食物,酒水饮料,0.544766881,0,0,0,0,,
葡萄汁,食物,酒水饮料,0.536760937,0,0,0,0,,
碧螺春,食物,酒水饮料,0.518528376,0,0,0,0,,
菜籽油,食物,酒水饮料,0.516186007,0,0,0,0,,
,,,,98,109,,140,,