Concept,Rel,Feature,Frequency,上级类别,下级类别,impair
白菜,是,是-蔬菜,23.5714285714286,植物,蔬菜,0
白菜,可以,可以-食用,17.1428571428571,植物,蔬菜,1
白菜,是,是-植物,16.0714285714286,植物,蔬菜,0
白菜,有,有-叶子,16.0714285714286,植物,蔬菜,0
白菜,需要,需要-水,13.9285714285714,植物,蔬菜,1
白菜,需要,需要-阳光,11.7857142857143,植物,蔬菜,1
白菜,是,是-白色的,10.7142857142857,植物,蔬菜,0
白菜,是,是-食物,10.7142857142857,植物,蔬菜,0
白菜,有,有-菜叶,9.64285714285714,植物,蔬菜,0
白菜,是,是-绿色的,8.57142857142857,植物,蔬菜,0
白菜,需要,需要-空气,8.57142857142857,植物,蔬菜,1
白菜,有,有-根,8.57142857142857,植物,蔬菜,1
白菜,可以,可以-炒,7.5,植物,蔬菜,0
白菜,需要,需要-肥料,7.5,植物,蔬菜,0
白菜,需要,需要-土,7.5,植物,蔬菜,0
白菜,有,有-水,5.35714285714286,植物,蔬菜,0
白菜,有,有-维生素,4.28571428571429,植物,蔬菜,0
白菜,是,是-黄色的,3.21428571428571,植物,蔬菜,1
白菜,是,是-青菜,3.21428571428571,植物,蔬菜,1
白菜,像,像-卷心菜,3.21428571428571,植物,蔬菜,0
白菜,像,像-青菜,3.21428571428571,植物,蔬菜,1
白菜,像,像-娃娃菜,3.21428571428571,植物,蔬菜,0
白菜,像,像-玉石,3.21428571428571,植物,蔬菜,0
白菜,需要,需要-呼吸,3.21428571428571,植物,蔬菜,0
白菜,需要,需要-清洗,3.21428571428571,植物,蔬菜,1
白菜,需要,需要-种植,3.21428571428571,植物,蔬菜,1
白菜,有,有-菜根,3.21428571428571,植物,蔬菜,0
白菜,有,有-茎,3.21428571428571,植物,蔬菜,1
白菜,有,有-纤维,3.21428571428571,植物,蔬菜,1
白菜,有,有-营养,3.21428571428571,植物,蔬菜,1
白菜,可以,可以-切,2.14285714285714,植物,蔬菜,0
白菜,可以,可以-腌制,2.14285714285714,植物,蔬菜,1
白菜,是,是-土中生长的,2.14285714285714,植物,蔬菜,1
白菜,是,是-椭圆形,2.14285714285714,植物,蔬菜,0
白菜,像,像-包菜,2.14285714285714,植物,蔬菜,0
白菜,像,像-翡翠,2.14285714285714,植物,蔬菜,1
白菜,像,像-花,2.14285714285714,植物,蔬菜,1
白菜,像,像-胖娃娃,2.14285714285714,植物,蔬菜,1
白菜,像,像-球,2.14285714285714,植物,蔬菜,0
白菜,需要,需要-买,2.14285714285714,植物,蔬菜,1
白菜,需要,需要-杀虫,2.14285714285714,植物,蔬菜,0
白菜,需要,需要-生长,2.14285714285714,植物,蔬菜,0
白菜,有,有-白菜帮,2.14285714285714,植物,蔬菜,0
白菜,有,有-帮子,2.14285714285714,植物,蔬菜,1
白菜,有,有-菜心,2.14285714285714,植物,蔬菜,0
白菜,有,有-多种种类,2.14285714285714,植物,蔬菜,0
鼻子,需要,需要-呼吸,26.0,身体部位,身体部位,0
鼻子,是,是-器官,20.0,身体部位,身体部位,1
鼻子,有,有-鼻孔,13.0,身体部位,身体部位,1
鼻子,有,有-毛,12.0,身体部位,身体部位,0
鼻子,有,有-鼻毛,10.0,身体部位,身体部位,0
鼻子,有,有-孔,9.0,身体部位,身体部位,0
鼻子,需要,需要-保护,7.0,身体部位,身体部位,0
鼻子,其他,其他-动物,6.0,身体部位,身体部位,0
鼻子,是,是-人的,5.0,身体部位,身体部位,1
鼻子,是,是-身体部位,5.0,身体部位,身体部位,0
鼻子,需要,需要-清洗,5.0,身体部位,身体部位,1
鼻子,有,有-鼻涕,5.0,身体部位,身体部位,0
鼻子,有,有-两个孔,5.0,身体部位,身体部位,0
鼻子,可以,可以-闻气味,4.0,身体部位,身体部位,0
鼻子,可以,可以-嗅,4.0,身体部位,身体部位,1
鼻子,需要,需要-空气,4.0,身体部位,身体部位,0
鼻子,像,像-耳朵,3.0,身体部位,身体部位,0
鼻子,像,像-三角形,3.0,身体部位,身体部位,0
鼻子,像,像-山,3.0,身体部位,身体部位,1
鼻子,有,有-鼻梁,3.0,身体部位,身体部位,0
鼻子,有,有-骨骼,3.0,身体部位,身体部位,0
鼻子,有,有-肌肉,3.0,身体部位,身体部位,1
鼻子,可以,可以-呼吸空气,2.0,身体部位,身体部位,1
鼻子,可以,可以-流鼻血,2.0,身体部位,身体部位,1
鼻子,可以,可以-擤鼻涕,2.0,身体部位,身体部位,0
鼻子,是,是-软的,2.0,身体部位,身体部位,0
鼻子,是,是-五官,2.0,身体部位,身体部位,1
鼻子,像,像-插座,2.0,身体部位,身体部位,0
鼻子,像,像-大蒜,2.0,身体部位,身体部位,1
鼻子,像,像-漏斗,2.0,身体部位,身体部位,0
鼻子,像,像-山洞,2.0,身体部位,身体部位,0
鼻子,需要,需要-畅通,2.0,身体部位,身体部位,0
鼻子,需要,需要-清洁,2.0,身体部位,身体部位,0
鼻子,需要,需要-清理,2.0,身体部位,身体部位,0
鼻子,有,有-毛孔,2.0,身体部位,身体部位,0
鼻子,有,有-肉,2.0,身体部位,身体部位,1
冰箱,需要,需要-电,25.1612903225806,人造物,电器,0
冰箱,是,是-电器,19.3548387096774,人造物,电器,0
冰箱,可以,可以-冷藏,17.4193548387097,人造物,电器,0
冰箱,可以,可以-冷冻,17.4193548387097,人造物,电器,1
冰箱,可以,可以-保鲜,13.5483870967742,人造物,电器,0
冰箱,是,是-家里的,13.5483870967742,人造物,电器,1
冰箱,有,有-门,11.6129032258065,人造物,电器,0
冰箱,可以,可以-保存食物,8.70967741935484,人造物,电器,0
冰箱,是,是-柜子,6.7741935483871,人造物,电器,1
冰箱,像,像-衣柜,5.80645161290323,人造物,电器,0
冰箱,可以,可以-储物,4.83870967741935,人造物,电器,0
冰箱,像,像-箱子,4.83870967741935,人造物,电器,0
冰箱,有,有-灯,4.83870967741935,人造物,电器,1
冰箱,有,有-隔层,4.83870967741935,人造物,电器,1
冰箱,需要,需要-清洗,3.87096774193548,人造物,电器,1
冰箱,有,有-多种型号,3.87096774193548,人造物,电器,1
冰箱,可以,可以-买卖,2.90322580645161,人造物,电器,0
冰箱,是,是-工具,2.90322580645161,人造物,电器,0
冰箱,是,是-家具,2.90322580645161,人造物,电器,0
冰箱,是,是-冷的,2.90322580645161,人造物,电器,1
冰箱,是,是-长方形,2.90322580645161,人造物,电器,0
冰箱,像,像-冰窖,2.90322580645161,人造物,电器,0
冰箱,像,像-洗衣机,2.90322580645161,人造物,电器,1
冰箱,需要,需要-电源,2.90322580645161,人造物,电器,0
冰箱,有,有-抽屉,2.90322580645161,人造物,电器,0
冰箱,有,有-多种品牌,2.90322580645161,人造物,电器,0
冰箱,可以,可以-冰冻,1.93548387096774,人造物,电器,1
冰箱,可以,可以-储存食物,1.93548387096774,人造物,电器,0
冰箱,可以,可以-冻冰块,1.93548387096774,人造物,电器,1
冰箱,可以,可以-降温,1.93548387096774,人造物,电器,0
冰箱,是,是-设备,1.93548387096774,人造物,电器,0
冰箱,像,像-橱柜,1.93548387096774,人造物,电器,0
冰箱,像,像-盒子,1.93548387096774,人造物,电器,0
冰箱,像,像-自动售货机,1.93548387096774,人造物,电器,1
冰箱,需要,需要-保养,1.93548387096774,人造物,电器,0
冰箱,需要,需要-充电,1.93548387096774,人造物,电器,0
冰箱,需要,需要-清洁,1.93548387096774,人造物,电器,0
冰箱,有,有-多种种类,1.93548387096774,人造物,电器,0
冰箱,有,有-格子,1.93548387096774,人造物,电器,1
冰箱,有,有-食物,1.93548387096774,人造物,电器,0
餐桌,是,是-家具,14.0,人造物,家具,0
餐桌,是,是-木的,14.0,人造物,家具,1
餐桌,有,有-腿,14.0,人造物,家具,0
餐桌,可以,可以-进食,12.0,人造物,家具,0
餐桌,是,是-桌子,10.0,人造物,家具,0
餐桌,有,有-桌面,9.0,人造物,家具,0
餐桌,可以,可以-储物,6.0,人造物,家具,0
餐桌,是,是-方形的,6.0,人造物,家具,0
餐桌,需要,需要-清洗,6.0,人造物,家具,1
餐桌,是,是-圆形,5.0,人造物,家具,0
餐桌,像,像-茶几,5.0,人造物,家具,0
餐桌,需要,需要-制造,5.0,人造物,家具,0
餐桌,有,有-多种形状,5.0,人造物,家具,1
餐桌,有,有-桌布,5.0,人造物,家具,0
餐桌,可以,可以-摆放,4.0,人造物,家具,0
餐桌,像,像-桌子,4.0,人造物,家具,0
餐桌,需要,需要-擦,4.0,人造物,家具,0
餐桌,有,有-多种种类,4.0,人造物,家具,0
餐桌,有,有-四条腿,4.0,人造物,家具,0
餐桌,是,是-餐具,3.0,人造物,家具,0
餐桌,是,是-工具,3.0,人造物,家具,1
餐桌,需要,需要-清理,3.0,人造物,家具,1
餐桌,有,有-餐具,3.0,人造物,家具,0
餐桌,有,有-多种颜色,3.0,人造物,家具,1
餐桌,可以,可以-放餐具,2.0,人造物,家具,0
餐桌,可以,可以-放饭菜,2.0,人造物,家具,1
餐桌,可以,可以-放盘子,2.0,人造物,家具,1
餐桌,可以,可以-放碗,2.0,人造物,家具,0
餐桌,可以,可以-使用,2.0,人造物,家具,0
餐桌,可以,可以-用来吃饭,2.0,人造物,家具,0
餐桌,像,像-方块,2.0,人造物,家具,1
餐桌,像,像-麻将桌,2.0,人造物,家具,1
餐桌,像,像-写字台,2.0,人造物,家具,0
餐桌,需要,需要-打扫,2.0,人造物,家具,0
餐桌,需要,需要-加工,2.0,人造物,家具,0
餐桌,需要,需要-清洁,2.0,人造物,家具,0
餐桌,需要,需要-桌布,2.0,人造物,家具,1
餐桌,有,有-多种材质,2.0,人造物,家具,0
餐桌,有,有-桌板,2.0,人造物,家具,0
餐桌,有,有-桌角,2.0,人造物,家具,0
车库,可以,可以-停车,23.0,人造物,建筑,0
车库,需要,需要-打扫,12.0,人造物,建筑,1
车库,是,是-房屋,11.0,人造物,建筑,0
车库,有,有-门,10.0,人造物,建筑,1
车库,有,有-车,9.0,人造物,建筑,0
车库,是,是-建筑,6.0,人造物,建筑,0
车库,是,是-空间,6.0,人造物,建筑,1
车库,是,是-场所,5.0,人造物,建筑,0
车库,是,是-大的,5.0,人造物,建筑,0
车库,是,是-空的,4.0,人造物,建筑,0
车库,是,是-宽广的,4.0,人造物,建筑,0
车库,像,像-储藏室,4.0,人造物,建筑,1
车库,像,像-停车场,4.0,人造物,建筑,1
车库,有,有-灯,4.0,人造物,建筑,0
车库,可以,可以-放车,3.0,人造物,建筑,1
车库,可以,可以-放杂物,3.0,人造物,建筑,1
车库,可以,可以-买卖,3.0,人造物,建筑,0
车库,其他,其他-地下,3.0,人造物,建筑,0
车库,是,是-黑暗的,3.0,人造物,建筑,0
车库,像,像-盒子,3.0,人造物,建筑,1
车库,有,有-车位,3.0,人造物,建筑,1
车库,有,有-墙,3.0,人造物,建筑,0
车库,可以,可以-储物,2.0,人造物,建筑,0
车库,可以,可以-存车,2.0,人造物,建筑,0
车库,可以,可以-存放车辆,2.0,人造物,建筑,1
车库,是,是-阴暗的,2.0,人造物,建筑,0
车库,像,像-地下室,2.0,人造物,建筑,1
车库,像,像-库房,2.0,人造物,建筑,0
车库,需要,需要-钥匙,2.0,人造物,建筑,0
车库,有,有-大门,2.0,人造物,建筑,1
车库,有,有-面积,2.0,人造物,建筑,0
车库,有,有-柱子,2.0,人造物,建筑,0
衬衫,是,是-衣服,23.2258064516129,人造物,服饰,1
衬衫,可以,可以-穿,22.258064516129,人造物,服饰,1
衬衫,有,有-领子,19.3548387096774,人造物,服饰,1
衬衫,有,有-扣子,16.4516129032258,人造物,服饰,0
衬衫,需要,需要-清洗,15.4838709677419,人造物,服饰,0
衬衫,有,有-袖子,15.4838709677419,人造物,服饰,1
衬衫,可以,可以-保暖,8.70967741935484,人造物,服饰,0
衬衫,需要,需要-熨烫,8.70967741935484,人造物,服饰,0
衬衫,是,是-服饰,7.74193548387097,人造物,服饰,1
衬衫,有,有-多种颜色,7.74193548387097,人造物,服饰,1
衬衫,是,是-上衣,6.7741935483871,人造物,服饰,0
衬衫,有,有-布,6.7741935483871,人造物,服饰,0
衬衫,可以,可以-买卖,5.80645161290323,人造物,服饰,0
衬衫,像,像-外套,5.80645161290323,人造物,服饰,0
衬衫,是,是-正式的,4.83870967741935,人造物,服饰,0
衬衫,需要,需要-缝纫,4.83870967741935,人造物,服饰,0
衬衫,需要,需要-设计,4.83870967741935,人造物,服饰,1
衬衫,需要,需要-制造,4.83870967741935,人造物,服饰,1
衬衫,有,有-多种样式,4.83870967741935,人造物,服饰,1
衬衫,是,是-软的,2.90322580645161,人造物,服饰,1
衬衫,需要,需要-剪裁,2.90322580645161,人造物,服饰,0
衬衫,需要,需要-晾干,2.90322580645161,人造物,服饰,0
衬衫,需要,需要-阳光,2.90322580645161,人造物,服饰,1
衬衫,有,有-袋子,2.90322580645161,人造物,服饰,1
衬衫,有,有-多种材质,2.90322580645161,人造物,服饰,1
衬衫,可以,可以-打底,1.93548387096774,人造物,服饰,1
衬衫,可以,可以-御寒,1.93548387096774,人造物,服饰,1
衬衫,是,是-白色的,1.93548387096774,人造物,服饰,0
衬衫,像,像-窗帘,1.93548387096774,人造物,服饰,1
衬衫,像,像-西装,1.93548387096774,人造物,服饰,0
衬衫,像,像-纸,1.93548387096774,人造物,服饰,0
衬衫,需要,需要-整理,1.93548387096774,人造物,服饰,0
衬衫,有,有-多种价格,1.93548387096774,人造物,服饰,0
衬衫,有,有-多种品牌,1.93548387096774,人造物,服饰,0
衬衫,有,有-多种种类,1.93548387096774,人造物,服饰,1
衬衫,有,有-花纹,1.93548387096774,人造物,服饰,0
衬衫,有,有-男款的,1.93548387096774,人造物,服饰,1
衬衫,有,有-女士的,1.93548387096774,人造物,服饰,0
衬衫,有,有-图案,1.93548387096774,人造物,服饰,0
衬衫,有,有-线,1.93548387096774,人造物,服饰,1
耳朵,可以,可以-听,24.1935483870968,身体部位,身体部位,0
耳朵,是,是-器官,23.2258064516129,身体部位,身体部位,1
耳朵,需要,需要-保护,22.258064516129,身体部位,身体部位,0
耳朵,有,有-耳廓,11.6129032258065,身体部位,身体部位,0
耳朵,需要,需要-清洗,9.67741935483871,身体部位,身体部位,0
耳朵,其他,其他-人,8.70967741935484,身体部位,身体部位,0
耳朵,有,有-耳垂,8.70967741935484,身体部位,身体部位,0
耳朵,有,有-耳蜗,7.74193548387097,身体部位,身体部位,0
耳朵,是,是-身体部位,5.80645161290323,身体部位,身体部位,0
耳朵,像,像-3,4.83870967741935,身体部位,身体部位,0
耳朵,有,有-耳膜,4.83870967741935,身体部位,身体部位,0
耳朵,可以,可以-戴耳环,3.87096774193548,身体部位,身体部位,1
耳朵,是,是-五官,3.87096774193548,身体部位,身体部位,0
耳朵,有,有-耳道,3.87096774193548,身体部位,身体部位,0
耳朵,可以,可以-打耳洞,2.90322580645161,身体部位,身体部位,1
耳朵,其他,其他-动物,2.90322580645161,身体部位,身体部位,0
耳朵,是,是-软的,2.90322580645161,身体部位,身体部位,0
耳朵,是,是-重要的,2.90322580645161,身体部位,身体部位,0
耳朵,像,像-蜗牛,2.90322580645161,身体部位,身体部位,0
耳朵,像,像-月亮,2.90322580645161,身体部位,身体部位,0
耳朵,有,有-多种形状,2.90322580645161,身体部位,身体部位,0
耳朵,有,有-耳洞,2.90322580645161,身体部位,身体部位,1
耳朵,有,有-骨骼,2.90322580645161,身体部位,身体部位,0
耳朵,有,有-两只,2.90322580645161,身体部位,身体部位,0
耳朵,有,有-神经,2.90322580645161,身体部位,身体部位,1
耳朵,可以,可以-戴耳机,1.93548387096774,身体部位,身体部位,0
耳朵,可以,可以-听到声音,1.93548387096774,身体部位,身体部位,0
耳朵,是,是-成对的,1.93548387096774,身体部位,身体部位,1
耳朵,是,是-小的,1.93548387096774,身体部位,身体部位,0
耳朵,像,像-喇叭,1.93548387096774,身体部位,身体部位,0
耳朵,像,像-猫耳朵,1.93548387096774,身体部位,身体部位,1
耳朵,像,像-木耳,1.93548387096774,身体部位,身体部位,0
耳朵,像,像-蒲扇,1.93548387096774,身体部位,身体部位,0
耳朵,需要,需要-血,1.93548387096774,身体部位,身体部位,0
耳朵,有,有-耳屎,1.93548387096774,身体部位,身体部位,0
耳朵,有,有-耳眼,1.93548387096774,身体部位,身体部位,0
耳朵,有,有-功能,1.93548387096774,身体部位,身体部位,1
耳朵,有,有-皮肤,1.93548387096774,身体部位,身体部位,0
耳朵,有,有-软骨,1.93548387096774,身体部位,身体部位,0
耳朵,有,有-听觉,1.93548387096774,身体部位,身体部位,0
耳朵,有,有-血管,1.93548387096774,身体部位,身体部位,0
耳朵,有,有-猪耳朵,1.93548387096774,身体部位,身体部位,1
帆船,有,有-帆,16.0,交通工具,船,0
帆船,其他,其他-交通,14.0,交通工具,船,1
帆船,是,是-工具,14.0,交通工具,船,0
帆船,是,是-船,11.0,交通工具,船,1
帆船,有,有-帆布,6.0,交通工具,船,0
帆船,需要,需要-风,5.0,交通工具,船,1
帆船,可以,可以-航行,4.0,交通工具,船,1
帆船,有,有-船身,4.0,交通工具,船,0
帆船,像,像-树叶,3.0,交通工具,船,0
帆船,需要,需要-水,3.0,交通工具,船,0
帆船,有,有-布,3.0,交通工具,船,0
帆船,有,有-船帆,3.0,交通工具,船,1
帆船,有,有-船体,3.0,交通工具,船,0
帆船,有,有-甲板,3.0,交通工具,船,0
帆船,可以,可以-划,2.0,交通工具,船,0
帆船,是,是-海里的,2.0,交通工具,船,1
帆船,是,是-木的,2.0,交通工具,船,0
帆船,是,是-水上工具,2.0,交通工具,船,0
帆船,像,像-轮船,2.0,交通工具,船,0
帆船,需要,需要-驾驶,2.0,交通工具,船,0
帆船,需要,需要-人,2.0,交通工具,船,0
帆船,有,有-船员,2.0,交通工具,船,0
帆船,有,有-舵,2.0,交通工具,船,1
帆船,有,有-木板,2.0,交通工具,船,1
帆船,有,有-桅杆,2.0,交通工具,船,0
甘蔗,是,是-食物,23.7931034482759,植物,水果,0
甘蔗,是,是-水果,13.448275862069,植物,水果,0
甘蔗,是,是-甜的,12.4137931034483,植物,水果,0
甘蔗,像,像-竹子,12.4137931034483,植物,水果,1
甘蔗,需要,需要-水,12.4137931034483,植物,水果,1
甘蔗,需要,需要-阳光,10.3448275862069,植物,水果,0
甘蔗,是,是-植物,9.31034482758621,植物,水果,1
甘蔗,像,像-棍棒,9.31034482758621,植物,水果,0
甘蔗,有,有-皮,8.27586206896552,植物,水果,0
甘蔗,需要,需要-种植,7.24137931034483,植物,水果,0
甘蔗,有,有-水,7.24137931034483,植物,水果,0
甘蔗,有,有-糖,7.24137931034483,植物,水果,0
甘蔗,需要,需要-空气,6.20689655172414,植物,水果,0
甘蔗,是,是-长的,5.17241379310345,植物,水果,0
甘蔗,需要,需要-肥料,5.17241379310345,植物,水果,1
甘蔗,有,有-维生素,5.17241379310345,植物,水果,0
甘蔗,有,有-汁水,5.17241379310345,植物,水果,1
甘蔗,需要,需要-土,4.13793103448276,植物,水果,1
甘蔗,需要,需要-削皮,4.13793103448276,植物,水果,0
甘蔗,有,有-叶子,4.13793103448276,植物,水果,0
甘蔗,可以,可以-解渴,3.10344827586207,植物,水果,0
甘蔗,可以,可以-买卖,3.10344827586207,植物,水果,0
甘蔗,是,是-硬的,3.10344827586207,植物,水果,0
甘蔗,有,有-果肉,3.10344827586207,植物,水果,0
甘蔗,是,是-杆状的,2.06896551724138,植物,水果,0
甘蔗,是,是-黄色的,2.06896551724138,植物,水果,0
甘蔗,像,像-玉米,2.06896551724138,植物,水果,0
甘蔗,有,有-蛋白质,2.06896551724138,植物,水果,0
甘蔗,有,有-多种颜色,2.06896551724138,植物,水果,1
甘蔗,有,有-根,2.06896551724138,植物,水果,1
甘蔗,有,有-营养,2.06896551724138,植物,水果,1
甘蔗,有,有-蔗糖,2.06896551724138,植物,水果,1
甘蔗,有,有-脂肪,2.06896551724138,植物,水果,0
柑橘,是,是-食物,25.8620689655172,植物,水果,1
柑橘,是,是-水果,23.7931034482759,植物,水果,1
柑橘,有,有-皮,18.6206896551724,植物,水果,0
柑橘,像,像-橙子,13.448275862069,植物,水果,0
柑橘,是,是-甜的,11.3793103448276,植物,水果,0
柑橘,是,是-橙色的,9.31034482758621,植物,水果,1
柑橘,是,是-植物,9.31034482758621,植物,水果,0
柑橘,需要,需要-水,9.31034482758621,植物,水果,0
柑橘,有,有-果肉,9.31034482758621,植物,水果,1
柑橘,是,是-酸的,8.27586206896552,植物,水果,1
柑橘,需要,需要-剥开,7.24137931034483,植物,水果,1
柑橘,是,是-橘子,6.20689655172414,植物,水果,1
柑橘,需要,需要-采摘,6.20689655172414,植物,水果,0
柑橘,需要,需要-空气,6.20689655172414,植物,水果,0
柑橘,需要,需要-阳光,6.20689655172414,植物,水果,1
柑橘,需要,需要-种植,6.20689655172414,植物,水果,1
柑橘,有,有-籽,6.20689655172414,植物,水果,0
柑橘,是,是-圆形,4.13793103448276,植物,水果,0
柑橘,像,像-球,4.13793103448276,植物,水果,0
柑橘,需要,需要-土,4.13793103448276,植物,水果,0
柑橘,需要,需要-营养,4.13793103448276,植物,水果,0
柑橘,可以,可以-解渴,3.10344827586207,植物,水果,0
柑橘,可以,可以-买卖,3.10344827586207,植物,水果,0
柑橘,是,是-黄色的,3.10344827586207,植物,水果,0
柑橘,是,是-香的,3.10344827586207,植物,水果,0
柑橘,像,像-柚子,3.10344827586207,植物,水果,1
柑橘,有,有-果实,3.10344827586207,植物,水果,0
柑橘,有,有-维生素,3.10344827586207,植物,水果,1
柑橘,有,有-叶子,3.10344827586207,植物,水果,1
柑橘,有,有-种子,3.10344827586207,植物,水果,1
柑橘,可以,可以-冲泡,2.06896551724138,植物,水果,1
柑橘,其他,其他-富含维生素,2.06896551724138,植物,水果,1
柑橘,其他,其他-橘生淮北则为枳,2.06896551724138,植物,水果,0
柑橘,其他,其他-橘生淮南则为橘,2.06896551724138,植物,水果,1
柑橘,是,是-好吃的,2.06896551724138,植物,水果,0
柑橘,是,是-清香的,2.06896551724138,植物,水果,1
柑橘,是,是-药,2.06896551724138,植物,水果,1
柑橘,像,像-灯笼,2.06896551724138,植物,水果,1
柑橘,像,像-桔子,2.06896551724138,植物,水果,1
柑橘,像,像-芦柑,2.06896551724138,植物,水果,1
柑橘,像,像-柿子,2.06896551724138,植物,水果,0
柑橘,需要,需要-肥料,2.06896551724138,植物,水果,1
柑橘,需要,需要-温暖湿润气候,2.06896551724138,植物,水果,0
柑橘,有,有-多种型号,2.06896551724138,植物,水果,0
柑橘,有,有-多种种类,2.06896551724138,植物,水果,0
柑橘,有,有-果核,2.06896551724138,植物,水果,1
高速公路,是,是-道路,23.0,人造物,建筑,0
高速公路,需要,需要-维护,13.0,人造物,建筑,1
高速公路,有,有-车,12.0,人造物,建筑,1
高速公路,可以,可以-行驶,8.0,人造物,建筑,0
高速公路,是,是-公共的,7.0,人造物,建筑,1
高速公路,是,是-快速的,7.0,人造物,建筑,0
高速公路,有,有-路牌,5.0,人造物,建筑,0
高速公路,是,是-长的,4.0,人造物,建筑,0
高速公路,像,像-带子,4.0,人造物,建筑,0
高速公路,需要,需要-收费,4.0,人造物,建筑,0
高速公路,需要,需要-修建,4.0,人造物,建筑,0
高速公路,可以,可以-高速行驶,3.0,人造物,建筑,0
高速公路,是,是-便捷的,3.0,人造物,建筑,0
高速公路,是,是-宽广的,3.0,人造物,建筑,0
高速公路,是,是-直的,3.0,人造物,建筑,1
高速公路,需要,需要-保养,3.0,人造物,建筑,0
高速公路,有,有-护栏,3.0,人造物,建筑,0
高速公路,有,有-沥青,3.0,人造物,建筑,0
高速公路,有,有-收费站,3.0,人造物,建筑,0
高速公路,有,有-水泥,3.0,人造物,建筑,0
高速公路,可以,可以-开车,2.0,人造物,建筑,0
高速公路,可以,可以-快速行驶,2.0,人造物,建筑,0
高速公路,其他,其他-交通,2.0,人造物,建筑,0
高速公路,是,是-黑色的,2.0,人造物,建筑,0
高速公路,是,是-通道,2.0,人造物,建筑,1
高速公路,是,是-弯的,2.0,人造物,建筑,0
高速公路,像,像-地毯,2.0,人造物,建筑,0
高速公路,像,像-公路,2.0,人造物,建筑,0
高速公路,像,像-河流,2.0,人造物,建筑,0
高速公路,需要,需要-建设,2.0,人造物,建筑,0
高速公路,需要,需要-限速,2.0,人造物,建筑,0
高速公路,有,有-限速,2.0,人造物,建筑,0
高速公路,有,有-油漆,2.0,人造物,建筑,0
鸽子,可以,可以-飞,27.0,动物,鸟,0
鸽子,是,是-动物,24.0,动物,鸟,0
鸽子,是,是-鸟,22.0,动物,鸟,0
鸽子,需要,需要-食物,21.0,动物,鸟,0
鸽子,有,有-翅膀,20.0,动物,鸟,1
鸽子,需要,需要-水,16.0,动物,鸟,0
鸽子,有,有-羽毛,15.0,动物,鸟,0
鸽子,有,有-嘴巴,11.0,动物,鸟,0
鸽子,可以,可以-送信,9.0,动物,鸟,0
鸽子,有,有-爪子,9.0,动物,鸟,0
鸽子,需要,需要-睡觉,8.0,动物,鸟,1
鸽子,是,是-白色的,7.0,动物,鸟,0
鸽子,是,是-禽类,7.0,动物,鸟,0
鸽子,需要,需要-饲养,7.0,动物,鸟,1
鸽子,是,是-食物,6.0,动物,鸟,1
鸽子,需要,需要-空气,6.0,动物,鸟,1
鸽子,像,像-麻雀,5.0,动物,鸟,0
鸽子,需要,需要-保护,5.0,动物,鸟,0
鸽子,需要,需要-谷物,5.0,动物,鸟,0
鸽子,有,有-多种颜色,5.0,动物,鸟,0
鸽子,有,有-眼睛,5.0,动物,鸟,0
鸽子,有,有-头,4.0,动物,鸟,0
鸽子,可以,可以-传信,3.0,动物,鸟,0
鸽子,是,是-生物,3.0,动物,鸟,0
鸽子,像,像-飞机,3.0,动物,鸟,1
鸽子,像,像-海鸥,3.0,动物,鸟,0
鸽子,像,像-喜鹊,3.0,动物,鸟,0
鸽子,像,像-燕子,3.0,动物,鸟,0
鸽子,需要,需要-训练,3.0,动物,鸟,0
鸽子,有,有-多种种类,3.0,动物,鸟,0
鸽子,有,有-脚,3.0,动物,鸟,0
鸽子,可以,可以-传递信息,2.0,动物,鸟,0
鸽子,可以,可以-认家,2.0,动物,鸟,0
鸽子,其他,其他-和平,2.0,动物,鸟,0
鸽子,其他,其他-和平的象征,2.0,动物,鸟,0
鸽子,是,是-聪明的,2.0,动物,鸟,0
鸽子,是,是-和平的,2.0,动物,鸟,1
鸽子,是,是-灰色的,2.0,动物,鸟,0
鸽子,是,是-家养的,2.0,动物,鸟,0
鸽子,是,是-象征,2.0,动物,鸟,1
鸽子,像,像-大雁,2.0,动物,鸟,0
鸽子,像,像-鸡,2.0,动物,鸟,1
鸽子,需要,需要-排泄,2.0,动物,鸟,0
鸽子,需要,需要-阳光,2.0,动物,鸟,0
鸽子,有,有-尖嘴巴,2.0,动物,鸟,0
鸽子,有,有-腿,2.0,动物,鸟,0
鸽子,有,有-尾巴,2.0,动物,鸟,0
拐杖,是,是-棍棒,18.3870967741936,人造物,工具,0
拐杖,是,是-木的,17.4193548387097,人造物,工具,0
拐杖,有,有-把手,15.4838709677419,人造物,工具,0
拐杖,是,是-工具,12.5806451612903,人造物,工具,1
拐杖,是,是-辅助的,7.74193548387097,人造物,工具,1
拐杖,是,是-金属,7.74193548387097,人造物,工具,0
拐杖,需要,需要-制造,7.74193548387097,人造物,工具,0
拐杖,可以,可以-买卖,6.7741935483871,人造物,工具,0
拐杖,是,是-长的,5.80645161290323,人造物,工具,0
拐杖,可以,可以-帮助行走,4.83870967741935,人造物,工具,1
拐杖,可以,可以-行走,4.83870967741935,人造物,工具,1
拐杖,是,是-老年用品,4.83870967741935,人造物,工具,1
拐杖,有,有-多种材质,4.83870967741935,人造物,工具,0
拐杖,可以,可以-打人,3.87096774193548,人造物,工具,0
拐杖,是,是-杆子,3.87096774193548,人造物,工具,0
拐杖,是,是-弯的,3.87096774193548,人造物,工具,1
拐杖,像,像-树枝,3.87096774193548,人造物,工具,0
拐杖,有,有-多种型号,3.87096774193548,人造物,工具,0
拐杖,可以,可以-辅助走路,2.90322580645161,人造物,工具,0
拐杖,是,是-硬的,2.90322580645161,人造物,工具,0
拐杖,是,是-用品,2.90322580645161,人造物,工具,0
拐杖,像,像-竹子,2.90322580645161,人造物,工具,0
拐杖,需要,需要-保养,2.90322580645161,人造物,工具,0
拐杖,需要,需要-设计,2.90322580645161,人造物,工具,0
拐杖,有,有-扶手,2.90322580645161,人造物,工具,1
拐杖,可以,可以-辅助行走,1.93548387096774,人造物,工具,0
拐杖,可以,可以-拿,1.93548387096774,人造物,工具,0
拐杖,可以,可以-探路,1.93548387096774,人造物,工具,0
拐杖,是,是-简单的,1.93548387096774,人造物,工具,0
拐杖,是,是-器材,1.93548387096774,人造物,工具,0
拐杖,是,是-条状的,1.93548387096774,人造物,工具,0
拐杖,是,是-医疗用品,1.93548387096774,人造物,工具,0
拐杖,像,像-伞,1.93548387096774,人造物,工具,1
拐杖,像,像-伞柄,1.93548387096774,人造物,工具,0
拐杖,需要,需要-支撑,1.93548387096774,人造物,工具,0
拐杖,有,有-多种样式,1.93548387096774,人造物,工具,1
拐杖,有,有-多种种类,1.93548387096774,人造物,工具,0
拐杖,有,有-花纹,1.93548387096774,人造物,工具,0
拐杖,有,有-油漆,1.93548387096774,人造物,工具,0
猴子,是,是-动物,27.0,动物,陆生动物,0
猴子,像,像-人,20.0,动物,陆生动物,1
猴子,有,有-尾巴,17.0,动物,陆生动物,0
猴子,需要,需要-食物,12.0,动物,陆生动物,0
猴子,有,有-毛,12.0,动物,陆生动物,0
猴子,有,有-眼睛,9.0,动物,陆生动物,0
猴子,是,是-哺乳类,7.0,动物,陆生动物,1
猴子,需要,需要-保护,6.0,动物,陆生动物,0
猴子,需要,需要-水,6.0,动物,陆生动物,1
猴子,有,有-鼻子,6.0,动物,陆生动物,0
猴子,需要,需要-饲养,5.0,动物,陆生动物,0
猴子,需要,需要-香蕉,5.0,动物,陆生动物,1
猴子,可以,可以-跳,4.0,动物,陆生动物,0
猴子,是,是-聪明的,4.0,动物,陆生动物,0
猴子,有,有-四肢,4.0,动物,陆生动物,0
猴子,有,有-嘴巴,4.0,动物,陆生动物,0
猴子,可以,可以-爬树,3.0,动物,陆生动物,0
猴子,可以,可以-跑,3.0,动物,陆生动物,0
猴子,像,像-猩猩,3.0,动物,陆生动物,0
猴子,需要,需要-睡觉,3.0,动物,陆生动物,0
猴子,有,有-耳朵,3.0,动物,陆生动物,0
猴子,有,有-红屁股,3.0,动物,陆生动物,1
猴子,有,有-长尾巴,3.0,动物,陆生动物,0
猴子,可以,可以-捕猎,2.0,动物,陆生动物,0
猴子,可以,可以-观赏,2.0,动物,陆生动物,0
猴子,可以,可以-娱乐,2.0,动物,陆生动物,1
猴子,是,是-好动的,2.0,动物,陆生动物,0
猴子,是,是-灵长类,2.0,动物,陆生动物,0
猴子,是,是-玩具,2.0,动物,陆生动物,0
猴子,是,是-棕色的,2.0,动物,陆生动物,1
猴子,像,像-毛绒玩具,2.0,动物,陆生动物,0
猴子,像,像-猿,2.0,动物,陆生动物,0
猴子,需要,需要-呼吸,2.0,动物,陆生动物,0
猴子,需要,需要-空气,2.0,动物,陆生动物,0
猴子,需要,需要-食用,2.0,动物,陆生动物,0
猴子,有,有-皮肤,2.0,动物,陆生动物,0
猴子,有,有-手臂,2.0,动物,陆生动物,0
黄瓜,是,是-食物,28.0,植物,蔬菜,0
黄瓜,是,是-蔬菜,23.0,植物,蔬菜,1
黄瓜,是,是-绿色的,19.0,植物,蔬菜,0
黄瓜,像,像-丝瓜,13.0,植物,蔬菜,1
黄瓜,需要,需要-水,13.0,植物,蔬菜,0
黄瓜,有,有-刺,12.0,植物,蔬菜,0
黄瓜,是,是-长的,11.0,植物,蔬菜,0
黄瓜,需要,需要-种植,11.0,植物,蔬菜,1
黄瓜,可以,可以-炒,10.0,植物,蔬菜,0
黄瓜,是,是-植物,10.0,植物,蔬菜,0
黄瓜,需要,需要-清洗,9.0,植物,蔬菜,0
黄瓜,需要,需要-土,9.0,植物,蔬菜,0
黄瓜,需要,需要-阳光,9.0,植物,蔬菜,0
黄瓜,有,有-皮,9.0,植物,蔬菜,0
黄瓜,有,有-籽,9.0,植物,蔬菜,1
黄瓜,可以,可以-凉拌,7.0,植物,蔬菜,0
黄瓜,可以,可以-生吃,7.0,植物,蔬菜,0
黄瓜,是,是-条状的,7.0,植物,蔬菜,1
黄瓜,需要,需要-采摘,7.0,植物,蔬菜,0
黄瓜,像,像-棍棒,6.0,植物,蔬菜,1
黄瓜,需要,需要-空气,6.0,植物,蔬菜,1
黄瓜,是,是-水果,5.0,植物,蔬菜,1
黄瓜,需要,需要-切,5.0,植物,蔬菜,0
黄瓜,有,有-花,5.0,植物,蔬菜,0
黄瓜,有,有-维生素,4.0,植物,蔬菜,0
黄瓜,有,有-营养,4.0,植物,蔬菜,0
黄瓜,是,是-脆的,3.0,植物,蔬菜,1
黄瓜,需要,需要-削皮,3.0,植物,蔬菜,0
黄瓜,有,有-把手,3.0,植物,蔬菜,0
黄瓜,有,有-多种种类,3.0,植物,蔬菜,1
黄瓜,有,有-瓜皮,3.0,植物,蔬菜,0
黄瓜,有,有-瓜瓤,3.0,植物,蔬菜,1
黄瓜,有,有-水,3.0,植物,蔬菜,0
黄瓜,有,有-维生素C,3.0,植物,蔬菜,0
黄瓜,可以,可以-拌,2.0,植物,蔬菜,0
黄瓜,可以,可以-干吃,2.0,植物,蔬菜,0
黄瓜,可以,可以-买卖,2.0,植物,蔬菜,0
黄瓜,可以,可以-美容,2.0,植物,蔬菜,1
黄瓜,可以,可以-腌制,2.0,植物,蔬菜,0
黄瓜,是,是-细的,2.0,植物,蔬菜,0
黄瓜,像,像-擀面杖,2.0,植物,蔬菜,1
黄瓜,像,像-萝卜,2.0,植物,蔬菜,1
黄瓜,需要,需要-营养,2.0,植物,蔬菜,0
黄瓜,有,有-多种型号,2.0,植物,蔬菜,1
黄瓜,有,有-多种颜色,2.0,植物,蔬菜,0
黄瓜,有,有-根,2.0,植物,蔬菜,0
黄瓜,有,有-果肉,2.0,植物,蔬菜,1
黄瓜,有,有-茎,2.0,植物,蔬菜,0
黄瓜,有,有-瓤,2.0,植物,蔬菜,0
黄瓜,有,有-叶子,2.0,植物,蔬菜,0
火车,其他,其他-交通,20.0,交通工具,车,0
火车,是,是-工具,20.0,交通工具,车,0
火车,有,有-车厢,18.0,交通工具,车,1
火车,需要,需要-司机,9.0,交通工具,车,1
火车,是,是-车,8.0,交通工具,车,0
火车,是,是-长的,8.0,交通工具,车,0
火车,有,有-车头,8.0,交通工具,车,0
火车,需要,需要-电,7.0,交通工具,车,1
火车,有,有-轨道,7.0,交通工具,车,0
火车,有,有-轮子,7.0,交通工具,车,0
火车,可以,可以-乘坐,6.0,交通工具,车,1
火车,需要,需要-驾驶,6.0,交通工具,车,0
火车,可以,可以-行驶,5.0,交通工具,车,0
火车,像,像-高铁,5.0,交通工具,车,0
火车,需要,需要-铁轨,5.0,交通工具,车,0
火车,需要,需要-维护,5.0,交通工具,车,0
火车,有,有-座位,5.0,交通工具,车,0
火车,可以,可以-拉货,4.0,交通工具,车,1
火车,需要,需要-动力,4.0,交通工具,车,1
火车,需要,需要-买票,4.0,交通工具,车,0
火车,需要,需要-能源,4.0,交通工具,车,0
火车,需要,需要-修理,4.0,交通工具,车,0
火车,是,是-绿色的,3.0,交通工具,车,1
火车,像,像-龙,3.0,交通工具,车,1
火车,像,像-马车,3.0,交通工具,车,0
火车,需要,需要-燃料,3.0,交通工具,车,0
火车,有,有-乘务员,3.0,交通工具,车,0
火车,可以,可以-提供便利,2.0,交通工具,车,1
火车,可以,可以-运输,2.0,交通工具,车,1
火车,可以,可以-载人,2.0,交通工具,车,0
火车,是,是-多节的,2.0,交通工具,车,1
火车,是,是-公共的,2.0,交通工具,车,0
火车,是,是-金属,2.0,交通工具,车,0
火车,像,像-毛毛虫,2.0,交通工具,车,0
火车,像,像-箱子,2.0,交通工具,车,0
火车,需要,需要-清洗,2.0,交通工具,车,1
火车,有,有-车身,2.0,交通工具,车,0
火车,有,有-车尾,2.0,交通工具,车,0
火车,有,有-动车,2.0,交通工具,车,0
火车,有,有-高铁,2.0,交通工具,车,1
夹克,是,是-衣服,20.0,人造物,服饰,0
夹克,可以,可以-穿,17.0,人造物,服饰,0
夹克,需要,需要-清洗,14.0,人造物,服饰,0
夹克,可以,可以-保暖,13.0,人造物,服饰,0
夹克,有,有-袖子,9.0,人造物,服饰,0
夹克,是,是-外套,8.0,人造物,服饰,0
夹克,有,有-袋子,8.0,人造物,服饰,1
夹克,有,有-拉链,8.0,人造物,服饰,0
夹克,可以,可以-买卖,7.0,人造物,服饰,0
夹克,有,有-布,7.0,人造物,服饰,0
夹克,有,有-多种颜色,7.0,人造物,服饰,0
夹克,有,有-扣子,7.0,人造物,服饰,1
夹克,需要,需要-制造,6.0,人造物,服饰,1
夹克,有,有-多种样式,6.0,人造物,服饰,0
夹克,可以,可以-御寒,5.0,人造物,服饰,0
夹克,需要,需要-缝纫,5.0,人造物,服饰,0
夹克,可以,可以-挡风,4.0,人造物,服饰,1
夹克,可以,可以-运动,4.0,人造物,服饰,1
夹克,是,是-服饰,4.0,人造物,服饰,0
夹克,是,是-装备,4.0,人造物,服饰,0
夹克,有,有-领子,4.0,人造物,服饰,0
夹克,是,是-皮的,3.0,人造物,服饰,0
夹克,是,是-上衣,3.0,人造物,服饰,1
夹克,像,像-冲锋衣,3.0,人造物,服饰,0
夹克,像,像-皮衣,3.0,人造物,服饰,1
夹克,需要,需要-爱护,3.0,人造物,服饰,0
夹克,需要,需要-设计,3.0,人造物,服饰,0
夹克,需要,需要-透气,3.0,人造物,服饰,0
夹克,可以,可以-防水,2.0,人造物,服饰,0
夹克,可以,可以-耍酷,2.0,人造物,服饰,0
夹克,是,是-黑色的,2.0,人造物,服饰,0
夹克,是,是-户外的,2.0,人造物,服饰,0
夹克,是,是-酷的,2.0,人造物,服饰,0
夹克,是,是-生活用品,2.0,人造物,服饰,0
夹克,像,像-西装,2.0,人造物,服饰,0
夹克,需要,需要-晾干,2.0,人造物,服饰,1
夹克,需要,需要-阳光,2.0,人造物,服饰,0
夹克,有,有-兜子,2.0,人造物,服饰,1
夹克,有,有-多种材质,2.0,人造物,服饰,0
夹克,有,有-多种品牌,2.0,人造物,服饰,0
夹克,有,有-多种型号,2.0,人造物,服饰,0
夹克,有,有-衣领,2.0,人造物,服饰,0
肩膀,是,是-身体部位,22.258064516129,身体部位,身体部位,0
肩膀,有,有-骨骼,21.2903225806452,身体部位,身体部位,1
肩膀,其他,其他-人,12.5806451612903,身体部位,身体部位,0
肩膀,有,有-肉,12.5806451612903,身体部位,身体部位,0
肩膀,需要,需要-保护,10.6451612903226,身体部位,身体部位,0
肩膀,有,有-皮肤,9.67741935483871,身体部位,身体部位,0
肩膀,可以,可以-背,8.70967741935484,身体部位,身体部位,0
肩膀,有,有-血液,5.80645161290323,身体部位,身体部位,0
肩膀,可以,可以-动,3.87096774193548,身体部位,身体部位,0
肩膀,可以,可以-扛东西,3.87096774193548,身体部位,身体部位,0
肩膀,可以,可以-靠,3.87096774193548,身体部位,身体部位,0
肩膀,可以,可以-依靠,3.87096774193548,身体部位,身体部位,1
肩膀,可以,可以-倚靠,3.87096774193548,身体部位,身体部位,0
肩膀,是,是-胳膊,3.87096774193548,身体部位,身体部位,0
肩膀,有,有-关节,3.87096774193548,身体部位,身体部位,0
肩膀,有,有-血管,3.87096774193548,身体部位,身体部位,0
肩膀,是,是-宽的,2.90322580645161,身体部位,身体部位,1
肩膀,像,像-膝盖,2.90322580645161,身体部位,身体部位,1
肩膀,需要,需要-按摩,2.90322580645161,身体部位,身体部位,0
肩膀,需要,需要-运动,2.90322580645161,身体部位,身体部位,0
肩膀,有,有-肌肉,2.90322580645161,身体部位,身体部位,0
肩膀,可以,可以-撑衣服,1.93548387096774,身体部位,身体部位,1
肩膀,可以,可以-负重,1.93548387096774,身体部位,身体部位,0
肩膀,是,是-安全的,1.93548387096774,身体部位,身体部位,1
肩膀,是,是-器官,1.93548387096774,身体部位,身体部位,1
肩膀,是,是-硬的,1.93548387096774,身体部位,身体部位,0
肩膀,像,像-山,1.93548387096774,身体部位,身体部位,0
肩膀,像,像-手肘,1.93548387096774,身体部位,身体部位,1
肩膀,像,像-衣架,1.93548387096774,身体部位,身体部位,1
肩膀,需要,需要-爱护,1.93548387096774,身体部位,身体部位,1
肩膀,需要,需要-清洗,1.93548387096774,身体部位,身体部位,0
肩膀,有,有-两个,1.93548387096774,身体部位,身体部位,0
剪刀,是,是-工具,20.3225806451613,人造物,工具,0
剪刀,有,有-把手,15.4838709677419,人造物,工具,1
剪刀,是,是-刀,13.5483870967742,人造物,工具,0
剪刀,可以,可以-剪东西,12.5806451612903,人造物,工具,1
剪刀,是,是-锋利的,12.5806451612903,人造物,工具,0
剪刀,是,是-金属,10.6451612903226,人造物,工具,0
剪刀,需要,需要-小心,7.74193548387097,人造物,工具,0
剪刀,有,有-刀刃,7.74193548387097,人造物,工具,1
剪刀,可以,可以-拆快递,3.87096774193548,人造物,工具,1
剪刀,可以,可以-剪裁,3.87096774193548,人造物,工具,0
剪刀,可以,可以-剪纸,3.87096774193548,人造物,工具,0
剪刀,可以,可以-买卖,3.87096774193548,人造物,工具,0
剪刀,可以,可以-使用,3.87096774193548,人造物,工具,0
剪刀,是,是-尖的,3.87096774193548,人造物,工具,0
剪刀,是,是-塑料,3.87096774193548,人造物,工具,0
剪刀,需要,需要-制造,3.87096774193548,人造物,工具,0
剪刀,像,像-燕子的尾巴,2.90322580645161,人造物,工具,0
剪刀,需要,需要-打磨,2.90322580645161,人造物,工具,1
剪刀,有,有-多种型号,2.90322580645161,人造物,工具,0
剪刀,有,有-多种颜色,2.90322580645161,人造物,工具,1
剪刀,有,有-螺丝,2.90322580645161,人造物,工具,1
剪刀,可以,可以-裁剪,1.93548387096774,人造物,工具,1
剪刀,可以,可以-裁剪东西,1.93548387096774,人造物,工具,0
剪刀,可以,可以-剪绳子,1.93548387096774,人造物,工具,0
剪刀,可以,可以-剪头发,1.93548387096774,人造物,工具,1
剪刀,可以,可以-切割,1.93548387096774,人造物,工具,1
剪刀,是,是-常见的,1.93548387096774,人造物,工具,0
剪刀,像,像-钳子,1.93548387096774,人造物,工具,0
剪刀,像,像-树杈,1.93548387096774,人造物,工具,0
剪刀,需要,需要-保存,1.93548387096774,人造物,工具,1
剪刀,需要,需要-擦,1.93548387096774,人造物,工具,0
剪刀,需要,需要-清洗,1.93548387096774,人造物,工具,1
剪刀,需要,需要-铁,1.93548387096774,人造物,工具,0
剪刀,有,有-刀片,1.93548387096774,人造物,工具,0
剪刀,有,有-多种材质,1.93548387096774,人造物,工具,0
剪刀,有,有-多种功能,1.93548387096774,人造物,工具,0
剪刀,有,有-多种样式,1.93548387096774,人造物,工具,0
剪刀,有,有-两边,1.93548387096774,人造物,工具,1
脚后跟,是,是-脚,17.4193548387097,身体部位,身体部位,1
脚后跟,是,是-身体部位,17.4193548387097,身体部位,身体部位,0
脚后跟,有,有-皮肤,15.4838709677419,身体部位,身体部位,0
脚后跟,需要,需要-保护,14.5161290322581,身体部位,身体部位,0
脚后跟,有,有-骨骼,14.5161290322581,身体部位,身体部位,1
脚后跟,有,有-肉,13.5483870967742,身体部位,身体部位,0
脚后跟,其他,其他-人,11.6129032258065,身体部位,身体部位,1
脚后跟,需要,需要-清洗,4.83870967741935,身体部位,身体部位,0
脚后跟,有,有-血管,4.83870967741935,身体部位,身体部位,0
脚后跟,是,是-器官,3.87096774193548,身体部位,身体部位,0
脚后跟,像,像-球,3.87096774193548,身体部位,身体部位,0
脚后跟,像,像-手肘,3.87096774193548,身体部位,身体部位,0
脚后跟,有,有-关节,3.87096774193548,身体部位,身体部位,1
脚后跟,可以,可以-行走,2.90322580645161,身体部位,身体部位,0
脚后跟,是,是-硬的,2.90322580645161,身体部位,身体部位,0
脚后跟,像,像-膝盖,2.90322580645161,身体部位,身体部位,0
脚后跟,需要,需要-穿袜子,2.90322580645161,身体部位,身体部位,1
脚后跟,有,有-肌肉,2.90322580645161,身体部位,身体部位,0
脚后跟,有,有-死皮,2.90322580645161,身体部位,身体部位,1
脚后跟,其他,其他-高跟鞋,1.93548387096774,身体部位,身体部位,0
脚后跟,是,是-臭的,1.93548387096774,身体部位,身体部位,1
脚后跟,是,是-厚的,1.93548387096774,身体部位,身体部位,0
脚后跟,是,是-组织,1.93548387096774,身体部位,身体部位,1
脚后跟,有,有-跗骨,1.93548387096774,身体部位,身体部位,0
脚后跟,有,有-细胞,1.93548387096774,身体部位,身体部位,0
轿车,有,有-轮子,20.0,交通工具,车,0
轿车,是,是-工具,17.0,交通工具,车,0
轿车,是,是-车,13.0,交通工具,车,0
轿车,有,有-座位,12.0,交通工具,车,0
轿车,其他,其他-交通,10.0,交通工具,车,0
轿车,需要,需要-汽油,10.0,交通工具,车,0
轿车,有,有-发动机,8.0,交通工具,车,0
轿车,需要,需要-油,7.0,交通工具,车,0
轿车,可以,可以-代步,6.0,交通工具,车,0
轿车,需要,需要-保养,6.0,交通工具,车,0
轿车,有,有-车身,6.0,交通工具,车,1
轿车,有,有-窗户,6.0,交通工具,车,1
轿车,可以,可以-乘坐,5.0,交通工具,车,1
轿车,需要,需要-电,5.0,交通工具,车,0
轿车,需要,需要-加油,5.0,交通工具,车,0
轿车,需要,需要-驾驶,5.0,交通工具,车,1
轿车,有,有-方向盘,5.0,交通工具,车,1
轿车,可以,可以-开,4.0,交通工具,车,0
轿车,是,是-小的,4.0,交通工具,车,0
轿车,像,像-房屋,4.0,交通工具,车,0
轿车,需要,需要-清洗,4.0,交通工具,车,1
轿车,需要,需要-司机,4.0,交通工具,车,0
轿车,有,有-门,4.0,交通工具,车,0
轿车,可以,可以-出行,3.0,交通工具,车,0
轿车,像,像-面包车,3.0,交通工具,车,0
轿车,需要,需要-维护,3.0,交通工具,车,1
轿车,有,有-车厢,3.0,交通工具,车,0
轿车,有,有-引擎,3.0,交通工具,车,0
轿车,有,有-油门,3.0,交通工具,车,0
轿车,可以,可以-行驶,2.0,交通工具,车,1
轿车,可以,可以-买卖,2.0,交通工具,车,0
轿车,可以,可以-运输,2.0,交通工具,车,1
轿车,是,是-家里的,2.0,交通工具,车,0
轿车,是,是-金属,2.0,交通工具,车,0
轿车,是,是-快速的,2.0,交通工具,车,0
轿车,是,是-玩具,2.0,交通工具,车,1
轿车,像,像-盒子,2.0,交通工具,车,1
轿车,像,像-马车,2.0,交通工具,车,0
轿车,像,像-跑车,2.0,交通工具,车,0
轿车,像,像-自行车,2.0,交通工具,车,0
轿车,需要,需要-检查,2.0,交通工具,车,1
轿车,需要,需要-牌照,2.0,交通工具,车,0
轿车,需要,需要-燃料,2.0,交通工具,车,0
轿车,有,有-玻璃,2.0,交通工具,车,1
轿车,有,有-刹车,2.0,交通工具,车,0
轿车,有,有-车牌,2.0,交通工具,车,1
轿车,有,有-挡风玻璃,2.0,交通工具,车,0
轿车,有,有-多种颜色,2.0,交通工具,车,0
轿车,有,有-轱辘,2.0,交通工具,车,1
轿车,有,有-四个车轮,2.0,交通工具,车,0
轿车,有,有-四个轮子,2.0,交通工具,车,0
韭菜,是,是-食物,23.0,植物,蔬菜,0
韭菜,是,是-绿色的,21.0,植物,蔬菜,1
韭菜,有,有-叶子,17.0,植物,蔬菜,0
韭菜,是,是-植物,14.0,植物,蔬菜,0
韭菜,是,是-蔬菜,13.0,植物,蔬菜,1
韭菜,需要,需要-水,13.0,植物,蔬菜,0
韭菜,有,有-根,13.0,植物,蔬菜,1
韭菜,像,像-草,11.0,植物,蔬菜,0
韭菜,需要,需要-土,10.0,植物,蔬菜,1
韭菜,需要,需要-种植,10.0,植物,蔬菜,0
韭菜,需要,需要-阳光,9.0,植物,蔬菜,1
韭菜,需要,需要-采摘,6.0,植物,蔬菜,0
韭菜,像,像-葱,5.0,植物,蔬菜,0
韭菜,需要,需要-空气,5.0,植物,蔬菜,1
韭菜,可以,可以-包饺子,4.0,植物,蔬菜,1
韭菜,可以,可以-炒,4.0,植物,蔬菜,1
韭菜,需要,需要-清洗,4.0,植物,蔬菜,0
韭菜,有,有-茎,4.0,植物,蔬菜,1
韭菜,是,是-菜,3.0,植物,蔬菜,0
韭菜,是,是-调料,3.0,植物,蔬菜,0
韭菜,是,是-长的,3.0,植物,蔬菜,0
韭菜,像,像-麦苗,3.0,植物,蔬菜,1
韭菜,需要,需要-营养,3.0,植物,蔬菜,0
韭菜,有,有-味道,3.0,植物,蔬菜,1
韭菜,可以,可以-加工,2.0,植物,蔬菜,0
韭菜,可以,可以-烧烤,2.0,植物,蔬菜,1
韭菜,是,是-臭的,2.0,植物,蔬菜,1
韭菜,是,是-细的,2.0,植物,蔬菜,0
韭菜,像,像-大蒜,2.0,植物,蔬菜,1
韭菜,像,像-麦子,2.0,植物,蔬菜,0
韭菜,像,像-蒜苗,2.0,植物,蔬菜,0
韭菜,需要,需要-肥料,2.0,植物,蔬菜,1
韭菜,需要,需要-烹饪,2.0,植物,蔬菜,1
卡车,是,是-大的,16.551724137931,交通工具,车,0
卡车,有,有-轮子,16.551724137931,交通工具,车,0
卡车,是,是-车,12.4137931034483,交通工具,车,0
卡车,是,是-工具,11.3793103448276,交通工具,车,0
卡车,像,像-货车,10.3448275862069,交通工具,车,0
卡车,可以,可以-运输,6.20689655172414,交通工具,车,0
卡车,其他,其他-交通,5.17241379310345,交通工具,车,0
卡车,需要,需要-保养,5.17241379310345,交通工具,车,1
卡车,有,有-车厢,5.17241379310345,交通工具,车,1
卡车,需要,需要-加油,4.13793103448276,交通工具,车,0
卡车,需要,需要-驾驶,4.13793103448276,交通工具,车,1
卡车,需要,需要-汽油,4.13793103448276,交通工具,车,0
卡车,需要,需要-维护,4.13793103448276,交通工具,车,0
卡车,需要,需要-油,4.13793103448276,交通工具,车,1
卡车,有,有-车身,4.13793103448276,交通工具,车,0
卡车,有,有-多种样式,4.13793103448276,交通工具,车,0
卡车,有,有-驾驶室,4.13793103448276,交通工具,车,1
卡车,可以,可以-拉货,3.10344827586207,交通工具,车,0
卡车,需要,需要-司机,3.10344827586207,交通工具,车,0
卡车,需要,需要-修理,3.10344827586207,交通工具,车,0
卡车,有,有-发动机,3.10344827586207,交通工具,车,0
卡车,可以,可以-搬运,2.06896551724138,交通工具,车,0
卡车,可以,可以-开,2.06896551724138,交通工具,车,1
卡车,可以,可以-买卖,2.06896551724138,交通工具,车,0
卡车,是,是-汽车的一种,2.06896551724138,交通工具,车,1
卡车,需要,需要-动力,2.06896551724138,交通工具,车,1
卡车,需要,需要-检查,2.06896551724138,交通工具,车,0
卡车,需要,需要-人,2.06896551724138,交通工具,车,0
卡车,需要,需要-制造,2.06896551724138,交通工具,车,0
卡车,有,有-车头,2.06896551724138,交通工具,车,0
卡车,有,有-多种品牌,2.06896551724138,交通工具,车,0
卡车,有,有-方向盘,2.06896551724138,交通工具,车,0
卡车,有,有-油箱,2.06896551724138,交通工具,车,1
卡车,有,有-载货箱,2.06896551724138,交通工具,车,1
裤子,可以,可以-穿,16.0,人造物,服饰,1
裤子,是,是-衣服,13.0,人造物,服饰,0
裤子,有,有-布,12.0,人造物,服饰,1
裤子,可以,可以-保暖,11.0,人造物,服饰,0
裤子,需要,需要-清洗,11.0,人造物,服饰,0
裤子,是,是-服饰,9.0,人造物,服饰,1
裤子,有,有-裤腿,9.0,人造物,服饰,0
裤子,有,有-多种样式,8.0,人造物,服饰,0
裤子,可以,可以-买卖,5.0,人造物,服饰,0
裤子,需要,需要-缝纫,5.0,人造物,服饰,0
裤子,有,有-多种颜色,5.0,人造物,服饰,1
裤子,有,有-多种种类,5.0,人造物,服饰,0
裤子,有,有-裤腰,5.0,人造物,服饰,0
裤子,有,有-拉链,5.0,人造物,服饰,0
裤子,是,是-下衣,4.0,人造物,服饰,0
裤子,像,像-裙子,4.0,人造物,服饰,1
裤子,需要,需要-熨烫,4.0,人造物,服饰,1
裤子,需要,需要-制造,4.0,人造物,服饰,1
裤子,有,有-线,4.0,人造物,服饰,0
裤子,是,是-必需品,3.0,人造物,服饰,0
裤子,是,是-长的,3.0,人造物,服饰,0
裤子,需要,需要-染料,3.0,人造物,服饰,0
裤子,有,有-多种型号,3.0,人造物,服饰,0
裤子,有,有-裤脚,3.0,人造物,服饰,0
裤子,有,有-两条腿,3.0,人造物,服饰,0
裤子,有,有-腿,3.0,人造物,服饰,0
裤子,可以,可以-保护,2.0,人造物,服饰,1
裤子,是,是-时尚的,2.0,人造物,服饰,0
裤子,需要,需要-剪裁,2.0,人造物,服饰,0
裤子,需要,需要-针,2.0,人造物,服饰,0
裤子,有,有-短裤,2.0,人造物,服饰,0
裤子,有,有-多种材质,2.0,人造物,服饰,0
裤子,有,有-扣子,2.0,人造物,服饰,0
裤子,有,有-牛仔裤,2.0,人造物,服饰,0
裤子,有,有-长裤,2.0,人造物,服饰,1
筷子,是,是-餐具,15.5172413793104,人造物,餐具,1
筷子,是,是-木的,15.5172413793104,人造物,餐具,0
筷子,可以,可以-进食,12.4137931034483,人造物,餐具,0
筷子,像,像-棍棒,9.31034482758621,人造物,餐具,0
筷子,是,是-金属,8.27586206896552,人造物,餐具,1
筷子,需要,需要-清洗,8.27586206896552,人造物,餐具,0
筷子,需要,需要-竹子,8.27586206896552,人造物,餐具,1
筷子,可以,可以-夹菜,7.24137931034483,人造物,餐具,0
筷子,是,是-成对的,6.20689655172414,人造物,餐具,1
筷子,是,是-长的,5.17241379310345,人造物,餐具,0
筷子,有,有-多种材质,5.17241379310345,人造物,餐具,0
筷子,可以,可以-夹食物,4.13793103448276,人造物,餐具,0
筷子,是,是-生活用品,4.13793103448276,人造物,餐具,1
筷子,是,是-细的,4.13793103448276,人造物,餐具,0
筷子,有,有-多种长度,4.13793103448276,人造物,餐具,1
筷子,有,有-多种种类,4.13793103448276,人造物,餐具,0
筷子,可以,可以-夹东西,3.10344827586207,人造物,餐具,0
筷子,是,是-工具,3.10344827586207,人造物,餐具,0
筷子,像,像-树枝,3.10344827586207,人造物,餐具,0
筷子,需要,需要-制造,3.10344827586207,人造物,餐具,0
筷子,有,有-两只,3.10344827586207,人造物,餐具,0
筷子,可以,可以-夹取食物,2.06896551724138,人造物,餐具,0
筷子,可以,可以-搅拌,2.06896551724138,人造物,餐具,0
筷子,是,是-日常的,2.06896551724138,人造物,餐具,0
筷子,是,是-塑料,2.06896551724138,人造物,餐具,0
筷子,是,是-陶瓷,2.06896551724138,人造物,餐具,1
筷子,是,是-条状的,2.06896551724138,人造物,餐具,1
筷子,像,像-铅笔,2.06896551724138,人造物,餐具,0
筷子,像,像-勺子,2.06896551724138,人造物,餐具,0
筷子,像,像-腿,2.06896551724138,人造物,餐具,1
筷子,像,像-指挥棒,2.06896551724138,人造物,餐具,0
筷子,有,有-多种颜色,2.06896551724138,人造物,餐具,1
筷子,有,有-两根,2.06896551724138,人造物,餐具,0
老虎,是,是-动物,30.0,动物,陆生动物,1
老虎,需要,需要-食物,19.3548387096774,动物,陆生动物,0
老虎,可以,可以-捕猎,16.4516129032258,动物,陆生动物,0
老虎,像,像-猫,15.4838709677419,动物,陆生动物,1
老虎,有,有-四肢,15.4838709677419,动物,陆生动物,1
老虎,有,有-牙齿,15.4838709677419,动物,陆生动物,0
老虎,是,是-凶的,13.5483870967742,动物,陆生动物,1
老虎,是,是-肉食类,11.6129032258065,动物,陆生动物,0
老虎,有,有-毛,11.6129032258065,动物,陆生动物,1
老虎,需要,需要-水,10.6451612903226,动物,陆生动物,0
老虎,有,有-尾巴,10.6451612903226,动物,陆生动物,0
老虎,可以,可以-跑,8.70967741935484,动物,陆生动物,0
老虎,有,有-嘴巴,8.70967741935484,动物,陆生动物,1
老虎,是,是-哺乳类,7.74193548387097,动物,陆生动物,1
老虎,像,像-狮子,7.74193548387097,动物,陆生动物,1
老虎,需要,需要-保护,7.74193548387097,动物,陆生动物,1
老虎,需要,需要-睡觉,6.7741935483871,动物,陆生动物,0
老虎,有,有-眼睛,6.7741935483871,动物,陆生动物,1
老虎,需要,需要-空气,5.80645161290323,动物,陆生动物,0
老虎,有,有-耳朵,5.80645161290323,动物,陆生动物,0
老虎,有,有-锋利的牙齿,5.80645161290323,动物,陆生动物,0
老虎,有,有-花纹,5.80645161290323,动物,陆生动物,0
老虎,有,有-皮肤,5.80645161290323,动物,陆生动物,0
老虎,是,是-大的,4.83870967741935,动物,陆生动物,0
老虎,是,是-王,4.83870967741935,动物,陆生动物,1
老虎,有,有-爪子,4.83870967741935,动物,陆生动物,0
老虎,可以,可以-吃人,3.87096774193548,动物,陆生动物,0
老虎,可以,可以-观赏,3.87096774193548,动物,陆生动物,0
老虎,是,是-锋利的,3.87096774193548,动物,陆生动物,0
老虎,像,像-豹子,3.87096774193548,动物,陆生动物,0
老虎,需要,需要-呼吸,3.87096774193548,动物,陆生动物,0
老虎,有,有-身体,3.87096774193548,动物,陆生动物,1
老虎,有,有-头,3.87096774193548,动物,陆生动物,1
老虎,可以,可以-爬,2.90322580645161,动物,陆生动物,0
老虎,是,是-黄色的,2.90322580645161,动物,陆生动物,0
老虎,是,是-猫科,2.90322580645161,动物,陆生动物,1
老虎,是,是-猛兽,2.90322580645161,动物,陆生动物,0
老虎,是,是-兽类,2.90322580645161,动物,陆生动物,0
老虎,需要,需要-肉,2.90322580645161,动物,陆生动物,0
老虎,有,有-鼻子,2.90322580645161,动物,陆生动物,0
老虎,有,有-多种种类,2.90322580645161,动物,陆生动物,0
老虎,可以,可以-称王,1.93548387096774,动物,陆生动物,0
老虎,可以,可以-繁衍,1.93548387096774,动物,陆生动物,0
老虎,可以,可以-攻击,1.93548387096774,动物,陆生动物,0
老虎,可以,可以-跳,1.93548387096774,动物,陆生动物,0
老虎,可以,可以-咬,1.93548387096774,动物,陆生动物,0
老虎,可以,可以-咬人,1.93548387096774,动物,陆生动物,0
老虎,可以,可以-游泳,1.93548387096774,动物,陆生动物,1
老虎,是,是-可怕的,1.93548387096774,动物,陆生动物,1
老虎,是,是-生物,1.93548387096774,动物,陆生动物,0
老虎,需要,需要-森林,1.93548387096774,动物,陆生动物,0
老虎,需要,需要-饲养,1.93548387096774,动物,陆生动物,1
老虎,需要,需要-远离,1.93548387096774,动物,陆生动物,0
老虎,有,有-大脑,1.93548387096774,动物,陆生动物,1
老鼠,是,是-动物,28.0,动物,陆生动物,0
老鼠,有,有-尾巴,21.0,动物,陆生动物,0
老鼠,需要,需要-食物,18.0,动物,陆生动物,1
老鼠,有,有-眼睛,12.0,动物,陆生动物,0
老鼠,需要,需要-水,11.0,动物,陆生动物,0
老鼠,有,有-毛,11.0,动物,陆生动物,0
老鼠,有,有-牙齿,10.0,动物,陆生动物,1
老鼠,有,有-嘴巴,10.0,动物,陆生动物,0
老鼠,有,有-耳朵,9.0,动物,陆生动物,0
老鼠,有,有-四肢,9.0,动物,陆生动物,0
老鼠,可以,可以-打洞,8.0,动物,陆生动物,0
老鼠,是,是-哺乳类,7.0,动物,陆生动物,0
老鼠,需要,需要-睡觉,7.0,动物,陆生动物,0
老鼠,是,是-小的,6.0,动物,陆生动物,0
老鼠,有,有-皮肤,6.0,动物,陆生动物,0
老鼠,是,是-黑色的,5.0,动物,陆生动物,0
老鼠,是,是-灰色的,5.0,动物,陆生动物,0
老鼠,是,是-啮齿类,5.0,动物,陆生动物,0
老鼠,有,有-鼻子,5.0,动物,陆生动物,0
老鼠,有,有-胡子,5.0,动物,陆生动物,0
老鼠,可以,可以-传播疾病,4.0,动物,陆生动物,0
老鼠,可以,可以-偷吃东西,4.0,动物,陆生动物,0
老鼠,需要,需要-空气,4.0,动物,陆生动物,1
老鼠,有,有-爪子,4.0,动物,陆生动物,0
老鼠,可以,可以-繁衍,3.0,动物,陆生动物,0
老鼠,可以,可以-跑,3.0,动物,陆生动物,0
老鼠,是,是-白色的,3.0,动物,陆生动物,0
老鼠,是,是-生物,3.0,动物,陆生动物,0
老鼠,是,是-鼠类,3.0,动物,陆生动物,1
老鼠,是,是-有害的,3.0,动物,陆生动物,0
老鼠,像,像-仓鼠,3.0,动物,陆生动物,1
老鼠,像,像-猫,3.0,动物,陆生动物,0
老鼠,像,像-鼠标,3.0,动物,陆生动物,1
老鼠,需要,需要-捕捞,3.0,动物,陆生动物,0
老鼠,有,有-身体,3.0,动物,陆生动物,0
老鼠,可以,可以-啃木头,2.0,动物,陆生动物,0
老鼠,可以,可以-爬,2.0,动物,陆生动物,0
老鼠,可以,可以-偷吃粮食,2.0,动物,陆生动物,1
老鼠,可以,可以-偷吃食物,2.0,动物,陆生动物,1
老鼠,可以,可以-挖洞,2.0,动物,陆生动物,1
老鼠,是,是-四害,2.0,动物,陆生动物,0
老鼠,是,是-讨厌的,2.0,动物,陆生动物,0
老鼠,是,是-玩具,2.0,动物,陆生动物,0
老鼠,像,像-松鼠,2.0,动物,陆生动物,1
老鼠,像,像-土拨鼠,2.0,动物,陆生动物,0
老鼠,像,像-兔子,2.0,动物,陆生动物,1
老鼠,像,像-鼹鼠,2.0,动物,陆生动物,1
老鼠,需要,需要-谷物,2.0,动物,陆生动物,1
老鼠,需要,需要-呼吸,2.0,动物,陆生动物,0
老鼠,需要,需要-消灭,2.0,动物,陆生动物,0
老鼠,有,有-多种种类,2.0,动物,陆生动物,1
老鼠,有,有-头,2.0,动物,陆生动物,0
老鼠,有,有-须,2.0,动物,陆生动物,1
老鼠,有,有-长尾巴,2.0,动物,陆生动物,0
立交桥,是,是-桥,12.8571428571429,人造物,建筑,0
立交桥,是,是-道路,9.64285714285714,人造物,建筑,1
立交桥,其他,其他-交通,8.57142857142857,人造物,建筑,1
立交桥,需要,需要-维护,6.42857142857143,人造物,建筑,1
立交桥,是,是-建筑,5.35714285714286,人造物,建筑,1
立交桥,是,是-复杂的,4.28571428571429,人造物,建筑,1
立交桥,有,有-车,4.28571428571429,人造物,建筑,0
立交桥,可以,可以-通行,3.21428571428571,人造物,建筑,0
立交桥,是,是-大的,3.21428571428571,人造物,建筑,0
立交桥,是,是-高的,3.21428571428571,人造物,建筑,0
立交桥,需要,需要-建造,3.21428571428571,人造物,建筑,0
立交桥,需要,需要-修建,3.21428571428571,人造物,建筑,1
立交桥,有,有-混凝土,3.21428571428571,人造物,建筑,0
立交桥,像,像-积木,2.14285714285714,人造物,建筑,0
立交桥,像,像-血管,2.14285714285714,人造物,建筑,0
立交桥,像,像-蜘蛛网,2.14285714285714,人造物,建筑,0
立交桥,需要,需要-建,2.14285714285714,人造物,建筑,0
立交桥,需要,需要-修理,2.14285714285714,人造物,建筑,0
立交桥,有,有-钢筋,2.14285714285714,人造物,建筑,0
立交桥,有,有-桥墩,2.14285714285714,人造物,建筑,1
立交桥,有,有-柱子,2.14285714285714,人造物,建筑,0
萝卜,是,是-食物,24.0,植物,蔬菜,0
萝卜,是,是-蔬菜,19.0,植物,蔬菜,1
萝卜,有,有-叶子,18.0,植物,蔬菜,1
萝卜,需要,需要-水,17.0,植物,蔬菜,0
萝卜,是,是-植物,15.0,植物,蔬菜,0
萝卜,需要,需要-土,14.0,植物,蔬菜,0
萝卜,需要,需要-空气,12.0,植物,蔬菜,0
萝卜,是,是-白色的,11.0,植物,蔬菜,0
萝卜,需要,需要-阳光,10.0,植物,蔬菜,0
萝卜,需要,需要-种植,9.0,植物,蔬菜,0
萝卜,是,是-红色的,7.0,植物,蔬菜,1
萝卜,有,有-根,7.0,植物,蔬菜,0
萝卜,有,有-皮,6.0,植物,蔬菜,1
萝卜,是,是-草本类,5.0,植物,蔬菜,0
萝卜,像,像-胡罗卜,5.0,植物,蔬菜,0
萝卜,有,有-维生素,5.0,植物,蔬菜,0
萝卜,是,是-脆的,4.0,植物,蔬菜,1
萝卜,是,是-绿色的,4.0,植物,蔬菜,0
萝卜,像,像-棒槌,4.0,植物,蔬菜,0
萝卜,有,有-多种颜色,4.0,植物,蔬菜,0
萝卜,有,有-果实,4.0,植物,蔬菜,0
萝卜,有,有-水,4.0,植物,蔬菜,1
萝卜,有,有-味道,4.0,植物,蔬菜,0
萝卜,是,是-圆形,3.0,植物,蔬菜,0
萝卜,像,像-红薯,3.0,植物,蔬菜,1
萝卜,需要,需要-肥料,3.0,植物,蔬菜,0
萝卜,需要,需要-营养,3.0,植物,蔬菜,0
萝卜,可以,可以-拔,2.0,植物,蔬菜,0
萝卜,可以,可以-炒,2.0,植物,蔬菜,0
萝卜,可以,可以-买卖,2.0,植物,蔬菜,0
萝卜,可以,可以-生吃,2.0,植物,蔬菜,0
萝卜,可以,可以-腌制,2.0,植物,蔬菜,1
萝卜,是,是-根茎,2.0,植物,蔬菜,0
萝卜,是,是-光滑的,2.0,植物,蔬菜,1
萝卜,是,是-药,2.0,植物,蔬菜,1
萝卜,像,像-钉子,2.0,植物,蔬菜,0
萝卜,像,像-胡巴,2.0,植物,蔬菜,1
萝卜,像,像-藕,2.0,植物,蔬菜,1
萝卜,像,像-土豆,2.0,植物,蔬菜,0
萝卜,有,有-多种种类,2.0,植物,蔬菜,0
萝卜,有,有-胡萝卜素,2.0,植物,蔬菜,0
萝卜,有,有-花,2.0,植物,蔬菜,0
萝卜,有,有-茎,2.0,植物,蔬菜,0
萝卜,有,有-纤维,2.0,植物,蔬菜,0
萝卜,有,有-营养,2.0,植物,蔬菜,1
萝卜,有,有-种子,2.0,植物,蔬菜,0
麻雀,可以,可以-飞,28.0,动物,鸟,0
麻雀,是,是-鸟,26.0,动物,鸟,0
麻雀,需要,需要-食物,25.0,动物,鸟,1
麻雀,是,是-动物,21.0,动物,鸟,0
麻雀,有,有-翅膀,20.0,动物,鸟,0
麻雀,需要,需要-水,18.0,动物,鸟,0
麻雀,有,有-嘴巴,16.0,动物,鸟,0
麻雀,有,有-羽毛,15.0,动物,鸟,0
麻雀,需要,需要-空气,11.0,动物,鸟,0
麻雀,有,有-爪子,11.0,动物,鸟,1
麻雀,是,是-小的,10.0,动物,鸟,0
麻雀,有,有-眼睛,10.0,动物,鸟,0
麻雀,是,是-食物,7.0,动物,鸟,1
麻雀,需要,需要-睡觉,7.0,动物,鸟,1
麻雀,可以,可以-叫,5.0,动物,鸟,0
麻雀,是,是-棕色的,5.0,动物,鸟,0
麻雀,需要,需要-阳光,5.0,动物,鸟,0
麻雀,有,有-头,5.0,动物,鸟,0
麻雀,可以,可以-捕猎,4.0,动物,鸟,0
麻雀,像,像-鹌鹑,4.0,动物,鸟,0
麻雀,需要,需要-虫,4.0,动物,鸟,1
麻雀,有,有-脚,4.0,动物,鸟,1
麻雀,有,有-内脏,4.0,动物,鸟,0
麻雀,是,是-灰色的,3.0,动物,鸟,0
麻雀,是,是-小巧的,3.0,动物,鸟,1
麻雀,像,像-鸡,3.0,动物,鸟,1
麻雀,需要,需要-保护,3.0,动物,鸟,0
麻雀,需要,需要-树枝,3.0,动物,鸟,1
麻雀,可以,可以-捕虫,2.0,动物,鸟,0
麻雀,可以,可以-孵化,2.0,动物,鸟,1
麻雀,是,是-禽类,2.0,动物,鸟,0
麻雀,是,是-生物,2.0,动物,鸟,1
麻雀,像,像-飞机,2.0,动物,鸟,0
麻雀,像,像-鸽子,2.0,动物,鸟,0
麻雀,像,像-喜鹊,2.0,动物,鸟,0
麻雀,像,像-燕子,2.0,动物,鸟,0
麻雀,像,像-鹦鹉,2.0,动物,鸟,1
麻雀,有,有-多种种类,2.0,动物,鸟,1
麻雀,有,有-两只脚,2.0,动物,鸟,0
麻雀,有,有-身体,2.0,动物,鸟,1
麻雀,有,有-四肢,2.0,动物,鸟,0
麻雀,有,有-腿,2.0,动物,鸟,0
麻雀,有,有-尾巴,2.0,动物,鸟,1
马桶,可以,可以-冲水,19.0,人造物,家具,0
马桶,有,有-盖子,17.0,人造物,家具,0
马桶,像,像-椅子,12.0,人造物,家具,0
马桶,需要,需要-清洗,11.0,人造物,家具,0
马桶,有,有-马桶盖,11.0,人造物,家具,0
马桶,其他,其他-厕所,10.0,人造物,家具,0
马桶,有,有-水箱,10.0,人造物,家具,0
马桶,是,是-白色的,8.0,人造物,家具,1
马桶,可以,可以-上厕所,7.0,人造物,家具,1
马桶,有,有-水,7.0,人造物,家具,0
马桶,是,是-家具,6.0,人造物,家具,0
马桶,是,是-桶,5.0,人造物,家具,1
马桶,可以,可以-排泄,4.0,人造物,家具,1
马桶,是,是-家居用品,4.0,人造物,家具,0
马桶,是,是-生活用品,4.0,人造物,家具,0
马桶,是,是-陶瓷,4.0,人造物,家具,0
马桶,是,是-用具,4.0,人造物,家具,1
马桶,需要,需要-安装,4.0,人造物,家具,0
马桶,可以,可以-买卖,3.0,人造物,家具,1
马桶,是,是-便利的,3.0,人造物,家具,1
马桶,需要,需要-设计,3.0,人造物,家具,0
马桶,需要,需要-刷,3.0,人造物,家具,0
马桶,需要,需要-制造,3.0,人造物,家具,0
马桶,有,有-垫子,3.0,人造物,家具,0
马桶,可以,可以-使用,2.0,人造物,家具,1
马桶,是,是-工具,2.0,人造物,家具,0
马桶,是,是-人造的,2.0,人造物,家具,0
马桶,是,是-日常的,2.0,人造物,家具,0
马桶,是,是-上厕所用的,2.0,人造物,家具,0
马桶,是,是-塑料,2.0,人造物,家具,1
马桶,是,是-卫生间里的,2.0,人造物,家具,0
马桶,是,是-硬的,2.0,人造物,家具,1
马桶,是,是-坐便器,2.0,人造物,家具,0
马桶,像,像-箱子,2.0,人造物,家具,0
马桶,需要,需要-擦,2.0,人造物,家具,0
马桶,需要,需要-电,2.0,人造物,家具,0
马桶,需要,需要-水冲,2.0,人造物,家具,0
马桶,需要,需要-消毒,2.0,人造物,家具,0
马桶,有,有-按键,2.0,人造物,家具,0
马桶,有,有-冲水按钮,2.0,人造物,家具,1
马桶,有,有-马桶垫,2.0,人造物,家具,0
马桶,有,有-桶盖,2.0,人造物,家具,0
马桶,有,有-座位,2.0,人造物,家具,1
猫头鹰,是,是-动物,23.0,动物,鸟,0
猫头鹰,有,有-眼睛,20.0,动物,鸟,0
猫头鹰,可以,可以-飞,18.0,动物,鸟,0
猫头鹰,是,是-鸟,17.0,动物,鸟,0
猫头鹰,有,有-翅膀,17.0,动物,鸟,1
猫头鹰,需要,需要-食物,16.0,动物,鸟,0
猫头鹰,像,像-猫,13.0,动物,鸟,1
猫头鹰,有,有-羽毛,10.0,动物,鸟,0
猫头鹰,有,有-嘴巴,10.0,动物,鸟,1
猫头鹰,是,是-晚上的,8.0,动物,鸟,0
猫头鹰,需要,需要-睡觉,8.0,动物,鸟,0
猫头鹰,可以,可以-捕猎,7.0,动物,鸟,0
猫头鹰,有,有-大眼睛,7.0,动物,鸟,0
猫头鹰,其他,其他-哈利波特,5.0,动物,鸟,0
猫头鹰,需要,需要-保护,5.0,动物,鸟,0
猫头鹰,需要,需要-老鼠,5.0,动物,鸟,0
猫头鹰,有,有-毛,5.0,动物,鸟,1
猫头鹰,像,像-鹰,4.0,动物,鸟,0
猫头鹰,需要,需要-空气,4.0,动物,鸟,0
猫头鹰,有,有-爪子,4.0,动物,鸟,0
猫头鹰,是,是-禽类,3.0,动物,鸟,0
猫头鹰,是,是-凶的,3.0,动物,鸟,0
猫头鹰,是,是-有益的,3.0,动物,鸟,1
猫头鹰,像,像-老鹰,3.0,动物,鸟,0
猫头鹰,需要,需要-水,3.0,动物,鸟,0
猫头鹰,可以,可以-捕老鼠,2.0,动物,鸟,1
猫头鹰,可以,可以-夜视,2.0,动物,鸟,1
猫头鹰,是,是-可爱的,2.0,动物,鸟,0
猫头鹰,是,是-生物,2.0,动物,鸟,0
猫头鹰,需要,需要-栖息地,2.0,动物,鸟,0
猫头鹰,有,有-鼻子,2.0,动物,鸟,0
猫头鹰,有,有-尖嘴巴,2.0,动物,鸟,1
猫头鹰,有,有-脚,2.0,动物,鸟,1
毛衣,是,是-衣服,24.0,人造物,服饰,0
毛衣,可以,可以-保暖,19.0,人造物,服饰,0
毛衣,有,有-毛线,18.0,人造物,服饰,0
毛衣,需要,需要-清洗,14.0,人造物,服饰,1
毛衣,可以,可以-穿,13.0,人造物,服饰,0
毛衣,有,有-毛,9.0,人造物,服饰,0
毛衣,有,有-多种样式,7.0,人造物,服饰,1
毛衣,需要,需要-制造,6.0,人造物,服饰,0
毛衣,有,有-多种颜色,6.0,人造物,服饰,0
毛衣,是,是-服饰,5.0,人造物,服饰,1
毛衣,像,像-秋衣,5.0,人造物,服饰,0
毛衣,需要,需要-针织,5.0,人造物,服饰,1
毛衣,有,有-线,5.0,人造物,服饰,0
毛衣,可以,可以-买卖,4.0,人造物,服饰,0
毛衣,可以,可以-御寒,4.0,人造物,服饰,0
毛衣,需要,需要-织,4.0,人造物,服饰,0
毛衣,是,是-纺织品,3.0,人造物,服饰,0
毛衣,像,像-卫衣,3.0,人造物,服饰,0
毛衣,有,有-多种种类,3.0,人造物,服饰,0
毛衣,可以,可以-挡风,2.0,人造物,服饰,0
毛衣,是,是-白色的,2.0,人造物,服饰,0
毛衣,是,是-厚的,2.0,人造物,服饰,0
毛衣,是,是-生活用品,2.0,人造物,服饰,1
毛衣,是,是-舒服的,2.0,人造物,服饰,0
毛衣,是,是-针织的,2.0,人造物,服饰,0
毛衣,像,像-大衣,2.0,人造物,服饰,0
毛衣,像,像-外套,2.0,人造物,服饰,1
毛衣,像,像-线衣,2.0,人造物,服饰,0
毛衣,像,像-针织衫,2.0,人造物,服饰,0
毛衣,需要,需要-保养,2.0,人造物,服饰,0
毛衣,需要,需要-晾干,2.0,人造物,服饰,0
毛衣,需要,需要-阳光,2.0,人造物,服饰,0
毛衣,有,有-孔,2.0,人造物,服饰,0
毛衣,有,有-纤维,2.0,人造物,服饰,0
毛衣,有,有-袖子,2.0,人造物,服饰,0
茅草屋,需要,需要-草,25.0,人造物,建筑,0
茅草屋,是,是-房屋,21.0,人造物,建筑,0
茅草屋,需要,需要-搭建,10.0,人造物,建筑,0
茅草屋,可以,可以-挡雨,9.0,人造物,建筑,0
茅草屋,是,是-木的,7.0,人造物,建筑,0
茅草屋,像,像-草丛,7.0,人造物,建筑,0
茅草屋,有,有-门,7.0,人造物,建筑,1
茅草屋,有,有-屋顶,7.0,人造物,建筑,1
茅草屋,是,是-屋子,6.0,人造物,建筑,0
茅草屋,有,有-窗户,5.0,人造物,建筑,0
茅草屋,可以,可以-避雨,4.0,人造物,建筑,1
茅草屋,是,是-简陋的,4.0,人造物,建筑,0
茅草屋,是,是-建筑,4.0,人造物,建筑,0
茅草屋,需要,需要-维护,4.0,人造物,建筑,0
茅草屋,有,有-墙,4.0,人造物,建筑,0
茅草屋,可以,可以-挡风,3.0,人造物,建筑,0
茅草屋,可以,可以-居住,3.0,人造物,建筑,0
茅草屋,需要,需要-建造,3.0,人造物,建筑,0
茅草屋,有,有-空间,3.0,人造物,建筑,0
茅草屋,可以,可以-取暖,2.0,人造物,建筑,1
茅草屋,可以,可以-御寒,2.0,人造物,建筑,0
茅草屋,其他,其他-杜甫,2.0,人造物,建筑,0
茅草屋,是,是-脆弱的,2.0,人造物,建筑,0
茅草屋,需要,需要-检查,2.0,人造物,建筑,0
茅草屋,需要,需要-设计,2.0,人造物,建筑,1
茅草屋,需要,需要-修缮,2.0,人造物,建筑,0
茅草屋,有,有-房顶,2.0,人造物,建筑,0
茅草屋,有,有-泥土,2.0,人造物,建筑,1
茅草屋,有,有-人,2.0,人造物,建筑,0
茅草屋,有,有-土,2.0,人造物,建筑,1
摩托车,是,是-工具,17.1428571428571,交通工具,车,1
摩托车,其他,其他-交通,16.0714285714286,交通工具,车,1
摩托车,可以,可以-骑,15.0,交通工具,车,0
摩托车,需要,需要-油,12.8571428571429,交通工具,车,0
摩托车,是,是-车,11.7857142857143,交通工具,车,0
摩托车,有,有-轮子,11.7857142857143,交通工具,车,1
摩托车,需要,需要-加油,8.57142857142857,交通工具,车,1
摩托车,有,有-把手,8.57142857142857,交通工具,车,1
摩托车,有,有-发动机,7.5,交通工具,车,0
摩托车,有,有-座位,7.5,交通工具,车,0
摩托车,像,像-自行车,6.42857142857143,交通工具,车,0
摩托车,需要,需要-汽油,6.42857142857143,交通工具,车,0
摩托车,像,像-电动车,5.35714285714286,交通工具,车,0
摩托车,需要,需要-驾驶,4.28571428571429,交通工具,车,0
摩托车,可以,可以-代步,3.21428571428571,交通工具,车,0
摩托车,是,是-机动的,3.21428571428571,交通工具,车,0
摩托车,需要,需要-保养,3.21428571428571,交通工具,车,1
摩托车,有,有-多种样式,3.21428571428571,交通工具,车,0
摩托车,有,有-两个轮子,3.21428571428571,交通工具,车,0
摩托车,可以,可以-发声,2.14285714285714,交通工具,车,0
摩托车,可以,可以-买卖,2.14285714285714,交通工具,车,1
摩托车,可以,可以-耍酷,2.14285714285714,交通工具,车,1
摩托车,是,是-吵闹的,2.14285714285714,交通工具,车,0
摩托车,是,是-酷的,2.14285714285714,交通工具,车,1
摩托车,是,是-危险的,2.14285714285714,交通工具,车,0
摩托车,有,有-刹车,2.14285714285714,交通工具,车,1
摩托车,有,有-排气管,2.14285714285714,交通工具,车,0
摩托车,有,有-仪表盘,2.14285714285714,交通工具,车,0
奶牛,是,是-动物,17.5862068965517,动物,陆生动物,0
奶牛,是,是-黑色的,17.5862068965517,动物,陆生动物,0
奶牛,可以,可以-产奶,16.551724137931,动物,陆生动物,1
奶牛,是,是-白色的,16.551724137931,动物,陆生动物,0
奶牛,是,是-黑白的,14.4827586206896,动物,陆生动物,0
奶牛,需要,需要-食物,13.448275862069,动物,陆生动物,0
奶牛,需要,需要-草,11.3793103448276,动物,陆生动物,1
奶牛,有,有-花纹,11.3793103448276,动物,陆生动物,0
奶牛,可以,可以-挤奶,10.3448275862069,动物,陆生动物,0
奶牛,是,是-牛,10.3448275862069,动物,陆生动物,0
奶牛,需要,需要-水,7.24137931034483,动物,陆生动物,0
奶牛,需要,需要-饲养,7.24137931034483,动物,陆生动物,0
奶牛,有,有-尾巴,6.20689655172414,动物,陆生动物,0
奶牛,是,是-哺乳类,5.17241379310345,动物,陆生动物,0
奶牛,有,有-乳房,5.17241379310345,动物,陆生动物,1
奶牛,有,有-眼睛,5.17241379310345,动物,陆生动物,0
奶牛,像,像-斑马,4.13793103448276,动物,陆生动物,0
奶牛,像,像-羊,4.13793103448276,动物,陆生动物,1
奶牛,需要,需要-空气,4.13793103448276,动物,陆生动物,0
奶牛,需要,需要-睡觉,4.13793103448276,动物,陆生动物,0
奶牛,有,有-奶,4.13793103448276,动物,陆生动物,1
奶牛,有,有-牛奶,4.13793103448276,动物,陆生动物,0
奶牛,像,像-黄牛,3.10344827586207,动物,陆生动物,0
奶牛,有,有-斑点,3.10344827586207,动物,陆生动物,0
奶牛,有,有-角,3.10344827586207,动物,陆生动物,0
奶牛,有,有-毛,3.10344827586207,动物,陆生动物,0
奶牛,有,有-四肢,3.10344827586207,动物,陆生动物,0
奶牛,可以,可以-生产牛奶,2.06896551724138,动物,陆生动物,1
奶牛,是,是-家养的,2.06896551724138,动物,陆生动物,1
奶牛,是,是-牲畜,2.06896551724138,动物,陆生动物,1
奶牛,是,是-食物,2.06896551724138,动物,陆生动物,0
奶牛,像,像-肉牛,2.06896551724138,动物,陆生动物,0
奶牛,像,像-熊猫,2.06896551724138,动物,陆生动物,0
奶牛,需要,需要-保护,2.06896551724138,动物,陆生动物,0
奶牛,需要,需要-草料,2.06896551724138,动物,陆生动物,1
奶牛,需要,需要-喂草,2.06896551724138,动物,陆生动物,0
奶牛,有,有-鼻子,2.06896551724138,动物,陆生动物,0
奶牛,有,有-嘴巴,2.06896551724138,动物,陆生动物,0
喷泉,是,是-水,24.1935483870968,人造物,建筑,0
喷泉,可以,可以-观赏,15.4838709677419,人造物,建筑,0
喷泉,可以,可以-喷水,14.5161290322581,人造物,建筑,0
喷泉,是,是-景观,9.67741935483871,人造物,建筑,1
喷泉,需要,需要-电,7.74193548387097,人造物,建筑,1
喷泉,像,像-水枪,5.80645161290323,人造物,建筑,1
喷泉,有,有-音乐,5.80645161290323,人造物,建筑,0
喷泉,是,是-设施,4.83870967741935,人造物,建筑,0
喷泉,像,像-瀑布,4.83870967741935,人造物,建筑,0
喷泉,有,有-灯光,4.83870967741935,人造物,建筑,0
喷泉,是,是-装饰,3.87096774193548,人造物,建筑,0
喷泉,有,有-喷头,3.87096774193548,人造物,建筑,0
喷泉,可以,可以-娱乐,2.90322580645161,人造物,建筑,0
喷泉,是,是-建筑,2.90322580645161,人造物,建筑,0
喷泉,是,是-泉水,2.90322580645161,人造物,建筑,0
喷泉,像,像-烟花,2.90322580645161,人造物,建筑,0
喷泉,需要,需要-动力,2.90322580645161,人造物,建筑,0
喷泉,需要,需要-建造,2.90322580645161,人造物,建筑,0
喷泉,有,有-多种样式,2.90322580645161,人造物,建筑,1
喷泉,其他,其他-广场,1.93548387096774,人造物,建筑,0
喷泉,是,是-雕塑,1.93548387096774,人造物,建筑,1
喷泉,是,是-公共的,1.93548387096774,人造物,建筑,0
喷泉,是,是-好看的,1.93548387096774,人造物,建筑,1
喷泉,是,是-人造的,1.93548387096774,人造物,建筑,0
喷泉,像,像-花洒,1.93548387096774,人造物,建筑,1
喷泉,像,像-水龙头,1.93548387096774,人造物,建筑,0
喷泉,需要,需要-清理,1.93548387096774,人造物,建筑,0
喷泉,需要,需要-维护,1.93548387096774,人造物,建筑,0
喷泉,需要,需要-压力,1.93548387096774,人造物,建筑,1
喷泉,需要,需要-压强,1.93548387096774,人造物,建筑,0
喷泉,有,有-出水口,1.93548387096774,人造物,建筑,0
喷泉,有,有-多种颜色,1.93548387096774,人造物,建筑,1
喷泉,有,有-孔,1.93548387096774,人造物,建筑,0
喷泉,有,有-喷嘴,1.93548387096774,人造物,建筑,0
喷泉,有,有-水泵,1.93548387096774,人造物,建筑,1
喷泉,有,有-水池,1.93548387096774,人造物,建筑,0
喷泉,有,有-水管,1.93548387096774,人造物,建筑,0
苹果,是,是-食物,26.0,植物,水果,1
苹果,是,是-水果,24.0,植物,水果,0
苹果,是,是-红色的,16.0,植物,水果,0
苹果,有,有-皮,13.0,植物,水果,0
苹果,是,是-甜的,12.0,植物,水果,0
苹果,有,有-果核,12.0,植物,水果,0
苹果,有,有-果肉,11.0,植物,水果,1
苹果,需要,需要-水,10.0,植物,水果,1
苹果,需要,需要-种植,8.0,植物,水果,0
苹果,需要,需要-削皮,7.0,植物,水果,1
苹果,需要,需要-阳光,7.0,植物,水果,1
苹果,是,是-圆形,6.0,植物,水果,0
苹果,需要,需要-土,6.0,植物,水果,0
苹果,像,像-脸,5.0,植物,水果,0
苹果,需要,需要-空气,5.0,植物,水果,1
苹果,是,是-绿色的,4.0,植物,水果,1
苹果,像,像-梨,4.0,植物,水果,1
苹果,需要,需要-清洗,4.0,植物,水果,0
苹果,可以,可以-解渴,3.0,植物,水果,0
苹果,是,是-脆的,3.0,植物,水果,1
苹果,是,是-健康的,3.0,植物,水果,1
苹果,是,是-香的,3.0,植物,水果,1
苹果,是,是-植物,3.0,植物,水果,0
苹果,像,像-球,3.0,植物,水果,1
苹果,像,像-桃子,3.0,植物,水果,1
苹果,需要,需要-肥料,3.0,植物,水果,0
苹果,有,有-水,3.0,植物,水果,1
苹果,有,有-维生素,3.0,植物,水果,1
苹果,有,有-营养,3.0,植物,水果,0
苹果,可以,可以-买卖,2.0,植物,水果,0
苹果,是,是-好吃的,2.0,植物,水果,0
苹果,像,像-灯笼,2.0,植物,水果,1
苹果,像,像-笑脸,2.0,植物,水果,0
苹果,像,像-心脏,2.0,植物,水果,0
苹果,需要,需要-采摘,2.0,植物,水果,0
苹果,需要,需要-收割,2.0,植物,水果,0
苹果,需要,需要-营养,2.0,植物,水果,0
苹果,有,有-多种种类,2.0,植物,水果,0
苹果,有,有-果实,2.0,植物,水果,1
苹果,有,有-果汁,2.0,植物,水果,1
苹果,有,有-维生素C,2.0,植物,水果,0
苹果,有,有-种子,2.0,植物,水果,1
葡萄,是,是-水果,30.0,植物,水果,0
葡萄,是,是-食物,24.1935483870968,植物,水果,0
葡萄,有,有-籽,13.5483870967742,植物,水果,1
葡萄,是,是-甜的,12.5806451612903,植物,水果,0
葡萄,需要,需要-水,12.5806451612903,植物,水果,0
葡萄,是,是-紫色的,11.6129032258065,植物,水果,0
葡萄,需要,需要-种植,11.6129032258065,植物,水果,0
葡萄,有,有-果肉,10.6451612903226,植物,水果,0
葡萄,有,有-皮,10.6451612903226,植物,水果,0
葡萄,可以,可以-酿酒,8.70967741935484,植物,水果,0
葡萄,需要,需要-采摘,8.70967741935484,植物,水果,0
葡萄,需要,需要-阳光,8.70967741935484,植物,水果,0
葡萄,是,是-植物,7.74193548387097,植物,水果,0
葡萄,需要,需要-清洗,7.74193548387097,植物,水果,0
葡萄,是,是-绿色的,6.7741935483871,植物,水果,1
葡萄,是,是-酸的,6.7741935483871,植物,水果,0
葡萄,需要,需要-空气,6.7741935483871,植物,水果,1
葡萄,需要,需要-土,6.7741935483871,植物,水果,0
葡萄,有,有-多种颜色,6.7741935483871,植物,水果,0
葡萄,有,有-葡萄皮,5.80645161290323,植物,水果,0
葡萄,可以,可以-买卖,4.83870967741935,植物,水果,0
葡萄,是,是-圆形,4.83870967741935,植物,水果,0
葡萄,像,像-玻璃球,4.83870967741935,植物,水果,0
葡萄,像,像-球,4.83870967741935,植物,水果,1
葡萄,有,有-多种种类,4.83870967741935,植物,水果,0
葡萄,有,有-果核,4.83870967741935,植物,水果,0
葡萄,是,是-红色的,3.87096774193548,植物,水果,0
葡萄,像,像-提子,3.87096774193548,植物,水果,0
葡萄,需要,需要-剥开,3.87096774193548,植物,水果,0
葡萄,有,有-营养,3.87096774193548,植物,水果,0
葡萄,像,像-宝石,2.90322580645161,植物,水果,0
葡萄,像,像-玛瑙,2.90322580645161,植物,水果,1
葡萄,像,像-眼睛,2.90322580645161,植物,水果,0
葡萄,像,像-珍珠,2.90322580645161,植物,水果,0
葡萄,有,有-多种型号,2.90322580645161,植物,水果,0
葡萄,有,有-果实,2.90322580645161,植物,水果,0
葡萄,有,有-糖,2.90322580645161,植物,水果,1
葡萄,有,有-维生素,2.90322580645161,植物,水果,0
葡萄,有,有-汁水,2.90322580645161,植物,水果,1
葡萄,可以,可以-观赏,1.93548387096774,植物,水果,0
葡萄,可以,可以-晒,1.93548387096774,植物,水果,0
葡萄,可以,可以-晒干,1.93548387096774,植物,水果,0
葡萄,可以,可以-生长,1.93548387096774,植物,水果,0
葡萄,其他,其他-安胎,1.93548387096774,植物,水果,1
葡萄,是,是-好吃的,1.93548387096774,植物,水果,0
葡萄,是,是-黑色的,1.93548387096774,植物,水果,0
葡萄,需要,需要-肥料,1.93548387096774,植物,水果,0
葡萄,需要,需要-营养,1.93548387096774,植物,水果,0
葡萄,有,有-树枝,1.93548387096774,植物,水果,0
葡萄,有,有-水,1.93548387096774,植物,水果,0
葡萄,有,有-叶子,1.93548387096774,植物,水果,0
茄子,是,是-紫色的,21.0,植物,蔬菜,0
茄子,是,是-食物,20.0,植物,蔬菜,0
茄子,是,是-蔬菜,17.0,植物,蔬菜,1
茄子,是,是-植物,12.0,植物,蔬菜,1
茄子,需要,需要-水,12.0,植物,蔬菜,0
茄子,有,有-皮,12.0,植物,蔬菜,1
茄子,需要,需要-种植,10.0,植物,蔬菜,1
茄子,可以,可以-炒,9.0,植物,蔬菜,1
茄子,需要,需要-土,7.0,植物,蔬菜,0
茄子,需要,需要-阳光,7.0,植物,蔬菜,0
茄子,是,是-长的,6.0,植物,蔬菜,0
茄子,需要,需要-空气,6.0,植物,蔬菜,0
茄子,有,有-籽,6.0,植物,蔬菜,1
茄子,是,是-绿色的,5.0,植物,蔬菜,0
茄子,是,是-圆形,5.0,植物,蔬菜,1
茄子,像,像-灯笼,5.0,植物,蔬菜,0
茄子,需要,需要-采摘,5.0,植物,蔬菜,0
茄子,需要,需要-烹饪,4.0,植物,蔬菜,1
茄子,有,有-刺,4.0,植物,蔬菜,0
茄子,有,有-果实,4.0,植物,蔬菜,0
茄子,有,有-营养,4.0,植物,蔬菜,0
茄子,像,像-黄瓜,3.0,植物,蔬菜,0
茄子,需要,需要-肥料,3.0,植物,蔬菜,0
茄子,需要,需要-清洗,3.0,植物,蔬菜,0
茄子,有,有-把手,3.0,植物,蔬菜,1
茄子,有,有-叶子,3.0,植物,蔬菜,0
茄子,有,有-种子,3.0,植物,蔬菜,0
茄子,可以,可以-凉拌,2.0,植物,蔬菜,0
茄子,可以,可以-生长,2.0,植物,蔬菜,0
茄子,是,是-瓜,2.0,植物,蔬菜,1
茄子,是,是-好吃的,2.0,植物,蔬菜,1
茄子,是,是-条状的,2.0,植物,蔬菜,0
茄子,是,是-油炸类,2.0,植物,蔬菜,0
茄子,像,像-气球,2.0,植物,蔬菜,0
茄子,像,像-球,2.0,植物,蔬菜,0
茄子,像,像-西红柿,2.0,植物,蔬菜,0
茄子,像,像-月亮,2.0,植物,蔬菜,0
茄子,需要,需要-削皮,2.0,植物,蔬菜,0
茄子,有,有-果肉,2.0,植物,蔬菜,0
茄子,有,有-茎,2.0,植物,蔬菜,0
茄子,有,有-毛,2.0,植物,蔬菜,0
茄子,有,有-维生素,2.0,植物,蔬菜,0
人行天桥,是,是-桥,20.3225806451613,人造物,建筑,1
人行天桥,有,有-楼梯,10.6451612903226,人造物,建筑,0
人行天桥,需要,需要-维护,8.70967741935484,人造物,建筑,1
人行天桥,是,是-道路,7.74193548387097,人造物,建筑,1
人行天桥,有,有-栏杆,7.74193548387097,人造物,建筑,0
人行天桥,是,是-立交桥,5.80645161290323,人造物,建筑,0
人行天桥,需要,需要-建造,5.80645161290323,人造物,建筑,0
人行天桥,有,有-台阶,5.80645161290323,人造物,建筑,1
人行天桥,可以,可以-行走,4.83870967741935,人造物,建筑,0
人行天桥,其他,其他-行人,4.83870967741935,人造物,建筑,0
人行天桥,是,是-建筑,4.83870967741935,人造物,建筑,0
人行天桥,是,是-设施,4.83870967741935,人造物,建筑,0
人行天桥,像,像-彩虹,4.83870967741935,人造物,建筑,0
人行天桥,有,有-扶手,4.83870967741935,人造物,建筑,1
人行天桥,可以,可以-保护,3.87096774193548,人造物,建筑,0
人行天桥,是,是-安全的,3.87096774193548,人造物,建筑,1
人行天桥,是,是-通道,3.87096774193548,人造物,建筑,0
人行天桥,需要,需要-水泥,3.87096774193548,人造物,建筑,1
人行天桥,需要,需要-修建,3.87096774193548,人造物,建筑,0
人行天桥,需要,需要-修理,3.87096774193548,人造物,建筑,1
人行天桥,有,有-钢筋,3.87096774193548,人造物,建筑,0
人行天桥,有,有-桥面,3.87096774193548,人造物,建筑,1
人行天桥,其他,其他-北京,2.90322580645161,人造物,建筑,1
人行天桥,其他,其他-交通,2.90322580645161,人造物,建筑,0
人行天桥,是,是-便利的,2.90322580645161,人造物,建筑,0
人行天桥,是,是-高的,2.90322580645161,人造物,建筑,0
人行天桥,是,是-公共的,2.90322580645161,人造物,建筑,0
人行天桥,需要,需要-建设,2.90322580645161,人造物,建筑,0
人行天桥,有,有-阶梯,2.90322580645161,人造物,建筑,0
人行天桥,可以,可以-保护人,1.93548387096774,人造物,建筑,0
人行天桥,可以,可以-过马路,1.93548387096774,人造物,建筑,1
人行天桥,可以,可以-通行,1.93548387096774,人造物,建筑,0
人行天桥,是,是-城市的,1.93548387096774,人造物,建筑,0
人行天桥,是,是-金属,1.93548387096774,人造物,建筑,1
人行天桥,是,是-空中的,1.93548387096774,人造物,建筑,0
人行天桥,是,是-天桥,1.93548387096774,人造物,建筑,0
人行天桥,像,像-斑马线,1.93548387096774,人造物,建筑,1
人行天桥,像,像-地下通道,1.93548387096774,人造物,建筑,1
人行天桥,需要,需要-清洗,1.93548387096774,人造物,建筑,0
人行天桥,需要,需要-铁,1.93548387096774,人造物,建筑,0
人行天桥,有,有-人,1.93548387096774,人造物,建筑,0
人行天桥,有,有-支架,1.93548387096774,人造物,建筑,0
扫帚,可以,可以-扫地,15.0,人造物,工具,1
扫帚,是,是-工具,14.0,人造物,工具,0
扫帚,可以,可以-打扫,12.0,人造物,工具,0
扫帚,有,有-把手,8.0,人造物,工具,1
扫帚,有,有-毛,8.0,人造物,工具,0
扫帚,可以,可以-清洁,5.0,人造物,工具,0
扫帚,可以,可以-买卖,4.0,人造物,工具,1
扫帚,像,像-扇子,4.0,人造物,工具,0
扫帚,是,是-黄色的,3.0,人造物,工具,0
扫帚,是,是-家居用品,3.0,人造物,工具,0
扫帚,是,是-生活用品,3.0,人造物,工具,0
扫帚,是,是-用品,3.0,人造物,工具,0
扫帚,需要,需要-簸箕,3.0,人造物,工具,0
扫帚,可以,可以-除尘,2.0,人造物,工具,1
扫帚,可以,可以-清扫,2.0,人造物,工具,0
扫帚,其他,其他-簸箕,2.0,人造物,工具,0
扫帚,是,是-必需品,2.0,人造物,工具,0
扫帚,是,是-塑料,2.0,人造物,工具,0
扫帚,是,是-长的,2.0,人造物,工具,0
扫帚,像,像-魔法棒,2.0,人造物,工具,0
扫帚,像,像-刷子,2.0,人造物,工具,1
扫帚,像,像-尾巴,2.0,人造物,工具,1
扫帚,需要,需要-更换,2.0,人造物,工具,0
扫帚,有,有-多种长度,2.0,人造物,工具,1
扫帚,有,有-多种种类,2.0,人造物,工具,0
扫帚,有,有-杆子,2.0,人造物,工具,0
沙发,是,是-家具,19.0,人造物,家具,0
沙发,可以,可以-躺,17.0,人造物,家具,0
沙发,是,是-软的,15.0,人造物,家具,1
沙发,像,像-床,15.0,人造物,家具,1
沙发,可以,可以-休息,13.0,人造物,家具,0
沙发,像,像-椅子,12.0,人造物,家具,1
沙发,可以,可以-睡觉,9.0,人造物,家具,1
沙发,有,有-海绵,8.0,人造物,家具,0
沙发,有,有-靠背,8.0,人造物,家具,1
沙发,是,是-舒服的,7.0,人造物,家具,0
沙发,是,是-木的,6.0,人造物,家具,0
沙发,是,是-皮的,6.0,人造物,家具,1
沙发,需要,需要-保养,6.0,人造物,家具,0
沙发,需要,需要-清洗,6.0,人造物,家具,1
沙发,有,有-多种材质,5.0,人造物,家具,0
沙发,可以,可以-买卖,4.0,人造物,家具,1
沙发,需要,需要-制造,4.0,人造物,家具,0
沙发,有,有-布,4.0,人造物,家具,1
沙发,有,有-垫子,4.0,人造物,家具,0
沙发,有,有-座垫,4.0,人造物,家具,0
沙发,是,是-词汇,3.0,人造物,家具,0
沙发,是,是-国外的,3.0,人造物,家具,0
沙发,是,是-家居用品,3.0,人造物,家具,0
沙发,是,是-长的,3.0,人造物,家具,1
沙发,需要,需要-设计,3.0,人造物,家具,0
沙发,有,有-多种型号,3.0,人造物,家具,0
沙发,有,有-多种颜色,3.0,人造物,家具,1
沙发,有,有-扶手,3.0,人造物,家具,0
沙发,有,有-棉花,3.0,人造物,家具,0
沙发,有,有-皮,3.0,人造物,家具,0
沙发,有,有-腿,3.0,人造物,家具,0
沙发,可以,可以-看视频,2.0,人造物,家具,0
沙发,可以,可以-趴,2.0,人造物,家具,1
沙发,可以,可以-玩手机,2.0,人造物,家具,0
沙发,是,是-方形的,2.0,人造物,家具,0
沙发,是,是-硬的,2.0,人造物,家具,1
沙发,需要,需要-清理,2.0,人造物,家具,0
沙发,有,有-弹簧,2.0,人造物,家具,0
沙发,有,有-多种形状,2.0,人造物,家具,0
沙发,有,有-多种样式,2.0,人造物,家具,0
沙发,有,有-多种种类,2.0,人造物,家具,0
沙发,有,有-软垫,2.0,人造物,家具,0
沙发,有,有-沙发垫,2.0,人造物,家具,1
纱布,可以,可以-包扎,20.0,人造物,医疗用品,1
纱布,有,有-布,19.0,人造物,医疗用品,1
纱布,是,是-棉的,12.0,人造物,医疗用品,0
纱布,是,是-医疗用品,12.0,人造物,医疗用品,0
纱布,可以,可以-包扎伤口,11.0,人造物,医疗用品,0
纱布,是,是-白色的,11.0,人造物,医疗用品,0
纱布,有,有-网,11.0,人造物,医疗用品,0
纱布,有,有-孔,8.0,人造物,医疗用品,0
纱布,是,是-纺织品,7.0,人造物,医疗用品,1
纱布,有,有-多种样式,6.0,人造物,医疗用品,1
纱布,可以,可以-包裹,5.0,人造物,医疗用品,0
纱布,可以,可以-买卖,5.0,人造物,医疗用品,1
纱布,需要,需要-消毒,5.0,人造物,医疗用品,1
纱布,可以,可以-裁剪,4.0,人造物,医疗用品,1
纱布,像,像-绷带,4.0,人造物,医疗用品,1
纱布,需要,需要-清洗,4.0,人造物,医疗用品,0
纱布,有,有-棉花,4.0,人造物,医疗用品,0
纱布,可以,可以-缠绕,3.0,人造物,医疗用品,0
纱布,是,是-软的,3.0,人造物,医疗用品,1
纱布,是,是-稀疏的,3.0,人造物,医疗用品,1
纱布,是,是-药,3.0,人造物,医疗用品,0
纱布,像,像-胶带,3.0,人造物,医疗用品,1
纱布,像,像-渔网,3.0,人造物,医疗用品,1
纱布,需要,需要-保质,3.0,人造物,医疗用品,0
纱布,需要,需要-制造,3.0,人造物,医疗用品,0
纱布,可以,可以-包裹伤口,2.0,人造物,医疗用品,0
纱布,可以,可以-保护,2.0,人造物,医疗用品,0
纱布,可以,可以-保护伤口,2.0,人造物,医疗用品,1
纱布,可以,可以-固定,2.0,人造物,医疗用品,0
纱布,是,是-薄的,2.0,人造物,医疗用品,1
纱布,是,是-轻的,2.0,人造物,医疗用品,0
纱布,是,是-透气的,2.0,人造物,医疗用品,0
纱布,是,是-用品,2.0,人造物,医疗用品,0
纱布,像,像-创口贴,2.0,人造物,医疗用品,1
纱布,像,像-毛巾,2.0,人造物,医疗用品,0
纱布,像,像-手帕,2.0,人造物,医疗用品,0
纱布,像,像-蚊帐,2.0,人造物,医疗用品,0
纱布,需要,需要-干燥,2.0,人造物,医疗用品,0
纱布,需要,需要-更换,2.0,人造物,医疗用品,0
纱布,需要,需要-剪刀,2.0,人造物,医疗用品,0
纱布,有,有-洞,2.0,人造物,医疗用品,0
纱布,有,有-宽度,2.0,人造物,医疗用品,0
狮子,是,是-动物,28.0,动物,陆生动物,0
狮子,需要,需要-食物,21.0,动物,陆生动物,1
狮子,有,有-毛,18.0,动物,陆生动物,0
狮子,是,是-肉食类,16.0,动物,陆生动物,0
狮子,是,是-凶的,16.0,动物,陆生动物,1
狮子,可以,可以-捕猎,15.0,动物,陆生动物,0
狮子,有,有-尾巴,15.0,动物,陆生动物,0
狮子,像,像-老虎,14.0,动物,陆生动物,1
狮子,需要,需要-水,14.0,动物,陆生动物,0
狮子,有,有-牙齿,14.0,动物,陆生动物,0
狮子,可以,可以-跑,12.0,动物,陆生动物,0
狮子,像,像-猫,11.0,动物,陆生动物,1
狮子,需要,需要-睡觉,11.0,动物,陆生动物,0
狮子,有,有-眼睛,11.0,动物,陆生动物,0
狮子,有,有-四肢,10.0,动物,陆生动物,0
狮子,需要,需要-保护,9.0,动物,陆生动物,0
狮子,有,有-嘴巴,9.0,动物,陆生动物,0
狮子,需要,需要-空气,8.0,动物,陆生动物,0
狮子,有,有-鼻子,8.0,动物,陆生动物,1
狮子,有,有-爪子,8.0,动物,陆生动物,1
狮子,是,是-哺乳类,6.0,动物,陆生动物,0
狮子,是,是-猫科,6.0,动物,陆生动物,0
狮子,有,有-锋利的牙齿,6.0,动物,陆生动物,0
狮子,是,是-锋利的,5.0,动物,陆生动物,1
狮子,像,像-豹子,5.0,动物,陆生动物,0
狮子,有,有-耳朵,5.0,动物,陆生动物,1
狮子,有,有-身体,5.0,动物,陆生动物,0
狮子,可以,可以-繁衍,4.0,动物,陆生动物,0
狮子,是,是-猛兽,4.0,动物,陆生动物,1
狮子,是,是-兽类,4.0,动物,陆生动物,1
狮子,是,是-野生的,4.0,动物,陆生动物,0
狮子,需要,需要-呼吸,4.0,动物,陆生动物,0
狮子,有,有-锋利的爪子,4.0,动物,陆生动物,0
狮子,可以,可以-吃人,3.0,动物,陆生动物,0
狮子,可以,可以-观赏,3.0,动物,陆生动物,0
狮子,可以,可以-咬,3.0,动物,陆生动物,0
狮子,可以,可以-咬人,3.0,动物,陆生动物,0
狮子,是,是-大的,3.0,动物,陆生动物,0
狮子,是,是-黄色的,3.0,动物,陆生动物,1
狮子,需要,需要-阳光,3.0,动物,陆生动物,1
狮子,有,有-雌的,3.0,动物,陆生动物,0
狮子,有,有-皮肤,3.0,动物,陆生动物,1
狮子,有,有-头,3.0,动物,陆生动物,0
狮子,有,有-雄的,3.0,动物,陆生动物,0
狮子,可以,可以-打架,2.0,动物,陆生动物,0
狮子,可以,可以-吼叫,2.0,动物,陆生动物,0
狮子,可以,可以-伤人,2.0,动物,陆生动物,0
狮子,是,是-非洲的,2.0,动物,陆生动物,1
狮子,是,是-可怕的,2.0,动物,陆生动物,0
狮子,是,是-快速的,2.0,动物,陆生动物,0
狮子,是,是-群居的,2.0,动物,陆生动物,1
狮子,是,是-森林之王,2.0,动物,陆生动物,0
狮子,是,是-王,2.0,动物,陆生动物,0
狮子,像,像-狗,2.0,动物,陆生动物,1
狮子,需要,需要-交配,2.0,动物,陆生动物,0
狮子,需要,需要-领地,2.0,动物,陆生动物,0
狮子,有,有-鬃毛,2.0,动物,陆生动物,1
手掌,是,是-身体部位,17.0,身体部位,身体部位,1
手掌,需要,需要-保护,14.0,身体部位,身体部位,0
手掌,其他,其他-人,12.0,身体部位,身体部位,1
手掌,有,有-手指,10.0,身体部位,身体部位,1
手掌,有,有-肉,9.0,身体部位,身体部位,1
手掌,有,有-掌纹,9.0,身体部位,身体部位,1
手掌,有,有-皮肤,8.0,身体部位,身体部位,1
手掌,是,是-手,7.0,身体部位,身体部位,0
手掌,需要,需要-清洗,7.0,身体部位,身体部位,0
手掌,有,有-掌心,6.0,身体部位,身体部位,0
手掌,有,有-骨骼,5.0,身体部位,身体部位,1
手掌,可以,可以-击掌,4.0,身体部位,身体部位,0
手掌,是,是-器官,4.0,身体部位,身体部位,0
手掌,像,像-鸡爪,4.0,身体部位,身体部位,1
手掌,有,有-温度,4.0,身体部位,身体部位,1
手掌,可以,可以-打人,3.0,身体部位,身体部位,1
手掌,可以,可以-鼓掌,3.0,身体部位,身体部位,0
手掌,可以,可以-拿,3.0,身体部位,身体部位,0
手掌,可以,可以-弯曲,3.0,身体部位,身体部位,1
手掌,像,像-脚,3.0,身体部位,身体部位,0
手掌,像,像-鸭掌,3.0,身体部位,身体部位,0
手掌,有,有-关节,3.0,身体部位,身体部位,0
手掌,有,有-血液,3.0,身体部位,身体部位,0
手掌,可以,可以-看手相,2.0,身体部位,身体部位,0
手掌,可以,可以-握,2.0,身体部位,身体部位,0
手掌,可以,可以-握手,2.0,身体部位,身体部位,1
手掌,可以,可以-写字,2.0,身体部位,身体部位,1
手掌,是,是-厚的,2.0,身体部位,身体部位,0
手掌,是,是-宽的,2.0,身体部位,身体部位,0
手掌,是,是-软的,2.0,身体部位,身体部位,0
手掌,像,像-五指山,2.0,身体部位,身体部位,0
手掌,像,像-仙人掌,2.0,身体部位,身体部位,0
手掌,需要,需要-保养,2.0,身体部位,身体部位,1
手掌,需要,需要-勤洗手,2.0,身体部位,身体部位,0
手掌,有,有-表皮,2.0,身体部位,身体部位,0
手掌,有,有-肌肉,2.0,身体部位,身体部位,1
手掌,有,有-纹路,2.0,身体部位,身体部位,0
手掌,有,有-血管,2.0,身体部位,身体部位,0
手掌,有,有-指头,2.0,身体部位,身体部位,1
书柜,可以,可以-放书,15.0,人造物,家具,1
书柜,是,是-家具,13.0,人造物,家具,0
书柜,是,是-木的,11.0,人造物,家具,1
书柜,有,有-书,11.0,人造物,家具,0
书柜,是,是-柜子,9.0,人造物,家具,0
书柜,需要,需要-整理,6.0,人造物,家具,1
书柜,像,像-衣柜,5.0,人造物,家具,0
书柜,有,有-多种样式,5.0,人造物,家具,0
书柜,可以,可以-储物,4.0,人造物,家具,1
书柜,有,有-隔层,4.0,人造物,家具,0
书柜,有,有-架子,4.0,人造物,家具,0
书柜,需要,需要-清理,3.0,人造物,家具,0
书柜,有,有-格子,3.0,人造物,家具,1
书柜,有,有-很多层,3.0,人造物,家具,1
书柜,可以,可以-买卖,2.0,人造物,家具,1
书柜,需要,需要-擦,2.0,人造物,家具,1
书柜,需要,需要-防水,2.0,人造物,家具,0
书柜,有,有-玻璃门,2.0,人造物,家具,0
天鹅,是,是-动物,24.1935483870968,动物,鸟,0
天鹅,需要,需要-食物,19.3548387096774,动物,鸟,0
天鹅,有,有-羽毛,17.4193548387097,动物,鸟,0
天鹅,有,有-翅膀,15.4838709677419,动物,鸟,0
天鹅,可以,可以-飞,14.5161290322581,动物,鸟,0
天鹅,需要,需要-水,12.5806451612903,动物,鸟,0
天鹅,可以,可以-观赏,11.6129032258065,动物,鸟,1
天鹅,是,是-白色的,11.6129032258065,动物,鸟,0
天鹅,是,是-鸟,11.6129032258065,动物,鸟,1
天鹅,像,像-鸭子,11.6129032258065,动物,鸟,0
天鹅,有,有-嘴巴,11.6129032258065,动物,鸟,0
天鹅,可以,可以-游泳,10.6451612903226,动物,鸟,1
天鹅,需要,需要-保护,10.6451612903226,动物,鸟,0
天鹅,像,像-鹅,9.67741935483871,动物,鸟,0
天鹅,有,有-脖子,6.7741935483871,动物,鸟,0
天鹅,有,有-眼睛,6.7741935483871,动物,鸟,0
天鹅,是,是-黑色的,5.80645161290323,动物,鸟,0
天鹅,需要,需要-睡觉,5.80645161290323,动物,鸟,0
天鹅,是,是-禽类,4.83870967741935,动物,鸟,1
天鹅,是,是-优雅的,4.83870967741935,动物,鸟,0
天鹅,是,是-高贵的,3.87096774193548,动物,鸟,0
天鹅,是,是-食物,3.87096774193548,动物,鸟,0
天鹅,像,像-大雁,3.87096774193548,动物,鸟,0
天鹅,需要,需要-空气,3.87096774193548,动物,鸟,0
天鹅,需要,需要-鱼,3.87096774193548,动物,鸟,0
天鹅,有,有-长脖子,3.87096774193548,动物,鸟,0
天鹅,有,有-爪子,3.87096774193548,动物,鸟,1
天鹅,可以,可以-养殖,2.90322580645161,动物,鸟,0
天鹅,是,是-两栖类,2.90322580645161,动物,鸟,0
天鹅,需要,需要-阳光,2.90322580645161,动物,鸟,0
天鹅,有,有-多种种类,2.90322580645161,动物,鸟,0
天鹅,有,有-头,2.90322580645161,动物,鸟,0
天鹅,可以,可以-捕猎,1.93548387096774,动物,鸟,0
天鹅,可以,可以-繁衍,1.93548387096774,动物,鸟,0
天鹅,可以,可以-行走,1.93548387096774,动物,鸟,0
天鹅,可以,可以-跑,1.93548387096774,动物,鸟,0
天鹅,可以,可以-戏水,1.93548387096774,动物,鸟,0
天鹅,是,是-好看的,1.93548387096774,动物,鸟,1
天鹅,是,是-水里的,1.93548387096774,动物,鸟,0
天鹅,是,是-象征,1.93548387096774,动物,鸟,0
天鹅,是,是-优美的,1.93548387096774,动物,鸟,0
天鹅,是,是-游禽,1.93548387096774,动物,鸟,1
天鹅,像,像-鸡,1.93548387096774,动物,鸟,0
天鹅,像,像-雪,1.93548387096774,动物,鸟,1
天鹅,需要,需要-栖息地,1.93548387096774,动物,鸟,0
天鹅,有,有-多种颜色,1.93548387096774,动物,鸟,1
天鹅,有,有-脚,1.93548387096774,动物,鸟,0
天鹅,有,有-毛,1.93548387096774,动物,鸟,1
天鹅,有,有-身体,1.93548387096774,动物,鸟,1
天鹅,有,有-腿,1.93548387096774,动物,鸟,0
土豆,是,是-食物,22.0,植物,蔬菜,0
土豆,需要,需要-种植,14.0,植物,蔬菜,0
土豆,有,有-淀粉,13.0,植物,蔬菜,1
土豆,是,是-蔬菜,12.0,植物,蔬菜,0
土豆,有,有-皮,12.0,植物,蔬菜,0
土豆,是,是-植物,10.0,植物,蔬菜,1
土豆,需要,需要-土,10.0,植物,蔬菜,1
土豆,可以,可以-炒,8.0,植物,蔬菜,0
土豆,像,像-红薯,8.0,植物,蔬菜,0
土豆,是,是-黄色的,7.0,植物,蔬菜,0
土豆,是,是-圆形,7.0,植物,蔬菜,1
土豆,需要,需要-清洗,6.0,植物,蔬菜,1
土豆,是,是-块茎类,4.0,植物,蔬菜,1
土豆,是,是-硬的,4.0,植物,蔬菜,0
土豆,需要,需要-水,4.0,植物,蔬菜,1
土豆,有,有-多种种类,4.0,植物,蔬菜,0
土豆,可以,可以-饱腹,3.0,植物,蔬菜,1
土豆,可以,可以-烤,3.0,植物,蔬菜,0
土豆,像,像-球,3.0,植物,蔬菜,0
土豆,像,像-芋头,3.0,植物,蔬菜,0
土豆,需要,需要-肥料,3.0,植物,蔬菜,1
土豆,需要,需要-阳光,3.0,植物,蔬菜,0
土豆,有,有-坑,3.0,植物,蔬菜,1
土豆,有,有-营养,3.0,植物,蔬菜,0
土豆,是,是-粮食,2.0,植物,蔬菜,1
土豆,是,是-椭圆形,2.0,植物,蔬菜,0
土豆,是,是-长在土里的,2.0,植物,蔬菜,0
土豆,是,是-棕色的,2.0,植物,蔬菜,0
土豆,像,像-鹅卵石,2.0,植物,蔬菜,0
土豆,像,像-鸡蛋,2.0,植物,蔬菜,0
土豆,像,像-苹果,2.0,植物,蔬菜,1
土豆,像,像-土堆,2.0,植物,蔬菜,1
土豆,需要,需要-剥开,2.0,植物,蔬菜,0
土豆,需要,需要-采摘,2.0,植物,蔬菜,0
土豆,需要,需要-炖,2.0,植物,蔬菜,0
土豆,需要,需要-加工,2.0,植物,蔬菜,1
土豆,需要,需要-空气,2.0,植物,蔬菜,0
土豆,需要,需要-烹饪,2.0,植物,蔬菜,0
土豆,有,有-薄皮,2.0,植物,蔬菜,0
土豆,有,有-茎,2.0,植物,蔬菜,1
土豆,有,有-芽,2.0,植物,蔬菜,0
兔子,是,是-动物,25.0,动物,陆生动物,0
兔子,需要,需要-食物,20.0,动物,陆生动物,1
兔子,有,有-耳朵,18.0,动物,陆生动物,0
兔子,是,是-食物,16.0,动物,陆生动物,1
兔子,有,有-眼睛,13.0,动物,陆生动物,0
兔子,需要,需要-水,11.0,动物,陆生动物,1
兔子,需要,需要-饲养,11.0,动物,陆生动物,0
兔子,是,是-白色的,10.0,动物,陆生动物,0
兔子,是,是-可爱的,10.0,动物,陆生动物,0
兔子,有,有-毛,10.0,动物,陆生动物,0
兔子,可以,可以-跑,9.0,动物,陆生动物,0
兔子,可以,可以-跳,9.0,动物,陆生动物,0
兔子,需要,需要-草,9.0,动物,陆生动物,0
兔子,有,有-尾巴,9.0,动物,陆生动物,1
兔子,需要,需要-空气,7.0,动物,陆生动物,1
兔子,需要,需要-胡罗卜,6.0,动物,陆生动物,0
兔子,需要,需要-睡觉,6.0,动物,陆生动物,1
兔子,有,有-长耳朵,6.0,动物,陆生动物,0
兔子,是,是-宠物,5.0,动物,陆生动物,0
兔子,像,像-老鼠,5.0,动物,陆生动物,0
兔子,有,有-四肢,5.0,动物,陆生动物,0
兔子,有,有-嘴巴,5.0,动物,陆生动物,0
兔子,是,是-哺乳类,4.0,动物,陆生动物,0
兔子,是,是-红色的,4.0,动物,陆生动物,0
兔子,像,像-猫,4.0,动物,陆生动物,0
兔子,有,有-红眼睛,4.0,动物,陆生动物,0
兔子,有,有-皮肤,4.0,动物,陆生动物,0
兔子,是,是-灰色的,3.0,动物,陆生动物,1
兔子,像,像-毛线球,3.0,动物,陆生动物,0
兔子,像,像-棉花,3.0,动物,陆生动物,1
兔子,需要,需要-保护,3.0,动物,陆生动物,0
兔子,需要,需要-呼吸,3.0,动物,陆生动物,0
兔子,需要,需要-萝卜,3.0,动物,陆生动物,0
兔子,有,有-鼻子,3.0,动物,陆生动物,0
兔子,有,有-多种种类,3.0,动物,陆生动物,0
兔子,有,有-腿,3.0,动物,陆生动物,0
兔子,有,有-牙齿,3.0,动物,陆生动物,0
兔子,可以,可以-蹦,2.0,动物,陆生动物,0
兔子,可以,可以-繁衍,2.0,动物,陆生动物,0
兔子,可以,可以-观赏,2.0,动物,陆生动物,0
兔子,其他,其他-龟兔赛跑,2.0,动物,陆生动物,0
兔子,是,是-啮齿类,2.0,动物,陆生动物,1
兔子,是,是-软的,2.0,动物,陆生动物,0
兔子,是,是-生物,2.0,动物,陆生动物,0
兔子,是,是-玩具,2.0,动物,陆生动物,1
兔子,像,像-球,2.0,动物,陆生动物,0
兔子,像,像-云,2.0,动物,陆生动物,0
兔子,需要,需要-青菜,2.0,动物,陆生动物,0
兔子,需要,需要-食用,2.0,动物,陆生动物,0
兔子,有,有-短尾巴,2.0,动物,陆生动物,0
袜子,可以,可以-保暖,24.8275862068966,人造物,服饰,0
袜子,需要,需要-清洗,16.551724137931,人造物,服饰,0
袜子,可以,可以-穿,15.5172413793104,人造物,服饰,0
袜子,可以,可以-保护,8.27586206896552,人造物,服饰,0
袜子,是,是-棉的,8.27586206896552,人造物,服饰,0
袜子,像,像-手套,8.27586206896552,人造物,服饰,1
袜子,有,有-布,8.27586206896552,人造物,服饰,0
袜子,可以,可以-保护脚,7.24137931034483,人造物,服饰,0
袜子,是,是-衣服,6.20689655172414,人造物,服饰,1
袜子,可以,可以-买卖,5.17241379310345,人造物,服饰,1
袜子,其他,其他-脚,5.17241379310345,人造物,服饰,0
袜子,是,是-服饰,5.17241379310345,人造物,服饰,0
袜子,有,有-多种样式,5.17241379310345,人造物,服饰,0
袜子,是,是-纺织品,4.13793103448276,人造物,服饰,1
袜子,像,像-船,4.13793103448276,人造物,服饰,0
袜子,需要,需要-制造,4.13793103448276,人造物,服饰,0
袜子,有,有-多种颜色,4.13793103448276,人造物,服饰,0
袜子,是,是-成对的,3.10344827586207,人造物,服饰,0
袜子,是,是-生活用品,3.10344827586207,人造物,服饰,0
袜子,像,像-袋子,3.10344827586207,人造物,服饰,1
袜子,像,像-鞋,3.10344827586207,人造物,服饰,1
袜子,有,有-弹性,3.10344827586207,人造物,服饰,0
袜子,有,有-洞,3.10344827586207,人造物,服饰,0
袜子,有,有-多种种类,3.10344827586207,人造物,服饰,1
袜子,有,有-花纹,3.10344827586207,人造物,服饰,0
袜子,有,有-口,3.10344827586207,人造物,服饰,1
袜子,有,有-两只,3.10344827586207,人造物,服饰,1
袜子,有,有-线,3.10344827586207,人造物,服饰,0
袜子,可以,可以-防脚臭,2.06896551724138,人造物,服饰,0
袜子,是,是-软的,2.06896551724138,人造物,服饰,0
袜子,是,是-舒服的,2.06896551724138,人造物,服饰,0
袜子,有,有-多种材质,2.06896551724138,人造物,服饰,1
袜子,有,有-多种长度,2.06896551724138,人造物,服饰,0
袜子,有,有-袜口,2.06896551724138,人造物,服饰,0
袜子,有,有-袜筒,2.06896551724138,人造物,服饰,0
围巾,可以,可以-保暖,22.7586206896552,人造物,服饰,0
围巾,需要,需要-清洗,11.3793103448276,人造物,服饰,0
围巾,有,有-毛线,11.3793103448276,人造物,服饰,1
围巾,是,是-衣服,8.27586206896552,人造物,服饰,0
围巾,有,有-多种颜色,8.27586206896552,人造物,服饰,0
围巾,有,有-多种材质,7.24137931034483,人造物,服饰,1
围巾,有,有-多种样式,6.20689655172414,人造物,服饰,0
围巾,是,是-长的,5.17241379310345,人造物,服饰,1
围巾,可以,可以-戴,4.13793103448276,人造物,服饰,0
围巾,可以,可以-围在脖子上,4.13793103448276,人造物,服饰,1
围巾,可以,可以-御寒,4.13793103448276,人造物,服饰,0
围巾,是,是-温暖的,4.13793103448276,人造物,服饰,0
围巾,需要,需要-制造,4.13793103448276,人造物,服饰,0
围巾,可以,可以-穿,3.10344827586207,人造物,服饰,1
围巾,是,是-纺织品,3.10344827586207,人造物,服饰,0
围巾,是,是-棉的,3.10344827586207,人造物,服饰,1
围巾,是,是-配饰,3.10344827586207,人造物,服饰,0
围巾,是,是-条状的,3.10344827586207,人造物,服饰,1
围巾,是,是-装饰,3.10344827586207,人造物,服饰,0
围巾,像,像-毛巾,3.10344827586207,人造物,服饰,0
围巾,像,像-围脖,3.10344827586207,人造物,服饰,0
围巾,需要,需要-编织,3.10344827586207,人造物,服饰,0
围巾,有,有-多种花纹,3.10344827586207,人造物,服饰,0
围巾,有,有-多种长度,3.10344827586207,人造物,服饰,1
围巾,有,有-宽度,3.10344827586207,人造物,服饰,0
围巾,有,有-流苏,3.10344827586207,人造物,服饰,0
围巾,有,有-毛,3.10344827586207,人造物,服饰,0
围巾,可以,可以-挡风,2.06896551724138,人造物,服饰,0
围巾,可以,可以-围脖,2.06896551724138,人造物,服饰,0
围巾,是,是-服饰,2.06896551724138,人造物,服饰,0
围巾,是,是-厚的,2.06896551724138,人造物,服饰,0
围巾,是,是-用品,2.06896551724138,人造物,服饰,0
围巾,像,像-披风,2.06896551724138,人造物,服饰,1
围巾,像,像-丝带,2.06896551724138,人造物,服饰,1
围巾,像,像-丝巾,2.06896551724138,人造物,服饰,0
围巾,需要,需要-脖子,2.06896551724138,人造物,服饰,0
围巾,有,有-布,2.06896551724138,人造物,服饰,0
围巾,有,有-多种种类,2.06896551724138,人造物,服饰,1
围巾,有,有-纹路,2.06896551724138,人造物,服饰,0
西瓜,是,是-水果,26.1290322580645,植物,水果,0
西瓜,是,是-食物,24.1935483870968,植物,水果,1
西瓜,像,像-球,15.4838709677419,植物,水果,0
西瓜,有,有-皮,15.4838709677419,植物,水果,0
西瓜,需要,需要-土,12.5806451612903,植物,水果,1
西瓜,需要,需要-阳光,12.5806451612903,植物,水果,0
西瓜,需要,需要-水,11.6129032258065,植物,水果,0
西瓜,是,是-绿色的,10.6451612903226,植物,水果,1
西瓜,是,是-甜的,10.6451612903226,植物,水果,1
西瓜,是,是-圆形,10.6451612903226,植物,水果,0
西瓜,像,像-皮球,10.6451612903226,植物,水果,1
西瓜,需要,需要-种植,10.6451612903226,植物,水果,0
西瓜,有,有-籽,10.6451612903226,植物,水果,0
西瓜,需要,需要-切,9.67741935483871,植物,水果,1
西瓜,有,有-果肉,8.70967741935484,植物,水果,0
西瓜,可以,可以-解渴,7.74193548387097,植物,水果,1
西瓜,有,有-瓜瓤,7.74193548387097,植物,水果,0
西瓜,需要,需要-采摘,6.7741935483871,植物,水果,0
西瓜,需要,需要-空气,5.80645161290323,植物,水果,0
西瓜,可以,可以-解暑,4.83870967741935,植物,水果,0
西瓜,可以,可以-买卖,4.83870967741935,植物,水果,0
西瓜,是,是-红色的,4.83870967741935,植物,水果,1
西瓜,是,是-植物,4.83870967741935,植物,水果,0
西瓜,有,有-瓜皮,4.83870967741935,植物,水果,0
西瓜,有,有-西瓜子,4.83870967741935,植物,水果,0
西瓜,是,是-多汁的,3.87096774193548,植物,水果,0
西瓜,是,是-瓜,3.87096774193548,植物,水果,1
西瓜,像,像-哈密瓜,3.87096774193548,植物,水果,0
西瓜,有,有-水,3.87096774193548,植物,水果,1
西瓜,是,是-重的,2.90322580645161,植物,水果,0
西瓜,像,像-冬瓜,2.90322580645161,植物,水果,1
西瓜,像,像-气球,2.90322580645161,植物,水果,0
西瓜,像,像-足球,2.90322580645161,植物,水果,0
西瓜,需要,需要-肥料,2.90322580645161,植物,水果,0
西瓜,有,有-瓜子,2.90322580645161,植物,水果,0
西瓜,有,有-果实,2.90322580645161,植物,水果,0
西瓜,有,有-花纹,2.90322580645161,植物,水果,0
西瓜,可以,可以-降温,1.93548387096774,植物,水果,0
西瓜,可以,可以-利尿,1.93548387096774,植物,水果,0
西瓜,是,是-大的,1.93548387096774,植物,水果,0
西瓜,是,是-黑色的,1.93548387096774,植物,水果,0
西瓜,是,是-药,1.93548387096774,植物,水果,0
西瓜,像,像-篮球,1.93548387096774,植物,水果,1
西瓜,像,像-南瓜,1.93548387096774,植物,水果,0
西瓜,像,像-香瓜,1.93548387096774,植物,水果,0
西瓜,需要,需要-成熟,1.93548387096774,植物,水果,0
西瓜,需要,需要-冷藏,1.93548387096774,植物,水果,1
西瓜,有,有-多种型号,1.93548387096774,植物,水果,0
西瓜,有,有-多种种类,1.93548387096774,植物,水果,0
西瓜,有,有-瓤,1.93548387096774,植物,水果,1
西瓜,有,有-肉,1.93548387096774,植物,水果,0
西瓜,有,有-味道,1.93548387096774,植物,水果,0
西瓜,有,有-种子,1.93548387096774,植物,水果,0
喜鹊,需要,需要-食物,25.8620689655172,动物,鸟,0
喜鹊,可以,可以-飞,24.8275862068966,动物,鸟,0
喜鹊,是,是-鸟,24.8275862068966,动物,鸟,0
喜鹊,有,有-翅膀,23.7931034482759,动物,鸟,1
喜鹊,是,是-动物,19.6551724137931,动物,鸟,0
喜鹊,需要,需要-水,19.6551724137931,动物,鸟,0
喜鹊,有,有-嘴巴,14.4827586206896,动物,鸟,0
喜鹊,有,有-羽毛,13.448275862069,动物,鸟,1
喜鹊,需要,需要-空气,12.4137931034483,动物,鸟,0
喜鹊,可以,可以-叫,8.27586206896552,动物,鸟,0
喜鹊,像,像-乌鸦,8.27586206896552,动物,鸟,1
喜鹊,有,有-眼睛,8.27586206896552,动物,鸟,0
喜鹊,是,是-黑色的,7.24137931034483,动物,鸟,1
喜鹊,像,像-麻雀,7.24137931034483,动物,鸟,0
喜鹊,需要,需要-睡觉,7.24137931034483,动物,鸟,0
喜鹊,可以,可以-报喜,5.17241379310345,动物,鸟,0
喜鹊,像,像-鸽子,4.13793103448276,动物,鸟,1
喜鹊,需要,需要-虫,4.13793103448276,动物,鸟,0
喜鹊,有,有-多种颜色,4.13793103448276,动物,鸟,0
喜鹊,有,有-尾巴,4.13793103448276,动物,鸟,0
喜鹊,有,有-爪子,4.13793103448276,动物,鸟,1
喜鹊,可以,可以-观赏,3.10344827586207,动物,鸟,0
喜鹊,是,是-白色的,3.10344827586207,动物,鸟,0
喜鹊,是,是-黑白的,3.10344827586207,动物,鸟,0
喜鹊,是,是-喜庆的,3.10344827586207,动物,鸟,0
喜鹊,有,有-头,3.10344827586207,动物,鸟,0
喜鹊,可以,可以-捕猎,2.06896551724138,动物,鸟,0
喜鹊,是,是-好兆头,2.06896551724138,动物,鸟,1
喜鹊,是,是-可爱的,2.06896551724138,动物,鸟,0
喜鹊,是,是-禽类,2.06896551724138,动物,鸟,0
喜鹊,是,是-象征好运,2.06896551724138,动物,鸟,0
喜鹊,是,是-小的,2.06896551724138,动物,鸟,0
喜鹊,像,像-飞机,2.06896551724138,动物,鸟,0
喜鹊,像,像-燕子,2.06896551724138,动物,鸟,0
喜鹊,需要,需要-保护,2.06896551724138,动物,鸟,0
喜鹊,需要,需要-阳光,2.06896551724138,动物,鸟,1
喜鹊,需要,需要-筑巢,2.06896551724138,动物,鸟,0
喜鹊,有,有-脚,2.06896551724138,动物,鸟,1
香蕉,是,是-水果,29.0322580645161,植物,水果,0
香蕉,是,是-食物,25.1612903225806,植物,水果,0
香蕉,有,有-皮,24.1935483870968,植物,水果,1
香蕉,是,是-黄色的,19.3548387096774,植物,水果,1
香蕉,有,有-果肉,16.4516129032258,植物,水果,1
香蕉,像,像-月亮,10.6451612903226,植物,水果,0
香蕉,需要,需要-种植,10.6451612903226,植物,水果,0
香蕉,需要,需要-水,7.74193548387097,植物,水果,0
香蕉,是,是-软的,5.80645161290323,植物,水果,0
香蕉,是,是-甜的,5.80645161290323,植物,水果,0
香蕉,需要,需要-采摘,5.80645161290323,植物,水果,1
香蕉,需要,需要-阳光,5.80645161290323,植物,水果,1
香蕉,是,是-热带的,4.83870967741935,植物,水果,0
香蕉,需要,需要-剥开,4.83870967741935,植物,水果,0
香蕉,有,有-营养,4.83870967741935,植物,水果,0
香蕉,是,是-弯的,3.87096774193548,植物,水果,0
香蕉,是,是-植物,3.87096774193548,植物,水果,1
香蕉,像,像-船,3.87096774193548,植物,水果,0
香蕉,需要,需要-土,3.87096774193548,植物,水果,1
香蕉,可以,可以-买卖,2.90322580645161,植物,水果,0
香蕉,可以,可以-晒,2.90322580645161,植物,水果,0
香蕉,可以,可以-晒干,2.90322580645161,植物,水果,0
香蕉,是,是-白色的,2.90322580645161,植物,水果,0
香蕉,是,是-电动的,2.90322580645161,植物,水果,1
香蕉,是,是-香的,2.90322580645161,植物,水果,0
香蕉,需要,需要-空气,2.90322580645161,植物,水果,0
香蕉,有,有-种子,2.90322580645161,植物,水果,0
香蕉,可以,可以-饱腹,1.93548387096774,植物,水果,0
香蕉,可以,可以-生长,1.93548387096774,植物,水果,0
香蕉,是,是-长的,1.93548387096774,植物,水果,0
香蕉,像,像-黄瓜,1.93548387096774,植物,水果,0
香蕉,像,像-土豆,1.93548387096774,植物,水果,0
香蕉,需要,需要-扒皮,1.93548387096774,植物,水果,1
香蕉,需要,需要-保鲜,1.93548387096774,植物,水果,1
香蕉,需要,需要-防腐,1.93548387096774,植物,水果,0
香蕉,需要,需要-肥料,1.93548387096774,植物,水果,1
香蕉,有,有-多种种类,1.93548387096774,植物,水果,0
香蕉,有,有-香蕉皮,1.93548387096774,植物,水果,0
牙齿,是,是-白色的,16.0,身体部位,身体部位,1
牙齿,是,是-硬的,14.0,身体部位,身体部位,0
牙齿,可以,可以-嚼,12.0,身体部位,身体部位,0
牙齿,需要,需要-清洗,12.0,身体部位,身体部位,1
牙齿,像,像-石头,11.0,身体部位,身体部位,0
牙齿,需要,需要-保护,10.0,身体部位,身体部位,1
牙齿,是,是-器官,9.0,身体部位,身体部位,1
牙齿,需要,需要-刷,9.0,身体部位,身体部位,0
牙齿,可以,可以-咀嚼食物,7.0,身体部位,身体部位,0
牙齿,可以,可以-咬,6.0,身体部位,身体部位,0
牙齿,其他,其他-动物,5.0,身体部位,身体部位,0
牙齿,其他,其他-人,5.0,身体部位,身体部位,0
牙齿,是,是-锋利的,5.0,身体部位,身体部位,1
牙齿,是,是-身体部位,5.0,身体部位,身体部位,0
牙齿,需要,需要-爱护,5.0,身体部位,身体部位,1
牙齿,有,有-碳酸钙,5.0,身体部位,身体部位,0
牙齿,是,是-坚固的,4.0,身体部位,身体部位,0
牙齿,需要,需要-刷牙,4.0,身体部位,身体部位,0
牙齿,有,有-钙,4.0,身体部位,身体部位,0
牙齿,有,有-多种型号,3.0,身体部位,身体部位,0
牙齿,有,有-牙釉质,3.0,身体部位,身体部位,0
牙齿,可以,可以-进食,2.0,身体部位,身体部位,1
牙齿,可以,可以-生长,2.0,身体部位,身体部位,0
牙齿,可以,可以-撕咬,2.0,身体部位,身体部位,1
牙齿,可以,可以-咬合,2.0,身体部位,身体部位,1
牙齿,像,像-宝石,2.0,身体部位,身体部位,0
牙齿,像,像-刀,2.0,身体部位,身体部位,0
牙齿,像,像-锯齿,2.0,身体部位,身体部位,0
牙齿,像,像-钻石,2.0,身体部位,身体部位,0
牙齿,需要,需要-护理,2.0,身体部位,身体部位,0
牙齿,有,有-虫牙,2.0,身体部位,身体部位,0
牙齿,有,有-多种形状,2.0,身体部位,身体部位,0
牙齿,有,有-多种颜色,2.0,身体部位,身体部位,0
牙齿,有,有-多种样式,2.0,身体部位,身体部位,1
牙齿,有,有-多种种类,2.0,身体部位,身体部位,0
牙齿,有,有-尖,2.0,身体部位,身体部位,0
牙齿,有,有-牙神经,2.0,身体部位,身体部位,0
牙齿,有,有-牙龈,2.0,身体部位,身体部位,0
牙齿,有,有-蛀虫,2.0,身体部位,身体部位,0
燕子,可以,可以-飞,25.1612903225806,动物,鸟,0
燕子,有,有-翅膀,24.1935483870968,动物,鸟,1
燕子,是,是-鸟,23.2258064516129,动物,鸟,1
燕子,是,是-动物,22.258064516129,动物,鸟,0
燕子,需要,需要-食物,22.258064516129,动物,鸟,0
燕子,需要,需要-水,17.4193548387097,动物,鸟,0
燕子,有,有-羽毛,15.4838709677419,动物,鸟,1
燕子,有,有-嘴巴,11.6129032258065,动物,鸟,0
燕子,是,是-黑色的,10.6451612903226,动物,鸟,0
燕子,需要,需要-虫,9.67741935483871,动物,鸟,0
燕子,像,像-剪刀,8.70967741935484,动物,鸟,0
燕子,需要,需要-空气,8.70967741935484,动物,鸟,1
燕子,像,像-麻雀,7.74193548387097,动物,鸟,0
燕子,有,有-尾巴,7.74193548387097,动物,鸟,0
燕子,有,有-眼睛,7.74193548387097,动物,鸟,0
燕子,需要,需要-睡觉,6.7741935483871,动物,鸟,1
燕子,有,有-爪子,6.7741935483871,动物,鸟,0
燕子,可以,可以-捕猎,4.83870967741935,动物,鸟,0
燕子,需要,需要-筑巢,4.83870967741935,动物,鸟,0
燕子,有,有-脚,4.83870967741935,动物,鸟,0
燕子,可以,可以-繁衍,3.87096774193548,动物,鸟,0
燕子,是,是-小的,3.87096774193548,动物,鸟,0
燕子,有,有-头,3.87096774193548,动物,鸟,0
燕子,可以,可以-孵化,2.90322580645161,动物,鸟,1
燕子,是,是-白色的,2.90322580645161,动物,鸟,0
燕子,像,像-大雁,2.90322580645161,动物,鸟,0
燕子,像,像-飞机,2.90322580645161,动物,鸟,0
燕子,像,像-喜鹊,2.90322580645161,动物,鸟,0
燕子,需要,需要-保护,2.90322580645161,动物,鸟,0
燕子,需要,需要-阳光,2.90322580645161,动物,鸟,0
燕子,有,有-两只脚,2.90322580645161,动物,鸟,1
燕子,可以,可以-捕虫,1.93548387096774,动物,鸟,1
燕子,可以,可以-叫,1.93548387096774,动物,鸟,0
燕子,可以,可以-迁徙,1.93548387096774,动物,鸟,0
燕子,可以,可以-衔泥,1.93548387096774,动物,鸟,1
燕子,其他,其他-候鸟,1.93548387096774,动物,鸟,0
燕子,是,是-黑白的,1.93548387096774,动物,鸟,0
燕子,是,是-可爱的,1.93548387096774,动物,鸟,0
燕子,是,是-灵活的,1.93548387096774,动物,鸟,1
燕子,是,是-小巧的,1.93548387096774,动物,鸟,0
燕子,像,像-鸽子,1.93548387096774,动物,鸟,0
燕子,像,像-啄木鸟,1.93548387096774,动物,鸟,0
燕子,有,有-剪刀似的尾巴,1.93548387096774,动物,鸟,1
椅子,是,是-家具,16.0,人造物,家具,1
椅子,是,是-木的,13.0,人造物,家具,0
椅子,有,有-靠背,12.0,人造物,家具,1
椅子,有,有-四条腿,8.0,人造物,家具,0
椅子,有,有-腿,7.0,人造物,家具,0
椅子,可以,可以-休息,6.0,人造物,家具,0
椅子,是,是-硬的,6.0,人造物,家具,0
椅子,是,是-凳子,5.0,人造物,家具,0
椅子,需要,需要-制造,5.0,人造物,家具,0
椅子,有,有-椅背,5.0,人造物,家具,0
椅子,有,有-椅子腿,5.0,人造物,家具,1
椅子,像,像-积木,4.0,人造物,家具,0
椅子,像,像-沙发,4.0,人造物,家具,0
椅子,有,有-扶手,4.0,人造物,家具,0
椅子,可以,可以-储物,3.0,人造物,家具,0
椅子,是,是-金属,3.0,人造物,家具,0
椅子,是,是-生活用品,3.0,人造物,家具,0
椅子,像,像-床,3.0,人造物,家具,0
椅子,像,像-树,3.0,人造物,家具,0
椅子,像,像-桌子,3.0,人造物,家具,0
椅子,有,有-椅腿,3.0,人造物,家具,1
椅子,有,有-座位,3.0,人造物,家具,1
椅子,可以,可以-承重,2.0,人造物,家具,0
椅子,可以,可以-靠着,2.0,人造物,家具,1
椅子,可以,可以-使用,2.0,人造物,家具,0
椅子,可以,可以-坐,2.0,人造物,家具,1
椅子,是,是-工具,2.0,人造物,家具,0
椅子,是,是-人造的,2.0,人造物,家具,1
椅子,是,是-塑料,2.0,人造物,家具,1
椅子,是,是-物品,2.0,人造物,家具,1
椅子,是,是-圆柱形,2.0,人造物,家具,0
椅子,像,像-板凳,2.0,人造物,家具,0
椅子,需要,需要-保养,2.0,人造物,家具,0
椅子,有,有-多种型号,2.0,人造物,家具,0
椅子,有,有-多种样式,2.0,人造物,家具,0
椅子,有,有-脚,2.0,人造物,家具,0
椅子,有,有-空间,2.0,人造物,家具,1
椅子,有,有-木板,2.0,人造物,家具,0
椅子,有,有-四个腿,2.0,人造物,家具,0
椅子,有,有-椅面,2.0,人造物,家具,1
椅子,有,有-支撑,2.0,人造物,家具,1
椅子,有,有-座垫,2.0,人造物,家具,0
雨伞,可以,可以-挡雨,18.0,人造物,工具,0
雨伞,像,像-蘑菇,15.0,人造物,工具,0
雨伞,是,是-工具,13.0,人造物,工具,1
雨伞,有,有-伞柄,12.0,人造物,工具,1
雨伞,需要,需要-制造,9.0,人造物,工具,0
雨伞,有,有-多种颜色,7.0,人造物,工具,1
雨伞,可以,可以-防水,6.0,人造物,工具,0
雨伞,有,有-伞面,6.0,人造物,工具,1
雨伞,可以,可以-打开,5.0,人造物,工具,0
雨伞,可以,可以-买卖,5.0,人造物,工具,0
雨伞,是,是-生活用品,5.0,人造物,工具,0
雨伞,是,是-雨具,5.0,人造物,工具,0
雨伞,需要,需要-撑开,5.0,人造物,工具,0
雨伞,有,有-把手,5.0,人造物,工具,0
雨伞,有,有-多种样式,5.0,人造物,工具,0
雨伞,有,有-支架,5.0,人造物,工具,1
雨伞,是,是-圆形,4.0,人造物,工具,0
雨伞,有,有-多种型号,4.0,人造物,工具,0
雨伞,有,有-伞布,4.0,人造物,工具,1
雨伞,可以,可以-挡风,3.0,人造物,工具,1
雨伞,可以,可以-防晒,3.0,人造物,工具,0
雨伞,可以,可以-防身,3.0,人造物,工具,0
雨伞,是,是-便携的,3.0,人造物,工具,0
雨伞,是,是-伞,3.0,人造物,工具,0
雨伞,像,像-盾牌,3.0,人造物,工具,0
雨伞,需要,需要-保存,3.0,人造物,工具,0
雨伞,有,有-布,3.0,人造物,工具,0
雨伞,有,有-多种种类,3.0,人造物,工具,1
雨伞,有,有-伞骨,3.0,人造物,工具,0
雨伞,有,有-伞架,3.0,人造物,工具,0
雨伞,可以,可以-伸缩,2.0,人造物,工具,0
雨伞,像,像-降落伞,2.0,人造物,工具,1
雨伞,像,像-雨衣,2.0,人造物,工具,0
雨伞,需要,需要-晾干,2.0,人造物,工具,1
雨伞,需要,需要-随身携带,2.0,人造物,工具,0
雨伞,有,有-多种材质,2.0,人造物,工具,0
雨伞,有,有-图案,2.0,人造物,工具,1
直升机,可以,可以-飞,22.0,交通工具,飞机,0
直升机,是,是-飞机,19.0,交通工具,飞机,1
直升机,有,有-螺旋桨,18.0,交通工具,飞机,0
直升机,是,是-工具,13.0,交通工具,飞机,1
直升机,其他,其他-交通,10.0,交通工具,飞机,1
直升机,有,有-机翼,10.0,交通工具,飞机,1
直升机,像,像-鸟,8.0,交通工具,飞机,0
直升机,有,有-机身,7.0,交通工具,飞机,0
直升机,可以,可以-救援,5.0,交通工具,飞机,1
直升机,像,像-竹蜻蜓,5.0,交通工具,飞机,0
直升机,需要,需要-动力,5.0,交通工具,飞机,0
直升机,需要,需要-驾驶,5.0,交通工具,飞机,0
直升机,需要,需要-司机,5.0,交通工具,飞机,1
直升机,有,有-驾驶室,5.0,交通工具,飞机,1
直升机,是,是-大的,4.0,交通工具,飞机,0
直升机,是,是-器械,4.0,交通工具,飞机,1
直升机,需要,需要-飞行员,4.0,交通工具,飞机,1
直升机,需要,需要-燃料,4.0,交通工具,飞机,0
直升机,需要,需要-油,4.0,交通工具,飞机,0
直升机,有,有-发动机,4.0,交通工具,飞机,0
直升机,有,有-机舱,4.0,交通工具,飞机,1
直升机,是,是-人造的,3.0,交通工具,飞机,0
直升机,是,是-一种飞机,3.0,交通工具,飞机,0
直升机,像,像-蜻蜓,3.0,交通工具,飞机,0
直升机,需要,需要-加油,3.0,交通工具,飞机,1
直升机,有,有-座位,3.0,交通工具,飞机,0
直升机,可以,可以-代步,2.0,交通工具,飞机,0
直升机,可以,可以-滑行,2.0,交通工具,飞机,0
直升机,可以,可以-科研,2.0,交通工具,飞机,1
直升机,可以,可以-升空,2.0,交通工具,飞机,0
直升机,可以,可以-探测,2.0,交通工具,飞机,1
直升机,是,是-飞行器,2.0,交通工具,飞机,1
直升机,是,是-高科技,2.0,交通工具,飞机,0
直升机,是,是-小的,2.0,交通工具,飞机,1
直升机,是,是-战争,2.0,交通工具,飞机,0
直升机,像,像-火箭,2.0,交通工具,飞机,0
直升机,像,像-鲸鱼,2.0,交通工具,飞机,0
直升机,需要,需要-研究,2.0,交通工具,飞机,0
直升机,需要,需要-制造,2.0,交通工具,飞机,1
直升机,有,有-玻璃,2.0,交通工具,飞机,1
直升机,有,有-单旋翼式,2.0,交通工具,飞机,0
直升机,有,有-机尾,2.0,交通工具,飞机,0
直升机,有,有-双旋翼式,2.0,交通工具,飞机,0
直升机,有,有-引擎,2.0,交通工具,飞机,0
